id,slug,commonName,scientificName,taxonGroup,endemic,conservationStatus,fluRisk,fluStatus,fluStatusUpdatedAt,regions,bio,endemicVerified,endemicSourceUrl,conservationStatusVerified,conservationStatusSourceUrl,fluRiskVerified,fluRiskSourceUrl,researchStatus
,fregata-andrewsi,Christmas Island Frigatebird,Fregata andrewsi,Birds,,Endangered,Extreme,,,,,,,True,https://www.dcceew.gov.au/sites/default/files/documents/national-risk-scores-h5-bird-flu-native-birds-mammals.pdf,True,https://www.dcceew.gov.au/sites/default/files/documents/national-risk-scores-h5-bird-flu-native-birds-mammals.pdf,
,anous-tenuirostris-melanops,Houtman Abrolhos Lesser Noddy,Anous tenuirostris melanops,Birds,,Vulnerable,Very high,,,,,,,True,https://www.dcceew.gov.au/sites/default/files/documents/national-risk-scores-h5-bird-flu-native-birds-mammals.pdf,True,https://www.dcceew.gov.au/sites/default/files/documents/national-risk-scores-h5-bird-flu-native-birds-mammals.pdf,
,pterodroma-heraldica,Herald Petrel,Pterodroma heraldica,Birds,,Endangered,Very high,,,,,,,True,https://www.dcceew.gov.au/sites/default/files/documents/national-risk-scores-h5-bird-flu-native-birds-mammals.pdf,True,https://www.dcceew.gov.au/sites/default/files/documents/national-risk-scores-h5-bird-flu-native-birds-mammals.pdf,
,leucocarbo-atriceps-nivalis,"Imperial Shag (Heard Island), Heard Shag",Leucocarbo atriceps nivalis,Birds,,Vulnerable,Very high,,,,,,,True,https://www.dcceew.gov.au/sites/default/files/documents/national-risk-scores-h5-bird-flu-native-birds-mammals.pdf,True,https://www.dcceew.gov.au/sites/default/files/documents/national-risk-scores-h5-bird-flu-native-birds-mammals.pdf,
,leucocarbo-atriceps-purpurascens,Imperial Shag (Macquarie Island),Leucocarbo atriceps purpurascens,Birds,,Vulnerable,Very high,,,,,,,True,https://www.dcceew.gov.au/sites/default/files/documents/national-risk-scores-h5-bird-flu-native-birds-mammals.pdf,True,https://www.dcceew.gov.au/sites/default/files/documents/national-risk-scores-h5-bird-flu-native-birds-mammals.pdf,
,stenella-longirostris,Long-snouted Spinner Dolphin,Stenella longirostris,Mammals,,,High,,,,,,,True,https://www.dcceew.gov.au/sites/default/files/documents/national-risk-scores-h5-bird-flu-native-birds-mammals.pdf,True,https://www.dcceew.gov.au/sites/default/files/documents/national-risk-scores-h5-bird-flu-native-birds-mammals.pdf,
,steno-bredanensis,Rough-toothed Dolphin,Steno bredanensis,Mammals,,,High,,,,,,,True,https://www.dcceew.gov.au/sites/default/files/documents/national-risk-scores-h5-bird-flu-native-birds-mammals.pdf,True,https://www.dcceew.gov.au/sites/default/files/documents/national-risk-scores-h5-bird-flu-native-birds-mammals.pdf,
,lagenodelphis-hosei,Fraser's Dolphin,Lagenodelphis hosei,Mammals,,,High,,,,,,,True,https://www.dcceew.gov.au/sites/default/files/documents/national-risk-scores-h5-bird-flu-native-birds-mammals.pdf,True,https://www.dcceew.gov.au/sites/default/files/documents/national-risk-scores-h5-bird-flu-native-birds-mammals.pdf,
,lagenorhynchus-cruciger,Hourglass Dolphin,Lagenorhynchus cruciger,Mammals,,,High,,,,,,,True,https://www.dcceew.gov.au/sites/default/files/documents/national-risk-scores-h5-bird-flu-native-birds-mammals.pdf,True,https://www.dcceew.gov.au/sites/default/files/documents/national-risk-scores-h5-bird-flu-native-birds-mammals.pdf,
,lissodelphis-peronii,Southern Right Whale Dolphin,Lissodelphis peronii,Mammals,,,High,,,,,,,True,https://www.dcceew.gov.au/sites/default/files/documents/national-risk-scores-h5-bird-flu-native-birds-mammals.pdf,True,https://www.dcceew.gov.au/sites/default/files/documents/national-risk-scores-h5-bird-flu-native-birds-mammals.pdf,
,peponocephala-electra,Melon-headed Whale,Peponocephala electra,Mammals,,,High,,,,,,,True,https://www.dcceew.gov.au/sites/default/files/documents/national-risk-scores-h5-bird-flu-native-birds-mammals.pdf,True,https://www.dcceew.gov.au/sites/default/files/documents/national-risk-scores-h5-bird-flu-native-birds-mammals.pdf,
,stenella-attenuata,Pantropical Spotted Dolphin,Stenella attenuata,Mammals,,,High,,,,,,,True,https://www.dcceew.gov.au/sites/default/files/documents/national-risk-scores-h5-bird-flu-native-birds-mammals.pdf,True,https://www.dcceew.gov.au/sites/default/files/documents/national-risk-scores-h5-bird-flu-native-birds-mammals.pdf,
,stenella-coeruleoalba,Striped Dolphin,Stenella coeruleoalba,Mammals,,,High,,,,,,,True,https://www.dcceew.gov.au/sites/default/files/documents/national-risk-scores-h5-bird-flu-native-birds-mammals.pdf,True,https://www.dcceew.gov.au/sites/default/files/documents/national-risk-scores-h5-bird-flu-native-birds-mammals.pdf,
,delphinus-delphis,Common Dolphin,Delphinus delphis,Mammals,,,Very high,,,,,,,True,https://www.dcceew.gov.au/sites/default/files/documents/national-risk-scores-h5-bird-flu-native-birds-mammals.pdf,True,https://www.dcceew.gov.au/sites/default/files/documents/national-risk-scores-h5-bird-flu-native-birds-mammals.pdf,
,feresa-attenuata,Pygmy Killer Whale,Feresa attenuata,Mammals,,,High,,,,,,,True,https://www.dcceew.gov.au/sites/default/files/documents/national-risk-scores-h5-bird-flu-native-birds-mammals.pdf,True,https://www.dcceew.gov.au/sites/default/files/documents/national-risk-scores-h5-bird-flu-native-birds-mammals.pdf,
,tursiops-truncatus,Bottlenose Dolphin,Tursiops truncatus,Mammals,,,High,,,,,,,True,https://www.dcceew.gov.au/sites/default/files/documents/national-risk-scores-h5-bird-flu-native-birds-mammals.pdf,True,https://www.dcceew.gov.au/sites/default/files/documents/national-risk-scores-h5-bird-flu-native-birds-mammals.pdf,
,cisticola-juncidis-normani,Normanton Zitting Cisticola,Cisticola juncidis normani,Birds,,,High,,,,,,,True,https://www.dcceew.gov.au/sites/default/files/documents/national-risk-scores-h5-bird-flu-native-birds-mammals.pdf,True,https://www.dcceew.gov.au/sites/default/files/documents/national-risk-scores-h5-bird-flu-native-birds-mammals.pdf,
,phalacrocorax-carbo,Great Cormorant,Phalacrocorax carbo,Birds,,,Very high,,,,,,,True,https://www.dcceew.gov.au/sites/default/files/documents/national-risk-scores-h5-bird-flu-native-birds-mammals.pdf,True,https://www.dcceew.gov.au/sites/default/files/documents/national-risk-scores-h5-bird-flu-native-birds-mammals.pdf,
,phalacrocorax-carbo-novaehollandiae,Great Cormorant,Phalacrocorax carbo novaehollandiae,Birds,,,Very high,,,,,,,True,https://www.dcceew.gov.au/sites/default/files/documents/national-risk-scores-h5-bird-flu-native-birds-mammals.pdf,True,https://www.dcceew.gov.au/sites/default/files/documents/national-risk-scores-h5-bird-flu-native-birds-mammals.pdf,
,phalacrocorax-varius,Pied Cormorant,Phalacrocorax varius,Birds,,,Very high,,,,,,,True,https://www.dcceew.gov.au/sites/default/files/documents/national-risk-scores-h5-bird-flu-native-birds-mammals.pdf,True,https://www.dcceew.gov.au/sites/default/files/documents/national-risk-scores-h5-bird-flu-native-birds-mammals.pdf,
,phalacrocorax-varius-hypoleucos,Australian Pied Cormorant,Phalacrocorax varius hypoleucos,Birds,,,Very high,,,,,,,True,https://www.dcceew.gov.au/sites/default/files/documents/national-risk-scores-h5-bird-flu-native-birds-mammals.pdf,True,https://www.dcceew.gov.au/sites/default/files/documents/national-risk-scores-h5-bird-flu-native-birds-mammals.pdf,
,phalacrocorax-sulcirostris,Little Black Cormorant,Phalacrocorax sulcirostris,Birds,,,Very high,,,,,,,True,https://www.dcceew.gov.au/sites/default/files/documents/national-risk-scores-h5-bird-flu-native-birds-mammals.pdf,True,https://www.dcceew.gov.au/sites/default/files/documents/national-risk-scores-h5-bird-flu-native-birds-mammals.pdf,
,microcarbo-melanoleucos,Little Pied Cormorant,Microcarbo melanoleucos,Birds,,,Very high,,,,,,,True,https://www.dcceew.gov.au/sites/default/files/documents/national-risk-scores-h5-bird-flu-native-birds-mammals.pdf,True,https://www.dcceew.gov.au/sites/default/files/documents/national-risk-scores-h5-bird-flu-native-birds-mammals.pdf,
,microcarbo-melanoleucos-melanoleucos,Australasian Little Pied Cormorant,Microcarbo melanoleucos melanoleucos,Birds,,,Very high,,,,,,,True,https://www.dcceew.gov.au/sites/default/files/documents/national-risk-scores-h5-bird-flu-native-birds-mammals.pdf,True,https://www.dcceew.gov.au/sites/default/files/documents/national-risk-scores-h5-bird-flu-native-birds-mammals.pdf,
,tribonyx-ventralis,Black-tailed Native-hen,Tribonyx ventralis,Birds,,,Very high,,,,,,,True,https://www.dcceew.gov.au/sites/default/files/documents/national-risk-scores-h5-bird-flu-native-birds-mammals.pdf,True,https://www.dcceew.gov.au/sites/default/files/documents/national-risk-scores-h5-bird-flu-native-birds-mammals.pdf,
,antigone-rubicunda,Brolga,Antigone rubicunda,Birds,,,Very high,,,,,,,True,https://www.dcceew.gov.au/sites/default/files/documents/national-risk-scores-h5-bird-flu-native-birds-mammals.pdf,True,https://www.dcceew.gov.au/sites/default/files/documents/national-risk-scores-h5-bird-flu-native-birds-mammals.pdf,
,corvus-tasmanicus,Forest Raven,Corvus tasmanicus,Birds,,,High,,,,,,,True,https://www.dcceew.gov.au/sites/default/files/documents/national-risk-scores-h5-bird-flu-native-birds-mammals.pdf,True,https://www.dcceew.gov.au/sites/default/files/documents/national-risk-scores-h5-bird-flu-native-birds-mammals.pdf,
,anous-albivitta-albivitta,Western Pacific Grey Noddy,Anous albivitta albivitta,Birds,,,High,,,,,,,True,https://www.dcceew.gov.au/sites/default/files/documents/national-risk-scores-h5-bird-flu-native-birds-mammals.pdf,True,https://www.dcceew.gov.au/sites/default/files/documents/national-risk-scores-h5-bird-flu-native-birds-mammals.pdf,
,spatula-rhynchotis,Australasian Shoveler,Spatula rhynchotis,Birds,,,Very high,,,,,,,True,https://www.dcceew.gov.au/sites/default/files/documents/national-risk-scores-h5-bird-flu-native-birds-mammals.pdf,True,https://www.dcceew.gov.au/sites/default/files/documents/national-risk-scores-h5-bird-flu-native-birds-mammals.pdf,
,cygnus-atratus,Black Swan,Cygnus atratus,Birds,,,Very high,,,,,,,True,https://www.dcceew.gov.au/sites/default/files/documents/national-risk-scores-h5-bird-flu-native-birds-mammals.pdf,True,https://www.dcceew.gov.au/sites/default/files/documents/national-risk-scores-h5-bird-flu-native-birds-mammals.pdf,
,cereopsis-novaehollandiae,Cape Barren Goose,Cereopsis novaehollandiae,Birds,,,High,,,,,,,True,https://www.dcceew.gov.au/sites/default/files/documents/national-risk-scores-h5-bird-flu-native-birds-mammals.pdf,True,https://www.dcceew.gov.au/sites/default/files/documents/national-risk-scores-h5-bird-flu-native-birds-mammals.pdf,
,cereopsis-novaehollandiae-novaehollandiae,Eastern Cape Barren Goose,Cereopsis novaehollandiae novaehollandiae,Birds,,,High,,,,,,,True,https://www.dcceew.gov.au/sites/default/files/documents/national-risk-scores-h5-bird-flu-native-birds-mammals.pdf,True,https://www.dcceew.gov.au/sites/default/files/documents/national-risk-scores-h5-bird-flu-native-birds-mammals.pdf,
,anas-eatoni,Eaton's pintail,Anas eatoni,Birds,,,High,,,,,,,True,https://www.dcceew.gov.au/sites/default/files/documents/national-risk-scores-h5-bird-flu-native-birds-mammals.pdf,True,https://www.dcceew.gov.au/sites/default/files/documents/national-risk-scores-h5-bird-flu-native-birds-mammals.pdf,
,spatula-querquedula,Garganey,Spatula querquedula,Birds,,,High,,,,,,,True,https://www.dcceew.gov.au/sites/default/files/documents/national-risk-scores-h5-bird-flu-native-birds-mammals.pdf,True,https://www.dcceew.gov.au/sites/default/files/documents/national-risk-scores-h5-bird-flu-native-birds-mammals.pdf,
,anas-gracilis,Grey Teal,Anas gracilis,Birds,,,Very high,,,,,,,True,https://www.dcceew.gov.au/sites/default/files/documents/national-risk-scores-h5-bird-flu-native-birds-mammals.pdf,True,https://www.dcceew.gov.au/sites/default/files/documents/national-risk-scores-h5-bird-flu-native-birds-mammals.pdf,
,anas-gracilis-gracilis,Anas gracilis gracilis,Anas gracilis gracilis,Birds,,,Very high,,,,,,,True,https://www.dcceew.gov.au/sites/default/files/documents/national-risk-scores-h5-bird-flu-native-birds-mammals.pdf,True,https://www.dcceew.gov.au/sites/default/files/documents/national-risk-scores-h5-bird-flu-native-birds-mammals.pdf,
,aythya-australis,Hardhead,Aythya australis,Birds,,,Very high,,,,,,,True,https://www.dcceew.gov.au/sites/default/files/documents/national-risk-scores-h5-bird-flu-native-birds-mammals.pdf,True,https://www.dcceew.gov.au/sites/default/files/documents/national-risk-scores-h5-bird-flu-native-birds-mammals.pdf,
,biziura-lobata,Musk Duck,Biziura lobata,Birds,,,Very high,,,,,,,True,https://www.dcceew.gov.au/sites/default/files/documents/national-risk-scores-h5-bird-flu-native-birds-mammals.pdf,True,https://www.dcceew.gov.au/sites/default/files/documents/national-risk-scores-h5-bird-flu-native-birds-mammals.pdf,
,biziura-lobata-lobata,Musk Duck,Biziura lobata lobata,Birds,,,Very high,,,,,,,True,https://www.dcceew.gov.au/sites/default/files/documents/national-risk-scores-h5-bird-flu-native-birds-mammals.pdf,True,https://www.dcceew.gov.au/sites/default/files/documents/national-risk-scores-h5-bird-flu-native-birds-mammals.pdf,
,biziura-lobata-menziesi,Musk Duck,Biziura lobata menziesi,Birds,,,Very high,,,,,,,True,https://www.dcceew.gov.au/sites/default/files/documents/national-risk-scores-h5-bird-flu-native-birds-mammals.pdf,True,https://www.dcceew.gov.au/sites/default/files/documents/national-risk-scores-h5-bird-flu-native-birds-mammals.pdf,
,malacorhynchus-membranaceus,Pink-eared Duck,Malacorhynchus membranaceus,Birds,,,Very high,,,,,,,True,https://www.dcceew.gov.au/sites/default/files/documents/national-risk-scores-h5-bird-flu-native-birds-mammals.pdf,True,https://www.dcceew.gov.au/sites/default/files/documents/national-risk-scores-h5-bird-flu-native-birds-mammals.pdf,
,dendrocygna-eytoni,Plumed Whistling-Duck,Dendrocygna eytoni,Birds,,,Very high,,,,,,,True,https://www.dcceew.gov.au/sites/default/files/documents/national-risk-scores-h5-bird-flu-native-birds-mammals.pdf,True,https://www.dcceew.gov.au/sites/default/files/documents/national-risk-scores-h5-bird-flu-native-birds-mammals.pdf,
,dendrocygna-guttata,Spotted Whistling-Duck,Dendrocygna guttata,Birds,,,Very high,,,,,,,True,https://www.dcceew.gov.au/sites/default/files/documents/national-risk-scores-h5-bird-flu-native-birds-mammals.pdf,True,https://www.dcceew.gov.au/sites/default/files/documents/national-risk-scores-h5-bird-flu-native-birds-mammals.pdf,
,dendrocygna-arcuata-australis,Torresian Wandering Whistling-Duck,Dendrocygna arcuata australis,Birds,,,Very high,,,,,,,True,https://www.dcceew.gov.au/sites/default/files/documents/national-risk-scores-h5-bird-flu-native-birds-mammals.pdf,True,https://www.dcceew.gov.au/sites/default/files/documents/national-risk-scores-h5-bird-flu-native-birds-mammals.pdf,
,elanus-scriptus,Letter-winged Kite,Elanus scriptus,Birds,,,High,,,,,,,True,https://www.dcceew.gov.au/sites/default/files/documents/national-risk-scores-h5-bird-flu-native-birds-mammals.pdf,True,https://www.dcceew.gov.au/sites/default/files/documents/national-risk-scores-h5-bird-flu-native-birds-mammals.pdf,
,dromaius-baudinianus,Kangaroo Island Emu,Dromaius baudinianus,Birds,,,High,,,,,,,True,https://www.dcceew.gov.au/sites/default/files/documents/national-risk-scores-h5-bird-flu-native-birds-mammals.pdf,True,https://www.dcceew.gov.au/sites/default/files/documents/national-risk-scores-h5-bird-flu-native-birds-mammals.pdf,
,dromaius-minor,King Island Emu,Dromaius minor,Birds,,,High,,,,,,,True,https://www.dcceew.gov.au/sites/default/files/documents/national-risk-scores-h5-bird-flu-native-birds-mammals.pdf,True,https://www.dcceew.gov.au/sites/default/files/documents/national-risk-scores-h5-bird-flu-native-birds-mammals.pdf,
,fregata-ariel-ariel,Indo-Pacific Lesser Frigatebird,Fregata ariel ariel,Birds,,,High,,,,,,,True,https://www.dcceew.gov.au/sites/default/files/documents/national-risk-scores-h5-bird-flu-native-birds-mammals.pdf,True,https://www.dcceew.gov.au/sites/default/files/documents/national-risk-scores-h5-bird-flu-native-birds-mammals.pdf,
,sula-sula-rubripes,Indo-Pacific Red-footed Booby,Sula sula rubripes,Birds,,,Very high,,,,,,,True,https://www.dcceew.gov.au/sites/default/files/documents/national-risk-scores-h5-bird-flu-native-birds-mammals.pdf,True,https://www.dcceew.gov.au/sites/default/files/documents/national-risk-scores-h5-bird-flu-native-birds-mammals.pdf,
,anous-minutus-minutus,Indo-Pacific Black Noddy,Anous minutus minutus,Birds,,,Very high,,,,,,,True,https://www.dcceew.gov.au/sites/default/files/documents/national-risk-scores-h5-bird-flu-native-birds-mammals.pdf,True,https://www.dcceew.gov.au/sites/default/files/documents/national-risk-scores-h5-bird-flu-native-birds-mammals.pdf,
,sterna-sumatrana-sumatrana,Black-naped Tern,Sterna sumatrana sumatrana,Birds,,,Very high,,,,,,,True,https://www.dcceew.gov.au/sites/default/files/documents/national-risk-scores-h5-bird-flu-native-birds-mammals.pdf,True,https://www.dcceew.gov.au/sites/default/files/documents/national-risk-scores-h5-bird-flu-native-birds-mammals.pdf,
,sterna-hirundo-longipennis,Siberian Common Tern,Sterna hirundo longipennis,Birds,,,High,,,,,,,True,https://www.dcceew.gov.au/sites/default/files/documents/national-risk-scores-h5-bird-flu-native-birds-mammals.pdf,True,https://www.dcceew.gov.au/sites/default/files/documents/national-risk-scores-h5-bird-flu-native-birds-mammals.pdf,
,thalasseus-bergii-cristatus,Australasian Crested Tern,Thalasseus bergii cristatus,Birds,,,Very high,,,,,,,True,https://www.dcceew.gov.au/sites/default/files/documents/national-risk-scores-h5-bird-flu-native-birds-mammals.pdf,True,https://www.dcceew.gov.au/sites/default/files/documents/national-risk-scores-h5-bird-flu-native-birds-mammals.pdf,
,thalasseus-bengalensis-torresii,Eastern Lesser Crested Tern,Thalasseus bengalensis torresii,Birds,,,Very high,,,,,,,True,https://www.dcceew.gov.au/sites/default/files/documents/national-risk-scores-h5-bird-flu-native-birds-mammals.pdf,True,https://www.dcceew.gov.au/sites/default/files/documents/national-risk-scores-h5-bird-flu-native-birds-mammals.pdf,
,larus-pacificus-georgii,West Coast Pacific Gull,Larus pacificus georgii,Birds,,,Very high,,,,,,,True,https://www.dcceew.gov.au/sites/default/files/documents/national-risk-scores-h5-bird-flu-native-birds-mammals.pdf,True,https://www.dcceew.gov.au/sites/default/files/documents/national-risk-scores-h5-bird-flu-native-birds-mammals.pdf,
,chroicocephalus-novaehollandiae-novaehollandiae,Australian Silver Gull,Chroicocephalus novaehollandiae novaehollandiae,Birds,,,Very high,,,,,,,True,https://www.dcceew.gov.au/sites/default/files/documents/national-risk-scores-h5-bird-flu-native-birds-mammals.pdf,True,https://www.dcceew.gov.au/sites/default/files/documents/national-risk-scores-h5-bird-flu-native-birds-mammals.pdf,
,chlidonias-hybrida,Whiskered Tern,Chlidonias hybrida,Birds,,,Very high,,,,,,,True,https://www.dcceew.gov.au/sites/default/files/documents/national-risk-scores-h5-bird-flu-native-birds-mammals.pdf,True,https://www.dcceew.gov.au/sites/default/files/documents/national-risk-scores-h5-bird-flu-native-birds-mammals.pdf,
,chlidonias-hybrida-javanicus,Eastern Whiskered Tern,Chlidonias hybrida javanicus,Birds,,,Very high,,,,,,,True,https://www.dcceew.gov.au/sites/default/files/documents/national-risk-scores-h5-bird-flu-native-birds-mammals.pdf,True,https://www.dcceew.gov.au/sites/default/files/documents/national-risk-scores-h5-bird-flu-native-birds-mammals.pdf,
,chlidonias-leucopterus,White-winged Black Tern,Chlidonias leucopterus,Birds,,,Very high,,,,,,,True,https://www.dcceew.gov.au/sites/default/files/documents/national-risk-scores-h5-bird-flu-native-birds-mammals.pdf,True,https://www.dcceew.gov.au/sites/default/files/documents/national-risk-scores-h5-bird-flu-native-birds-mammals.pdf,
,ardea-alba,Great Egret,Ardea alba,Birds,,,Very high,,,,,,,True,https://www.dcceew.gov.au/sites/default/files/documents/national-risk-scores-h5-bird-flu-native-birds-mammals.pdf,True,https://www.dcceew.gov.au/sites/default/files/documents/national-risk-scores-h5-bird-flu-native-birds-mammals.pdf,
,ardea-alba-modesta,Eastern Great Egret,Ardea alba modesta,Birds,,,Very high,,,,,,,True,https://www.dcceew.gov.au/sites/default/files/documents/national-risk-scores-h5-bird-flu-native-birds-mammals.pdf,True,https://www.dcceew.gov.au/sites/default/files/documents/national-risk-scores-h5-bird-flu-native-birds-mammals.pdf,
,butorides-striata-rogersi,Eastern Striated Heron,Butorides striata rogersi,Birds,,,High,,,,,,,True,https://www.dcceew.gov.au/sites/default/files/documents/national-risk-scores-h5-bird-flu-native-birds-mammals.pdf,True,https://www.dcceew.gov.au/sites/default/files/documents/national-risk-scores-h5-bird-flu-native-birds-mammals.pdf,
,butorides-striata-stagnatilis,Western Striated Heron,Butorides striata stagnatilis,Birds,,,High,,,,,,,True,https://www.dcceew.gov.au/sites/default/files/documents/national-risk-scores-h5-bird-flu-native-birds-mammals.pdf,True,https://www.dcceew.gov.au/sites/default/files/documents/national-risk-scores-h5-bird-flu-native-birds-mammals.pdf,
,egretta-novaehollandiae,White-faced Heron,Egretta novaehollandiae,Birds,,,Very high,,,,,,,True,https://www.dcceew.gov.au/sites/default/files/documents/national-risk-scores-h5-bird-flu-native-birds-mammals.pdf,True,https://www.dcceew.gov.au/sites/default/files/documents/national-risk-scores-h5-bird-flu-native-birds-mammals.pdf,
,threskiornis-moluccus,Australian White Ibis,Threskiornis moluccus,Birds,,,Very high,,,,,,,True,https://www.dcceew.gov.au/sites/default/files/documents/national-risk-scores-h5-bird-flu-native-birds-mammals.pdf,True,https://www.dcceew.gov.au/sites/default/files/documents/national-risk-scores-h5-bird-flu-native-birds-mammals.pdf,
,threskiornis-moluccus-moluccus,Australian White Ibis,Threskiornis moluccus moluccus,Birds,,,Very high,,,,,,,True,https://www.dcceew.gov.au/sites/default/files/documents/national-risk-scores-h5-bird-flu-native-birds-mammals.pdf,True,https://www.dcceew.gov.au/sites/default/files/documents/national-risk-scores-h5-bird-flu-native-birds-mammals.pdf,
,plegadis-falcinellus,Glossy Ibis,Plegadis falcinellus,Birds,,,Very high,,,,,,,True,https://www.dcceew.gov.au/sites/default/files/documents/national-risk-scores-h5-bird-flu-native-birds-mammals.pdf,True,https://www.dcceew.gov.au/sites/default/files/documents/national-risk-scores-h5-bird-flu-native-birds-mammals.pdf,
,platalea-regia,Royal Spoonbill,Platalea regia,Birds,,,Very high,,,,,,,True,https://www.dcceew.gov.au/sites/default/files/documents/national-risk-scores-h5-bird-flu-native-birds-mammals.pdf,True,https://www.dcceew.gov.au/sites/default/files/documents/national-risk-scores-h5-bird-flu-native-birds-mammals.pdf,
,threskiornis-spinicollis,Straw-necked Ibis,Threskiornis spinicollis,Birds,,,Very high,,,,,,,True,https://www.dcceew.gov.au/sites/default/files/documents/national-risk-scores-h5-bird-flu-native-birds-mammals.pdf,True,https://www.dcceew.gov.au/sites/default/files/documents/national-risk-scores-h5-bird-flu-native-birds-mammals.pdf,
,platalea-flavipes,Yellow-billed Spoonbill,Platalea flavipes,Birds,,,Very high,,,,,,,True,https://www.dcceew.gov.au/sites/default/files/documents/national-risk-scores-h5-bird-flu-native-birds-mammals.pdf,True,https://www.dcceew.gov.au/sites/default/files/documents/national-risk-scores-h5-bird-flu-native-birds-mammals.pdf,
,tyto-tenebricosa,Greater Sooty Owl,Tyto tenebricosa,Birds,,,High,,,,,,,True,https://www.dcceew.gov.au/sites/default/files/documents/national-risk-scores-h5-bird-flu-native-birds-mammals.pdf,True,https://www.dcceew.gov.au/sites/default/files/documents/national-risk-scores-h5-bird-flu-native-birds-mammals.pdf,
,tyto-tenebricosa-tenebricosa,Greater Sooty Owl,Tyto tenebricosa tenebricosa,Birds,,,High,,,,,,,True,https://www.dcceew.gov.au/sites/default/files/documents/national-risk-scores-h5-bird-flu-native-birds-mammals.pdf,True,https://www.dcceew.gov.au/sites/default/files/documents/national-risk-scores-h5-bird-flu-native-birds-mammals.pdf,
,tyto-multipunctata,Lesser Sooty Owl,Tyto multipunctata,Birds,,,High,,,,,,,True,https://www.dcceew.gov.au/sites/default/files/documents/national-risk-scores-h5-bird-flu-native-birds-mammals.pdf,True,https://www.dcceew.gov.au/sites/default/files/documents/national-risk-scores-h5-bird-flu-native-birds-mammals.pdf,
,alectura-lathami-purpureicollis,Cape York Australian Brush-turkey,Alectura lathami purpureicollis,Birds,,,High,,,,,,,True,https://www.dcceew.gov.au/sites/default/files/documents/national-risk-scores-h5-bird-flu-native-birds-mammals.pdf,True,https://www.dcceew.gov.au/sites/default/files/documents/national-risk-scores-h5-bird-flu-native-birds-mammals.pdf,
,eudyptes-pachyrhynchus,Fiordland Penguin,Eudyptes pachyrhynchus,Birds,,,High,,,,,,,True,https://www.dcceew.gov.au/sites/default/files/documents/national-risk-scores-h5-bird-flu-native-birds-mammals.pdf,True,https://www.dcceew.gov.au/sites/default/files/documents/national-risk-scores-h5-bird-flu-native-birds-mammals.pdf,
,pygoscelis-papua-papua,Subantarctic Gentoo Penguin,Pygoscelis papua papua,Birds,,,High,,,,,,,True,https://www.dcceew.gov.au/sites/default/files/documents/national-risk-scores-h5-bird-flu-native-birds-mammals.pdf,True,https://www.dcceew.gov.au/sites/default/files/documents/national-risk-scores-h5-bird-flu-native-birds-mammals.pdf,
,eudyptes-chrysocome-chrysocome,South American Southern Rockhopper Penguin,Eudyptes chrysocome chrysocome,Birds,,,High,,,,,,,True,https://www.dcceew.gov.au/sites/default/files/documents/national-risk-scores-h5-bird-flu-native-birds-mammals.pdf,True,https://www.dcceew.gov.au/sites/default/files/documents/national-risk-scores-h5-bird-flu-native-birds-mammals.pdf,
,eudyptes-chrysocome-filholi,Eastern Rockhopper Penguin,Eudyptes chrysocome filholi,Birds,,,High,,,,,,,True,https://www.dcceew.gov.au/sites/default/files/documents/national-risk-scores-h5-bird-flu-native-birds-mammals.pdf,True,https://www.dcceew.gov.au/sites/default/files/documents/national-risk-scores-h5-bird-flu-native-birds-mammals.pdf,
,pachyptila-turtur-turtur,Northern Fairy Prion,Pachyptila turtur turtur,Birds,,,Very high,,,,,,,True,https://www.dcceew.gov.au/sites/default/files/documents/national-risk-scores-h5-bird-flu-native-birds-mammals.pdf,True,https://www.dcceew.gov.au/sites/default/files/documents/national-risk-scores-h5-bird-flu-native-birds-mammals.pdf,
,motacilla-alba,White Wagtail,Motacilla alba,Birds,,,High,,,,,,,True,https://www.dcceew.gov.au/sites/default/files/documents/national-risk-scores-h5-bird-flu-native-birds-mammals.pdf,True,https://www.dcceew.gov.au/sites/default/files/documents/national-risk-scores-h5-bird-flu-native-birds-mammals.pdf,
,motacilla-alba-leucopsis,Central Asian White Wagtail,Motacilla alba leucopsis,Birds,,,High,,,,,,,True,https://www.dcceew.gov.au/sites/default/files/documents/national-risk-scores-h5-bird-flu-native-birds-mammals.pdf,True,https://www.dcceew.gov.au/sites/default/files/documents/national-risk-scores-h5-bird-flu-native-birds-mammals.pdf,
,elseyornis-melanops,Black-fronted Dotterel,Elseyornis melanops,Birds,,,Very high,,,,,,,True,https://www.dcceew.gov.au/sites/default/files/documents/national-risk-scores-h5-bird-flu-native-birds-mammals.pdf,True,https://www.dcceew.gov.au/sites/default/files/documents/national-risk-scores-h5-bird-flu-native-birds-mammals.pdf,
,erythrogonys-cinctus,Red-kneed Dotterel,Erythrogonys cinctus,Birds,,,Very high,,,,,,,True,https://www.dcceew.gov.au/sites/default/files/documents/national-risk-scores-h5-bird-flu-native-birds-mammals.pdf,True,https://www.dcceew.gov.au/sites/default/files/documents/national-risk-scores-h5-bird-flu-native-birds-mammals.pdf,
,cladorhynchus-leucocephalus,Banded Stilt,Cladorhynchus leucocephalus,Birds,,,Very high,,,,,,,True,https://www.dcceew.gov.au/sites/default/files/documents/national-risk-scores-h5-bird-flu-native-birds-mammals.pdf,True,https://www.dcceew.gov.au/sites/default/files/documents/national-risk-scores-h5-bird-flu-native-birds-mammals.pdf,
,strepera-graculina-robinsoni,Wet Tropics Pied Currawong,Strepera graculina robinsoni,Birds,,,High,,,,,,,True,https://www.dcceew.gov.au/sites/default/files/documents/national-risk-scores-h5-bird-flu-native-birds-mammals.pdf,True,https://www.dcceew.gov.au/sites/default/files/documents/national-risk-scores-h5-bird-flu-native-birds-mammals.pdf,
,balaenoptera-borealis,Sei Whale,Balaenoptera borealis,Mammals,,Vulnerable,High,,,,,,,True,https://www.dcceew.gov.au/sites/default/files/documents/national-risk-scores-h5-bird-flu-native-birds-mammals.pdf,True,https://www.dcceew.gov.au/sites/default/files/documents/national-risk-scores-h5-bird-flu-native-birds-mammals.pdf,
,balaenoptera-musculus,Blue Whale,Balaenoptera musculus,Mammals,,Endangered,High,,,,,,,True,https://www.dcceew.gov.au/sites/default/files/documents/national-risk-scores-h5-bird-flu-native-birds-mammals.pdf,True,https://www.dcceew.gov.au/sites/default/files/documents/national-risk-scores-h5-bird-flu-native-birds-mammals.pdf,
,balaenoptera-physalus,Fin Whale,Balaenoptera physalus,Mammals,,Vulnerable,High,,,,,,,True,https://www.dcceew.gov.au/sites/default/files/documents/national-risk-scores-h5-bird-flu-native-birds-mammals.pdf,True,https://www.dcceew.gov.au/sites/default/files/documents/national-risk-scores-h5-bird-flu-native-birds-mammals.pdf,
,eubalaena-australis,Southern Right Whale,Eubalaena australis,Mammals,,Endangered,High,,,,,,,True,https://www.dcceew.gov.au/sites/default/files/documents/national-risk-scores-h5-bird-flu-native-birds-mammals.pdf,True,https://www.dcceew.gov.au/sites/default/files/documents/national-risk-scores-h5-bird-flu-native-birds-mammals.pdf,
,lagenorhynchus-obscurus,Dusky Dolphin,Lagenorhynchus obscurus,Mammals,,,Very high,,,,,,,True,https://www.dcceew.gov.au/sites/default/files/documents/national-risk-scores-h5-bird-flu-native-birds-mammals.pdf,True,https://www.dcceew.gov.au/sites/default/files/documents/national-risk-scores-h5-bird-flu-native-birds-mammals.pdf,
,pseudorca-crassidens,False Killer Whale,Pseudorca crassidens,Mammals,,,High,,,,,,,True,https://www.dcceew.gov.au/sites/default/files/documents/national-risk-scores-h5-bird-flu-native-birds-mammals.pdf,True,https://www.dcceew.gov.au/sites/default/files/documents/national-risk-scores-h5-bird-flu-native-birds-mammals.pdf,
,physeter-macrocephalus,Sperm Whale,Physeter macrocephalus,Mammals,,,High,,,,,,,True,https://www.dcceew.gov.au/sites/default/files/documents/national-risk-scores-h5-bird-flu-native-birds-mammals.pdf,True,https://www.dcceew.gov.au/sites/default/files/documents/national-risk-scores-h5-bird-flu-native-birds-mammals.pdf,
,sarcophilus-harrisii,Tasmanian Devil,Sarcophilus harrisii,Mammals,,Endangered,High,,,,,,,True,https://www.dcceew.gov.au/sites/default/files/documents/national-risk-scores-h5-bird-flu-native-birds-mammals.pdf,True,https://www.dcceew.gov.au/sites/default/files/documents/national-risk-scores-h5-bird-flu-native-birds-mammals.pdf,
,sterna-striata,White-fronted Tern,Sterna striata,Birds,,,High,,,,,,,True,https://www.dcceew.gov.au/sites/default/files/documents/national-risk-scores-h5-bird-flu-native-birds-mammals.pdf,True,https://www.dcceew.gov.au/sites/default/files/documents/national-risk-scores-h5-bird-flu-native-birds-mammals.pdf,
,sterna-sumatrana,Black-naped Tern,Sterna sumatrana,Birds,,,Very high,,,,,,,True,https://www.dcceew.gov.au/sites/default/files/documents/national-risk-scores-h5-bird-flu-native-birds-mammals.pdf,True,https://www.dcceew.gov.au/sites/default/files/documents/national-risk-scores-h5-bird-flu-native-birds-mammals.pdf,
,larus-dominicanus,Kelp Gull,Larus dominicanus,Birds,,,Very high,,,,,,,True,https://www.dcceew.gov.au/sites/default/files/documents/national-risk-scores-h5-bird-flu-native-birds-mammals.pdf,True,https://www.dcceew.gov.au/sites/default/files/documents/national-risk-scores-h5-bird-flu-native-birds-mammals.pdf,
,larus-novaehollandiae,Silver Gull,Larus novaehollandiae,Birds,,,Very high,,,,,,,True,https://www.dcceew.gov.au/sites/default/files/documents/national-risk-scores-h5-bird-flu-native-birds-mammals.pdf,True,https://www.dcceew.gov.au/sites/default/files/documents/national-risk-scores-h5-bird-flu-native-birds-mammals.pdf,
,larus-pacificus,Pacific Gull,Larus pacificus,Birds,,,Very high,,,,,,,True,https://www.dcceew.gov.au/sites/default/files/documents/national-risk-scores-h5-bird-flu-native-birds-mammals.pdf,True,https://www.dcceew.gov.au/sites/default/files/documents/national-risk-scores-h5-bird-flu-native-birds-mammals.pdf,
,sterna-bengalensis,Lesser Crested Tern,Sterna bengalensis,Birds,,,Very high,,,,,,,True,https://www.dcceew.gov.au/sites/default/files/documents/national-risk-scores-h5-bird-flu-native-birds-mammals.pdf,True,https://www.dcceew.gov.au/sites/default/files/documents/national-risk-scores-h5-bird-flu-native-birds-mammals.pdf,
,pluvialis-squatarola,Grey Plover,Pluvialis squatarola,Birds,,Vulnerable,High,,,,,,,True,https://www.dcceew.gov.au/sites/default/files/documents/national-risk-scores-h5-bird-flu-native-birds-mammals.pdf,True,https://www.dcceew.gov.au/sites/default/files/documents/national-risk-scores-h5-bird-flu-native-birds-mammals.pdf,
,recurvirostra-novaehollandiae,Red-necked Avocet,Recurvirostra novaehollandiae,Birds,,,Very high,,,,,,,True,https://www.dcceew.gov.au/sites/default/files/documents/national-risk-scores-h5-bird-flu-native-birds-mammals.pdf,True,https://www.dcceew.gov.au/sites/default/files/documents/national-risk-scores-h5-bird-flu-native-birds-mammals.pdf,
,charadrius-leschenaultii,Greater Sand Plover,Charadrius leschenaultii,Birds,,Vulnerable,High,,,,,,,True,https://www.dcceew.gov.au/sites/default/files/documents/national-risk-scores-h5-bird-flu-native-birds-mammals.pdf,True,https://www.dcceew.gov.au/sites/default/files/documents/national-risk-scores-h5-bird-flu-native-birds-mammals.pdf,
,charadrius-ruficapillus,Red-capped Plover,Charadrius ruficapillus,Birds,,,Very high,,,,,,,True,https://www.dcceew.gov.au/sites/default/files/documents/national-risk-scores-h5-bird-flu-native-birds-mammals.pdf,True,https://www.dcceew.gov.au/sites/default/files/documents/national-risk-scores-h5-bird-flu-native-birds-mammals.pdf,
,falco-hypoleucos,Grey Falcon,Falco hypoleucos,Birds,,Vulnerable,High,,,,,,,True,https://www.dcceew.gov.au/sites/default/files/documents/national-risk-scores-h5-bird-flu-native-birds-mammals.pdf,True,https://www.dcceew.gov.au/sites/default/files/documents/national-risk-scores-h5-bird-flu-native-birds-mammals.pdf,
,leipoa-ocellata,Malleefowl,Leipoa ocellata,Birds,,Vulnerable,High,,,,,,,True,https://www.dcceew.gov.au/sites/default/files/documents/national-risk-scores-h5-bird-flu-native-birds-mammals.pdf,True,https://www.dcceew.gov.au/sites/default/files/documents/national-risk-scores-h5-bird-flu-native-birds-mammals.pdf,
,fregata-ariel,Lesser Frigatebird,Fregata ariel,Birds,,,High,,,,,,,True,https://www.dcceew.gov.au/sites/default/files/documents/national-risk-scores-h5-bird-flu-native-birds-mammals.pdf,True,https://www.dcceew.gov.au/sites/default/files/documents/national-risk-scores-h5-bird-flu-native-birds-mammals.pdf,
,pelagodroma-marina,White-faced Storm-Petrel,Pelagodroma marina,Birds,,,High,,,,,,,True,https://www.dcceew.gov.au/sites/default/files/documents/national-risk-scores-h5-bird-flu-native-birds-mammals.pdf,True,https://www.dcceew.gov.au/sites/default/files/documents/national-risk-scores-h5-bird-flu-native-birds-mammals.pdf,
,sula-sula,Red-footed Booby,Sula sula,Birds,,,Very high,,,,,,,True,https://www.dcceew.gov.au/sites/default/files/documents/national-risk-scores-h5-bird-flu-native-birds-mammals.pdf,True,https://www.dcceew.gov.au/sites/default/files/documents/national-risk-scores-h5-bird-flu-native-birds-mammals.pdf,
,puffinus-pacificus,Wedge-tailed Shearwater,Puffinus pacificus,Birds,,,High,,,,,,,True,https://www.dcceew.gov.au/sites/default/files/documents/national-risk-scores-h5-bird-flu-native-birds-mammals.pdf,True,https://www.dcceew.gov.au/sites/default/files/documents/national-risk-scores-h5-bird-flu-native-birds-mammals.pdf,
,puffinus-tenuirostris,Short-tailed Shearwater,Puffinus tenuirostris,Birds,,,Very high,,,,,,,True,https://www.dcceew.gov.au/sites/default/files/documents/national-risk-scores-h5-bird-flu-native-birds-mammals.pdf,True,https://www.dcceew.gov.au/sites/default/files/documents/national-risk-scores-h5-bird-flu-native-birds-mammals.pdf,
,pterodroma-macroptera,Great-winged Petrel,Pterodroma macroptera,Birds,,,High,,,,,,,True,https://www.dcceew.gov.au/sites/default/files/documents/national-risk-scores-h5-bird-flu-native-birds-mammals.pdf,True,https://www.dcceew.gov.au/sites/default/files/documents/national-risk-scores-h5-bird-flu-native-birds-mammals.pdf,
,aptenodytes-patagonicus,King Penguin,Aptenodytes patagonicus,Birds,,,High,,,,,,,True,https://www.dcceew.gov.au/sites/default/files/documents/national-risk-scores-h5-bird-flu-native-birds-mammals.pdf,True,https://www.dcceew.gov.au/sites/default/files/documents/national-risk-scores-h5-bird-flu-native-birds-mammals.pdf,
,pygoscelis-papua,Gentoo Penguin,Pygoscelis papua,Birds,,,High,,,,,,,True,https://www.dcceew.gov.au/sites/default/files/documents/national-risk-scores-h5-bird-flu-native-birds-mammals.pdf,True,https://www.dcceew.gov.au/sites/default/files/documents/national-risk-scores-h5-bird-flu-native-birds-mammals.pdf,
,tyto-novaehollandiae-kimberli,Northern Masked Owl,Tyto novaehollandiae kimberli,Birds,,Vulnerable,High,,,,,,,True,https://www.dcceew.gov.au/sites/default/files/documents/national-risk-scores-h5-bird-flu-native-birds-mammals.pdf,True,https://www.dcceew.gov.au/sites/default/files/documents/national-risk-scores-h5-bird-flu-native-birds-mammals.pdf,
,phocoena-dioptrica,Spectacled Porpoise,Phocoena dioptrica,Mammals,,,High,,,,,,,True,https://www.dcceew.gov.au/sites/default/files/documents/national-risk-scores-h5-bird-flu-native-birds-mammals.pdf,True,https://www.dcceew.gov.au/sites/default/files/documents/national-risk-scores-h5-bird-flu-native-birds-mammals.pdf,
,balaenoptera-bonaerensis,Antarctic Minke Whale,Balaenoptera bonaerensis,Mammals,,,High,,,,,,,True,https://www.dcceew.gov.au/sites/default/files/documents/national-risk-scores-h5-bird-flu-native-birds-mammals.pdf,True,https://www.dcceew.gov.au/sites/default/files/documents/national-risk-scores-h5-bird-flu-native-birds-mammals.pdf,
,tursiops-aduncus,Long-beaked Bottle-nosed Dolphin,Tursiops aduncus,Mammals,,,High,,,,,,,True,https://www.dcceew.gov.au/sites/default/files/documents/national-risk-scores-h5-bird-flu-native-birds-mammals.pdf,True,https://www.dcceew.gov.au/sites/default/files/documents/national-risk-scores-h5-bird-flu-native-birds-mammals.pdf,
,tursiops-aduncus,Spotted Bottlenose Dolphin (Arafura/Timor,Tursiops aduncus,Mammals,,,High,,,,,,,True,https://www.dcceew.gov.au/sites/default/files/documents/national-risk-scores-h5-bird-flu-native-birds-mammals.pdf,True,https://www.dcceew.gov.au/sites/default/files/documents/national-risk-scores-h5-bird-flu-native-birds-mammals.pdf,
,orcaella-heinsohni,Australian Snubfin Dolphin,Orcaella heinsohni,Mammals,,Vulnerable,High,,,,,,,True,https://www.dcceew.gov.au/sites/default/files/documents/national-risk-scores-h5-bird-flu-native-birds-mammals.pdf,True,https://www.dcceew.gov.au/sites/default/files/documents/national-risk-scores-h5-bird-flu-native-birds-mammals.pdf,
,puffinus-griseus,Sooty Shearwater,Puffinus griseus,Birds,,Vulnerable,High,,,,,,,True,https://www.dcceew.gov.au/sites/default/files/documents/national-risk-scores-h5-bird-flu-native-birds-mammals.pdf,True,https://www.dcceew.gov.au/sites/default/files/documents/national-risk-scores-h5-bird-flu-native-birds-mammals.pdf,
,sterna-bergii,Greater Crested Tern,Sterna bergii,Birds,,,Very high,,,,,,,True,https://www.dcceew.gov.au/sites/default/files/documents/national-risk-scores-h5-bird-flu-native-birds-mammals.pdf,True,https://www.dcceew.gov.au/sites/default/files/documents/national-risk-scores-h5-bird-flu-native-birds-mammals.pdf,
,sousa-sahulensis,Australian Hump-backed Dolphin,Sousa sahulensis,Mammals,,Vulnerable,High,,,,,,,True,https://www.dcceew.gov.au/sites/default/files/documents/national-risk-scores-h5-bird-flu-native-birds-mammals.pdf,True,https://www.dcceew.gov.au/sites/default/files/documents/national-risk-scores-h5-bird-flu-native-birds-mammals.pdf,
,anous-albivitta,Grey noddy,Anous albivitta,Birds,,,High,,,,,,,True,https://www.dcceew.gov.au/sites/default/files/documents/national-risk-scores-h5-bird-flu-native-birds-mammals.pdf,True,https://www.dcceew.gov.au/sites/default/files/documents/national-risk-scores-h5-bird-flu-native-birds-mammals.pdf,
,tyto-novaehollandiae-castanops-tasmanian-population,Tasmanian Masked Owl,Tyto novaehollandiae castanops (Tasmanian population),Birds,,Vulnerable,High,,,,,,,True,https://www.dcceew.gov.au/sites/default/files/documents/national-risk-scores-h5-bird-flu-native-birds-mammals.pdf,True,https://www.dcceew.gov.au/sites/default/files/documents/national-risk-scores-h5-bird-flu-native-birds-mammals.pdf,
,balaenoptera-omura,Omura's Whale,Balaenoptera omura,Mammals,,,High,,,,,,,True,https://www.dcceew.gov.au/sites/default/files/documents/national-risk-scores-h5-bird-flu-native-birds-mammals.pdf,True,https://www.dcceew.gov.au/sites/default/files/documents/national-risk-scores-h5-bird-flu-native-birds-mammals.pdf,
,ephippiorhynchus-asiaticus,Black-necked Stork,Ephippiorhynchus asiaticus,Birds,,,Very High,,,,,,,True,https://www.dcceew.gov.au/sites/default/files/documents/national-risk-scores-h5-bird-flu-native-birds-mammals.pdf,True,https://www.dcceew.gov.au/sites/default/files/documents/national-risk-scores-h5-bird-flu-native-birds-mammals.pdf,
,pelecanus-conspicillatus,Australian Pelican,Pelecanus conspicillatus,Birds,,,Very High,,,,,,,True,https://www.dcceew.gov.au/sites/default/files/documents/national-risk-scores-h5-bird-flu-native-birds-mammals.pdf,True,https://www.dcceew.gov.au/sites/default/files/documents/national-risk-scores-h5-bird-flu-native-birds-mammals.pdf,
,balaenoptera-acutorostrata,Dwarf Minke Whale,Balaenoptera acutorostrata,Mammals,,,High,,,,,,,True,https://www.dcceew.gov.au/sites/default/files/documents/national-risk-scores-h5-bird-flu-native-birds-mammals.pdf,True,https://www.dcceew.gov.au/sites/default/files/documents/national-risk-scores-h5-bird-flu-native-birds-mammals.pdf,
,berardius-arnuxii,Arnoux's Beaked Whale,Berardius arnuxii,Mammals,,,High,,,,,,,True,https://www.dcceew.gov.au/sites/default/files/documents/national-risk-scores-h5-bird-flu-native-birds-mammals.pdf,True,https://www.dcceew.gov.au/sites/default/files/documents/national-risk-scores-h5-bird-flu-native-birds-mammals.pdf,
,turnix-castanotus,Chestnut-backed Button-quail,Turnix castanotus,Birds,,,High,,,,,,,True,https://www.dcceew.gov.au/sites/default/files/documents/national-risk-scores-h5-bird-flu-native-birds-mammals.pdf,True,https://www.dcceew.gov.au/sites/default/files/documents/national-risk-scores-h5-bird-flu-native-birds-mammals.pdf,
,turnix-velox,Little Button-quail,Turnix velox,Birds,,,High,,,,,,,True,https://www.dcceew.gov.au/sites/default/files/documents/national-risk-scores-h5-bird-flu-native-birds-mammals.pdf,True,https://www.dcceew.gov.au/sites/default/files/documents/national-risk-scores-h5-bird-flu-native-birds-mammals.pdf,
,turnix-varius,Painted Button-quail,Turnix varius,Birds,,,High,,,,,,,True,https://www.dcceew.gov.au/sites/default/files/documents/national-risk-scores-h5-bird-flu-native-birds-mammals.pdf,True,https://www.dcceew.gov.au/sites/default/files/documents/national-risk-scores-h5-bird-flu-native-birds-mammals.pdf,
,turnix-varius-varius,Australian Painted Button-quail,Turnix varius varius,Birds,,,High,,,,,,,True,https://www.dcceew.gov.au/sites/default/files/documents/national-risk-scores-h5-bird-flu-native-birds-mammals.pdf,True,https://www.dcceew.gov.au/sites/default/files/documents/national-risk-scores-h5-bird-flu-native-birds-mammals.pdf,
,turnix-maculosus,Red-backed Button-quail,Turnix maculosus,Birds,,,High,,,,,,,True,https://www.dcceew.gov.au/sites/default/files/documents/national-risk-scores-h5-bird-flu-native-birds-mammals.pdf,True,https://www.dcceew.gov.au/sites/default/files/documents/national-risk-scores-h5-bird-flu-native-birds-mammals.pdf,
,turnix-maculosus-melanotus,Red-backed Button-quail,Turnix maculosus melanotus,Birds,,,High,,,,,,,True,https://www.dcceew.gov.au/sites/default/files/documents/national-risk-scores-h5-bird-flu-native-birds-mammals.pdf,True,https://www.dcceew.gov.au/sites/default/files/documents/national-risk-scores-h5-bird-flu-native-birds-mammals.pdf,
,turnix-pyrrhothorax,Red-chested Button-quail,Turnix pyrrhothorax,Birds,,,High,,,,,,,True,https://www.dcceew.gov.au/sites/default/files/documents/national-risk-scores-h5-bird-flu-native-birds-mammals.pdf,True,https://www.dcceew.gov.au/sites/default/files/documents/national-risk-scores-h5-bird-flu-native-birds-mammals.pdf,
,cisticola-exilis,Golden-headed Cisticola,Cisticola exilis,Birds,,,High,,,,,,,True,https://www.dcceew.gov.au/sites/default/files/documents/national-risk-scores-h5-bird-flu-native-birds-mammals.pdf,True,https://www.dcceew.gov.au/sites/default/files/documents/national-risk-scores-h5-bird-flu-native-birds-mammals.pdf,
,cisticola-exilis-alexandrae,Northern Golden-headed Cisticola,Cisticola exilis alexandrae,Birds,,,High,,,,,,,True,https://www.dcceew.gov.au/sites/default/files/documents/national-risk-scores-h5-bird-flu-native-birds-mammals.pdf,True,https://www.dcceew.gov.au/sites/default/files/documents/national-risk-scores-h5-bird-flu-native-birds-mammals.pdf,
,cisticola-exilis-diminuta,North-eastern Golden-headed Cisticola,Cisticola exilis diminuta,Birds,,,High,,,,,,,True,https://www.dcceew.gov.au/sites/default/files/documents/national-risk-scores-h5-bird-flu-native-birds-mammals.pdf,True,https://www.dcceew.gov.au/sites/default/files/documents/national-risk-scores-h5-bird-flu-native-birds-mammals.pdf,
,cisticola-exilis-exilis,South-eastern Golden-headed Cisticola,Cisticola exilis exilis,Birds,,,High,,,,,,,True,https://www.dcceew.gov.au/sites/default/files/documents/national-risk-scores-h5-bird-flu-native-birds-mammals.pdf,True,https://www.dcceew.gov.au/sites/default/files/documents/national-risk-scores-h5-bird-flu-native-birds-mammals.pdf,
,cisticola-exilis-lineocapilla,North-western Golden-headed Cisticola,Cisticola exilis lineocapilla,Birds,,,High,,,,,,,True,https://www.dcceew.gov.au/sites/default/files/documents/national-risk-scores-h5-bird-flu-native-birds-mammals.pdf,True,https://www.dcceew.gov.au/sites/default/files/documents/national-risk-scores-h5-bird-flu-native-birds-mammals.pdf,
,cisticola-juncidis,Zitting Cisticola,Cisticola juncidis,Birds,,,High,,,,,,,True,https://www.dcceew.gov.au/sites/default/files/documents/national-risk-scores-h5-bird-flu-native-birds-mammals.pdf,True,https://www.dcceew.gov.au/sites/default/files/documents/national-risk-scores-h5-bird-flu-native-birds-mammals.pdf,
,cisticola-juncidis-laveryi,Eastern Zitting Cisticola,Cisticola juncidis laveryi,Birds,,,High,,,,,,,True,https://www.dcceew.gov.au/sites/default/files/documents/national-risk-scores-h5-bird-flu-native-birds-mammals.pdf,True,https://www.dcceew.gov.au/sites/default/files/documents/national-risk-scores-h5-bird-flu-native-birds-mammals.pdf,
,cisticola-juncidis-leanyeri,Top End Zitting Cisticola,Cisticola juncidis leanyeri,Birds,,,High,,,,,,,True,https://www.dcceew.gov.au/sites/default/files/documents/national-risk-scores-h5-bird-flu-native-birds-mammals.pdf,True,https://www.dcceew.gov.au/sites/default/files/documents/national-risk-scores-h5-bird-flu-native-birds-mammals.pdf,
,fulica-atra-australis,Australian Eurasian Coot,Fulica atra australis,Birds,,,High,,,,,,,True,https://www.dcceew.gov.au/sites/default/files/documents/national-risk-scores-h5-bird-flu-native-birds-mammals.pdf,True,https://www.dcceew.gov.au/sites/default/files/documents/national-risk-scores-h5-bird-flu-native-birds-mammals.pdf,
,porphyrio-porphyrio,Purple Swamphen,Porphyrio porphyrio,Birds,,,High,,,,,,,True,https://www.dcceew.gov.au/sites/default/files/documents/national-risk-scores-h5-bird-flu-native-birds-mammals.pdf,True,https://www.dcceew.gov.au/sites/default/files/documents/national-risk-scores-h5-bird-flu-native-birds-mammals.pdf,
,corvus-coronoides,Australian Raven,Corvus coronoides,Birds,,,High,,,,,,,True,https://www.dcceew.gov.au/sites/default/files/documents/national-risk-scores-h5-bird-flu-native-birds-mammals.pdf,True,https://www.dcceew.gov.au/sites/default/files/documents/national-risk-scores-h5-bird-flu-native-birds-mammals.pdf,
,corvus-coronoides-coronoides,Eastern Australian Raven,Corvus coronoides coronoides,Birds,,,High,,,,,,,True,https://www.dcceew.gov.au/sites/default/files/documents/national-risk-scores-h5-bird-flu-native-birds-mammals.pdf,True,https://www.dcceew.gov.au/sites/default/files/documents/national-risk-scores-h5-bird-flu-native-birds-mammals.pdf,
,corvus-coronoides-perplexus,Western Australian Raven,Corvus coronoides perplexus,Birds,,,High,,,,,,,True,https://www.dcceew.gov.au/sites/default/files/documents/national-risk-scores-h5-bird-flu-native-birds-mammals.pdf,True,https://www.dcceew.gov.au/sites/default/files/documents/national-risk-scores-h5-bird-flu-native-birds-mammals.pdf,
,corvus-tasmanicus-boreus,New England Forest Raven,Corvus tasmanicus boreus,Birds,,,High,,,,,,,True,https://www.dcceew.gov.au/sites/default/files/documents/national-risk-scores-h5-bird-flu-native-birds-mammals.pdf,True,https://www.dcceew.gov.au/sites/default/files/documents/national-risk-scores-h5-bird-flu-native-birds-mammals.pdf,
,corvus-tasmanicus-tasmanicus,Southern Forest Raven,Corvus tasmanicus tasmanicus,Birds,,,High,,,,,,,True,https://www.dcceew.gov.au/sites/default/files/documents/national-risk-scores-h5-bird-flu-native-birds-mammals.pdf,True,https://www.dcceew.gov.au/sites/default/files/documents/national-risk-scores-h5-bird-flu-native-birds-mammals.pdf,
,corvus-bennetti,Little Crow,Corvus bennetti,Birds,,,High,,,,,,,True,https://www.dcceew.gov.au/sites/default/files/documents/national-risk-scores-h5-bird-flu-native-birds-mammals.pdf,True,https://www.dcceew.gov.au/sites/default/files/documents/national-risk-scores-h5-bird-flu-native-birds-mammals.pdf,
,corvus-mellori,Little Raven,Corvus mellori,Birds,,,High,,,,,,,True,https://www.dcceew.gov.au/sites/default/files/documents/national-risk-scores-h5-bird-flu-native-birds-mammals.pdf,True,https://www.dcceew.gov.au/sites/default/files/documents/national-risk-scores-h5-bird-flu-native-birds-mammals.pdf,
,corvus-orru,Torresian Crow,Corvus orru,Birds,,,High,,,,,,,True,https://www.dcceew.gov.au/sites/default/files/documents/national-risk-scores-h5-bird-flu-native-birds-mammals.pdf,True,https://www.dcceew.gov.au/sites/default/files/documents/national-risk-scores-h5-bird-flu-native-birds-mammals.pdf,
,corvus-orru-cecilae,Australian Torresian Crow,Corvus orru cecilae,Birds,,,High,,,,,,,True,https://www.dcceew.gov.au/sites/default/files/documents/national-risk-scores-h5-bird-flu-native-birds-mammals.pdf,True,https://www.dcceew.gov.au/sites/default/files/documents/national-risk-scores-h5-bird-flu-native-birds-mammals.pdf,
,anhinga-novaehollandiae,Australasian Darter,Anhinga novaehollandiae,Birds,,,High,,,,,,,True,https://www.dcceew.gov.au/sites/default/files/documents/national-risk-scores-h5-bird-flu-native-birds-mammals.pdf,True,https://www.dcceew.gov.au/sites/default/files/documents/national-risk-scores-h5-bird-flu-native-birds-mammals.pdf,
,anhinga-novaehollandiae-novaehollandiae,Australian Darter,Anhinga novaehollandiae novaehollandiae,Birds,,,High,,,,,,,True,https://www.dcceew.gov.au/sites/default/files/documents/national-risk-scores-h5-bird-flu-native-birds-mammals.pdf,True,https://www.dcceew.gov.au/sites/default/files/documents/national-risk-scores-h5-bird-flu-native-birds-mammals.pdf,
,canis-familiaris,Dingo,Canis familiaris,Mammals,,,High,,,,,,,True,https://www.dcceew.gov.au/sites/default/files/documents/national-risk-scores-h5-bird-flu-native-birds-mammals.pdf,True,https://www.dcceew.gov.au/sites/default/files/documents/national-risk-scores-h5-bird-flu-native-birds-mammals.pdf,
,tadorna-tadornoides,Australian Shelduck,Tadorna tadornoides,Birds,,,High,,,,,,,True,https://www.dcceew.gov.au/sites/default/files/documents/national-risk-scores-h5-bird-flu-native-birds-mammals.pdf,True,https://www.dcceew.gov.au/sites/default/files/documents/national-risk-scores-h5-bird-flu-native-birds-mammals.pdf,
,chenonetta-jubata,Australian Wood Duck,Chenonetta jubata,Birds,,,High,,,,,,,True,https://www.dcceew.gov.au/sites/default/files/documents/national-risk-scores-h5-bird-flu-native-birds-mammals.pdf,True,https://www.dcceew.gov.au/sites/default/files/documents/national-risk-scores-h5-bird-flu-native-birds-mammals.pdf,
,oxyura-australis,Blue-billed Duck,Oxyura australis,Birds,,,High,,,,,,,True,https://www.dcceew.gov.au/sites/default/files/documents/national-risk-scores-h5-bird-flu-native-birds-mammals.pdf,True,https://www.dcceew.gov.au/sites/default/files/documents/national-risk-scores-h5-bird-flu-native-birds-mammals.pdf,
,anas-castanea,Chestnut Teal,Anas castanea,Birds,,,High,,,,,,,True,https://www.dcceew.gov.au/sites/default/files/documents/national-risk-scores-h5-bird-flu-native-birds-mammals.pdf,True,https://www.dcceew.gov.au/sites/default/files/documents/national-risk-scores-h5-bird-flu-native-birds-mammals.pdf,
,nettapus-coromandelianus,Cotton Pygmy-goose,Nettapus coromandelianus,Birds,,,High,,,,,,,True,https://www.dcceew.gov.au/sites/default/files/documents/national-risk-scores-h5-bird-flu-native-birds-mammals.pdf,True,https://www.dcceew.gov.au/sites/default/files/documents/national-risk-scores-h5-bird-flu-native-birds-mammals.pdf,
,nettapus-coromandelianus-albipennis,Australian Cotton Pygmy-goose,Nettapus coromandelianus albipennis,Birds,,,High,,,,,,,True,https://www.dcceew.gov.au/sites/default/files/documents/national-risk-scores-h5-bird-flu-native-birds-mammals.pdf,True,https://www.dcceew.gov.au/sites/default/files/documents/national-risk-scores-h5-bird-flu-native-birds-mammals.pdf,
,stictonetta-naevosa,Freckled Duck,Stictonetta naevosa,Birds,,,High,,,,,,,True,https://www.dcceew.gov.au/sites/default/files/documents/national-risk-scores-h5-bird-flu-native-birds-mammals.pdf,True,https://www.dcceew.gov.au/sites/default/files/documents/national-risk-scores-h5-bird-flu-native-birds-mammals.pdf,
,nettapus-pulchellus,Green Pygmy-goose,Nettapus pulchellus,Birds,,,High,,,,,,,True,https://www.dcceew.gov.au/sites/default/files/documents/national-risk-scores-h5-bird-flu-native-birds-mammals.pdf,True,https://www.dcceew.gov.au/sites/default/files/documents/national-risk-scores-h5-bird-flu-native-birds-mammals.pdf,
,anas-superciliosa,Pacific Black Duck,Anas superciliosa,Birds,,,High,,,,,,,True,https://www.dcceew.gov.au/sites/default/files/documents/national-risk-scores-h5-bird-flu-native-birds-mammals.pdf,True,https://www.dcceew.gov.au/sites/default/files/documents/national-risk-scores-h5-bird-flu-native-birds-mammals.pdf,
,anas-superciliosa-superciliosa,Pacific Black Duck,Anas superciliosa superciliosa,Birds,,,High,,,,,,,True,https://www.dcceew.gov.au/sites/default/files/documents/national-risk-scores-h5-bird-flu-native-birds-mammals.pdf,True,https://www.dcceew.gov.au/sites/default/files/documents/national-risk-scores-h5-bird-flu-native-birds-mammals.pdf,
,radjah-radjah,Radjah Shelduck,Radjah radjah,Birds,,,High,,,,,,,True,https://www.dcceew.gov.au/sites/default/files/documents/national-risk-scores-h5-bird-flu-native-birds-mammals.pdf,True,https://www.dcceew.gov.au/sites/default/files/documents/national-risk-scores-h5-bird-flu-native-birds-mammals.pdf,
,radjah-radjah-rufitergum,Torresian Radjah Shelduck,Radjah radjah rufitergum,Birds,,,High,,,,,,,True,https://www.dcceew.gov.au/sites/default/files/documents/national-risk-scores-h5-bird-flu-native-birds-mammals.pdf,True,https://www.dcceew.gov.au/sites/default/files/documents/national-risk-scores-h5-bird-flu-native-birds-mammals.pdf,
,milvus-migrans,Black Kite,Milvus migrans,Birds,,,High,,,,,,,True,https://www.dcceew.gov.au/sites/default/files/documents/national-risk-scores-h5-bird-flu-native-birds-mammals.pdf,True,https://www.dcceew.gov.au/sites/default/files/documents/national-risk-scores-h5-bird-flu-native-birds-mammals.pdf,
,milvus-migrans-affinis,Torresian Black Kite,Milvus migrans affinis,Birds,,,High,,,,,,,True,https://www.dcceew.gov.au/sites/default/files/documents/national-risk-scores-h5-bird-flu-native-birds-mammals.pdf,True,https://www.dcceew.gov.au/sites/default/files/documents/national-risk-scores-h5-bird-flu-native-birds-mammals.pdf,
,hamirostra-melanosternon,Black-breasted Buzzard,Hamirostra melanosternon,Birds,,,High,,,,,,,True,https://www.dcceew.gov.au/sites/default/files/documents/national-risk-scores-h5-bird-flu-native-birds-mammals.pdf,True,https://www.dcceew.gov.au/sites/default/files/documents/national-risk-scores-h5-bird-flu-native-birds-mammals.pdf,
,elanus-axillaris,Black-shouldered Kite,Elanus axillaris,Birds,,,High,,,,,,,True,https://www.dcceew.gov.au/sites/default/files/documents/national-risk-scores-h5-bird-flu-native-birds-mammals.pdf,True,https://www.dcceew.gov.au/sites/default/files/documents/national-risk-scores-h5-bird-flu-native-birds-mammals.pdf,
,haliastur-indus,Brahminy Kite,Haliastur indus,Birds,,,High,,,,,,,True,https://www.dcceew.gov.au/sites/default/files/documents/national-risk-scores-h5-bird-flu-native-birds-mammals.pdf,True,https://www.dcceew.gov.au/sites/default/files/documents/national-risk-scores-h5-bird-flu-native-birds-mammals.pdf,
,haliastur-indus-girrenera,Torresian Brahminy Kite,Haliastur indus girrenera,Birds,,,High,,,,,,,True,https://www.dcceew.gov.au/sites/default/files/documents/national-risk-scores-h5-bird-flu-native-birds-mammals.pdf,True,https://www.dcceew.gov.au/sites/default/files/documents/national-risk-scores-h5-bird-flu-native-birds-mammals.pdf,
,accipiter-fasciatus,Brown Goshawk,Accipiter fasciatus,Birds,,,High,,,,,,,True,https://www.dcceew.gov.au/sites/default/files/documents/national-risk-scores-h5-bird-flu-native-birds-mammals.pdf,True,https://www.dcceew.gov.au/sites/default/files/documents/national-risk-scores-h5-bird-flu-native-birds-mammals.pdf,
,accipiter-fasciatus-didimus,Northern Brown Goshawk,Accipiter fasciatus didimus,Birds,,,High,,,,,,,True,https://www.dcceew.gov.au/sites/default/files/documents/national-risk-scores-h5-bird-flu-native-birds-mammals.pdf,True,https://www.dcceew.gov.au/sites/default/files/documents/national-risk-scores-h5-bird-flu-native-birds-mammals.pdf,
,accipiter-fasciatus-fasciatus,Southern Brown Goshawk,Accipiter fasciatus fasciatus,Birds,,,High,,,,,,,True,https://www.dcceew.gov.au/sites/default/files/documents/national-risk-scores-h5-bird-flu-native-birds-mammals.pdf,True,https://www.dcceew.gov.au/sites/default/files/documents/national-risk-scores-h5-bird-flu-native-birds-mammals.pdf,
,accipiter-cirrocephalus,Collared Sparrowhawk,Accipiter cirrocephalus,Birds,,,High,,,,,,,True,https://www.dcceew.gov.au/sites/default/files/documents/national-risk-scores-h5-bird-flu-native-birds-mammals.pdf,True,https://www.dcceew.gov.au/sites/default/files/documents/national-risk-scores-h5-bird-flu-native-birds-mammals.pdf,
,accipiter-cirrocephalus-cirrocephalus,Collared Sparrowhawk,Accipiter cirrocephalus cirrocephalus,Birds,,,High,,,,,,,True,https://www.dcceew.gov.au/sites/default/files/documents/national-risk-scores-h5-bird-flu-native-birds-mammals.pdf,True,https://www.dcceew.gov.au/sites/default/files/documents/national-risk-scores-h5-bird-flu-native-birds-mammals.pdf,
,accipiter-novaehollandiae,Grey Goshawk,Accipiter novaehollandiae,Birds,,,High,,,,,,,True,https://www.dcceew.gov.au/sites/default/files/documents/national-risk-scores-h5-bird-flu-native-birds-mammals.pdf,True,https://www.dcceew.gov.au/sites/default/files/documents/national-risk-scores-h5-bird-flu-native-birds-mammals.pdf,
,hieraaetus-morphnoides,Little Eagle,Hieraaetus morphnoides,Birds,,,High,,,,,,,True,https://www.dcceew.gov.au/sites/default/files/documents/national-risk-scores-h5-bird-flu-native-birds-mammals.pdf,True,https://www.dcceew.gov.au/sites/default/files/documents/national-risk-scores-h5-bird-flu-native-birds-mammals.pdf,
,hieraaetus-morphnoides-morphnoides,Little Eagle,Hieraaetus morphnoides morphnoides,Birds,,,High,,,,,,,True,https://www.dcceew.gov.au/sites/default/files/documents/national-risk-scores-h5-bird-flu-native-birds-mammals.pdf,True,https://www.dcceew.gov.au/sites/default/files/documents/national-risk-scores-h5-bird-flu-native-birds-mammals.pdf,
,himantopus-himantopus-leucocephalus,Little Eagle,Himantopus himantopus leucocephalus,Birds,,,High,,,,,,,True,https://www.dcceew.gov.au/sites/default/files/documents/national-risk-scores-h5-bird-flu-native-birds-mammals.pdf,True,https://www.dcceew.gov.au/sites/default/files/documents/national-risk-scores-h5-bird-flu-native-birds-mammals.pdf,
,aviceda-subcristata,Pacific Baza,Aviceda subcristata,Birds,,,High,,,,,,,True,https://www.dcceew.gov.au/sites/default/files/documents/national-risk-scores-h5-bird-flu-native-birds-mammals.pdf,True,https://www.dcceew.gov.au/sites/default/files/documents/national-risk-scores-h5-bird-flu-native-birds-mammals.pdf,
,aviceda-subcristata-subcristata,Australian Pacific Baza,Aviceda subcristata subcristata,Birds,,,High,,,,,,,True,https://www.dcceew.gov.au/sites/default/files/documents/national-risk-scores-h5-bird-flu-native-birds-mammals.pdf,True,https://www.dcceew.gov.au/sites/default/files/documents/national-risk-scores-h5-bird-flu-native-birds-mammals.pdf,
,circus-assimilis,Spotted Harrier,Circus assimilis,Birds,,,High,,,,,,,True,https://www.dcceew.gov.au/sites/default/files/documents/national-risk-scores-h5-bird-flu-native-birds-mammals.pdf,True,https://www.dcceew.gov.au/sites/default/files/documents/national-risk-scores-h5-bird-flu-native-birds-mammals.pdf,
,lophoictinia-isura,Square-tailed Kite,Lophoictinia isura,Birds,,,High,,,,,,,True,https://www.dcceew.gov.au/sites/default/files/documents/national-risk-scores-h5-bird-flu-native-birds-mammals.pdf,True,https://www.dcceew.gov.au/sites/default/files/documents/national-risk-scores-h5-bird-flu-native-birds-mammals.pdf,
,circus-approximans,Swamp Harrier,Circus approximans,Birds,,,High,,,,,,,True,https://www.dcceew.gov.au/sites/default/files/documents/national-risk-scores-h5-bird-flu-native-birds-mammals.pdf,True,https://www.dcceew.gov.au/sites/default/files/documents/national-risk-scores-h5-bird-flu-native-birds-mammals.pdf,
,aquila-audax,Wedge-tailed Eagle,Aquila audax,Birds,,,High,,,,,,,True,https://www.dcceew.gov.au/sites/default/files/documents/national-risk-scores-h5-bird-flu-native-birds-mammals.pdf,True,https://www.dcceew.gov.au/sites/default/files/documents/national-risk-scores-h5-bird-flu-native-birds-mammals.pdf,
,aquila-audax-audax,Mainland Wedge-tailed Eagle,Aquila audax audax,Birds,,,High,,,,,,,True,https://www.dcceew.gov.au/sites/default/files/documents/national-risk-scores-h5-bird-flu-native-birds-mammals.pdf,True,https://www.dcceew.gov.au/sites/default/files/documents/national-risk-scores-h5-bird-flu-native-birds-mammals.pdf,
,haliastur-sphenurus,Whistling Kite,Haliastur sphenurus,Birds,,,High,,,,,,,True,https://www.dcceew.gov.au/sites/default/files/documents/national-risk-scores-h5-bird-flu-native-birds-mammals.pdf,True,https://www.dcceew.gov.au/sites/default/files/documents/national-risk-scores-h5-bird-flu-native-birds-mammals.pdf,
,falco-longipennis,Australian Hobby,Falco longipennis,Birds,,,High,,,,,,,True,https://www.dcceew.gov.au/sites/default/files/documents/national-risk-scores-h5-bird-flu-native-birds-mammals.pdf,True,https://www.dcceew.gov.au/sites/default/files/documents/national-risk-scores-h5-bird-flu-native-birds-mammals.pdf,
,falco-longipennis-longipennis,Southern Australian Hobby,Falco longipennis longipennis,Birds,,,High,,,,,,,True,https://www.dcceew.gov.au/sites/default/files/documents/national-risk-scores-h5-bird-flu-native-birds-mammals.pdf,True,https://www.dcceew.gov.au/sites/default/files/documents/national-risk-scores-h5-bird-flu-native-birds-mammals.pdf,
,falco-longipennis-murchisonianus,Inland Australian Hobby,Falco longipennis murchisonianus,Birds,,,High,,,,,,,True,https://www.dcceew.gov.au/sites/default/files/documents/national-risk-scores-h5-bird-flu-native-birds-mammals.pdf,True,https://www.dcceew.gov.au/sites/default/files/documents/national-risk-scores-h5-bird-flu-native-birds-mammals.pdf,
,falco-subniger,Black Falcon,Falco subniger,Birds,,,High,,,,,,,True,https://www.dcceew.gov.au/sites/default/files/documents/national-risk-scores-h5-bird-flu-native-birds-mammals.pdf,True,https://www.dcceew.gov.au/sites/default/files/documents/national-risk-scores-h5-bird-flu-native-birds-mammals.pdf,
,falco-berigora,Brown Falcon,Falco berigora,Birds,,,High,,,,,,,True,https://www.dcceew.gov.au/sites/default/files/documents/national-risk-scores-h5-bird-flu-native-birds-mammals.pdf,True,https://www.dcceew.gov.au/sites/default/files/documents/national-risk-scores-h5-bird-flu-native-birds-mammals.pdf,
,falco-berigora-berigora,Australian Brown Falcon,Falco berigora berigora,Birds,,,High,,,,,,,True,https://www.dcceew.gov.au/sites/default/files/documents/national-risk-scores-h5-bird-flu-native-birds-mammals.pdf,True,https://www.dcceew.gov.au/sites/default/files/documents/national-risk-scores-h5-bird-flu-native-birds-mammals.pdf,
,falco-berigora-novaeguineae,Brown Falcon,Falco berigora novaeguineae,Birds,,,High,,,,,,,True,https://www.dcceew.gov.au/sites/default/files/documents/national-risk-scores-h5-bird-flu-native-birds-mammals.pdf,True,https://www.dcceew.gov.au/sites/default/files/documents/national-risk-scores-h5-bird-flu-native-birds-mammals.pdf,
,falco-berigora-occidentalis,Brown Falcon,Falco berigora occidentalis,Birds,,,High,,,,,,,True,https://www.dcceew.gov.au/sites/default/files/documents/national-risk-scores-h5-bird-flu-native-birds-mammals.pdf,True,https://www.dcceew.gov.au/sites/default/files/documents/national-risk-scores-h5-bird-flu-native-birds-mammals.pdf,
,falco-berigora-tasmanica,Brown Falcon,Falco berigora tasmanica,Birds,,,High,,,,,,,True,https://www.dcceew.gov.au/sites/default/files/documents/national-risk-scores-h5-bird-flu-native-birds-mammals.pdf,True,https://www.dcceew.gov.au/sites/default/files/documents/national-risk-scores-h5-bird-flu-native-birds-mammals.pdf,
,falco-cenchroides,Nankeen Kestrel,Falco cenchroides,Birds,,,High,,,,,,,True,https://www.dcceew.gov.au/sites/default/files/documents/national-risk-scores-h5-bird-flu-native-birds-mammals.pdf,True,https://www.dcceew.gov.au/sites/default/files/documents/national-risk-scores-h5-bird-flu-native-birds-mammals.pdf,
,falco-cenchroides-cenchroides,Australasian Nankeen Kestrel,Falco cenchroides cenchroides,Birds,,,High,,,,,,,True,https://www.dcceew.gov.au/sites/default/files/documents/national-risk-scores-h5-bird-flu-native-birds-mammals.pdf,True,https://www.dcceew.gov.au/sites/default/files/documents/national-risk-scores-h5-bird-flu-native-birds-mammals.pdf,
,falco-peregrinus,Peregrine Falcon,Falco peregrinus,Birds,,,High,,,,,,,True,https://www.dcceew.gov.au/sites/default/files/documents/national-risk-scores-h5-bird-flu-native-birds-mammals.pdf,True,https://www.dcceew.gov.au/sites/default/files/documents/national-risk-scores-h5-bird-flu-native-birds-mammals.pdf,
,falco-peregrinus-macropus,Australian Peregrine Falcon,Falco peregrinus macropus,Birds,,,High,,,,,,,True,https://www.dcceew.gov.au/sites/default/files/documents/national-risk-scores-h5-bird-flu-native-birds-mammals.pdf,True,https://www.dcceew.gov.au/sites/default/files/documents/national-risk-scores-h5-bird-flu-native-birds-mammals.pdf,
,poodytes-gramineus,Little Grassbird,Poodytes gramineus,Birds,,,High,,,,,,,True,https://www.dcceew.gov.au/sites/default/files/documents/national-risk-scores-h5-bird-flu-native-birds-mammals.pdf,True,https://www.dcceew.gov.au/sites/default/files/documents/national-risk-scores-h5-bird-flu-native-birds-mammals.pdf,
,poodytes-gramineus-goulburni,Eastern Little Grassbird,Poodytes gramineus goulburni,Birds,,,High,,,,,,,True,https://www.dcceew.gov.au/sites/default/files/documents/national-risk-scores-h5-bird-flu-native-birds-mammals.pdf,True,https://www.dcceew.gov.au/sites/default/files/documents/national-risk-scores-h5-bird-flu-native-birds-mammals.pdf,
,poodytes-gramineus-gramineus,Tasmanian Little Grassbird,Poodytes gramineus gramineus,Birds,,,High,,,,,,,True,https://www.dcceew.gov.au/sites/default/files/documents/national-risk-scores-h5-bird-flu-native-birds-mammals.pdf,True,https://www.dcceew.gov.au/sites/default/files/documents/national-risk-scores-h5-bird-flu-native-birds-mammals.pdf,
,poodytes-gramineus-thomasi,Western Little Grassbird,Poodytes gramineus thomasi,Birds,,,High,,,,,,,True,https://www.dcceew.gov.au/sites/default/files/documents/national-risk-scores-h5-bird-flu-native-birds-mammals.pdf,True,https://www.dcceew.gov.au/sites/default/files/documents/national-risk-scores-h5-bird-flu-native-birds-mammals.pdf,
,cincloramphus-timoriensis,Tawny Grassbird,Cincloramphus timoriensis,Birds,,,High,,,,,,,True,https://www.dcceew.gov.au/sites/default/files/documents/national-risk-scores-h5-bird-flu-native-birds-mammals.pdf,True,https://www.dcceew.gov.au/sites/default/files/documents/national-risk-scores-h5-bird-flu-native-birds-mammals.pdf,
,cinclosoma-alisteri,Tawny Grassbird,Cinclosoma alisteri,Birds,,,High,,,,,,,True,https://www.dcceew.gov.au/sites/default/files/documents/national-risk-scores-h5-bird-flu-native-birds-mammals.pdf,True,https://www.dcceew.gov.au/sites/default/files/documents/national-risk-scores-h5-bird-flu-native-birds-mammals.pdf,
,sterna-hirundo,Common Tern,Sterna hirundo,Birds,,,High,,,,,,,True,https://www.dcceew.gov.au/sites/default/files/documents/national-risk-scores-h5-bird-flu-native-birds-mammals.pdf,True,https://www.dcceew.gov.au/sites/default/files/documents/national-risk-scores-h5-bird-flu-native-birds-mammals.pdf,
,egretta-sacra,Eastern Reef Egret,Egretta sacra,Birds,,,High,,,,,,,True,https://www.dcceew.gov.au/sites/default/files/documents/national-risk-scores-h5-bird-flu-native-birds-mammals.pdf,True,https://www.dcceew.gov.au/sites/default/files/documents/national-risk-scores-h5-bird-flu-native-birds-mammals.pdf,
,egretta-sacra-sacra,Common Eastern Reef Egret,Egretta sacra sacra,Birds,,,High,,,,,,,True,https://www.dcceew.gov.au/sites/default/files/documents/national-risk-scores-h5-bird-flu-native-birds-mammals.pdf,True,https://www.dcceew.gov.au/sites/default/files/documents/national-risk-scores-h5-bird-flu-native-birds-mammals.pdf,
,ardea-pacifica,White-necked Heron,Ardea pacifica,Birds,,,High,,,,,,,True,https://www.dcceew.gov.au/sites/default/files/documents/national-risk-scores-h5-bird-flu-native-birds-mammals.pdf,True,https://www.dcceew.gov.au/sites/default/files/documents/national-risk-scores-h5-bird-flu-native-birds-mammals.pdf,
,irediparra-gallinacea,Comb-crested Jacana,Irediparra gallinacea,Birds,,,High,,,,,,,True,https://www.dcceew.gov.au/sites/default/files/documents/national-risk-scores-h5-bird-flu-native-birds-mammals.pdf,True,https://www.dcceew.gov.au/sites/default/files/documents/national-risk-scores-h5-bird-flu-native-birds-mammals.pdf,
,irediparra-gallinacea-novaehollandiae,Australian Comb-crested Jacana,Irediparra gallinacea novaehollandiae,Birds,,,High,,,,,,,True,https://www.dcceew.gov.au/sites/default/files/documents/national-risk-scores-h5-bird-flu-native-birds-mammals.pdf,True,https://www.dcceew.gov.au/sites/default/files/documents/national-risk-scores-h5-bird-flu-native-birds-mammals.pdf,
,tyto-javanica,Barn Owl,Tyto javanica,Birds,,,High,,,,,,,True,https://www.dcceew.gov.au/sites/default/files/documents/national-risk-scores-h5-bird-flu-native-birds-mammals.pdf,True,https://www.dcceew.gov.au/sites/default/files/documents/national-risk-scores-h5-bird-flu-native-birds-mammals.pdf,
,tyto-javanica-delicatula,Barn Owl,Tyto javanica delicatula,Birds,,,High,,,,,,,True,https://www.dcceew.gov.au/sites/default/files/documents/national-risk-scores-h5-bird-flu-native-birds-mammals.pdf,True,https://www.dcceew.gov.au/sites/default/files/documents/national-risk-scores-h5-bird-flu-native-birds-mammals.pdf,
,tyto-longimembris,Eastern Grass Owl,Tyto longimembris,Birds,,,High,,,,,,,True,https://www.dcceew.gov.au/sites/default/files/documents/national-risk-scores-h5-bird-flu-native-birds-mammals.pdf,True,https://www.dcceew.gov.au/sites/default/files/documents/national-risk-scores-h5-bird-flu-native-birds-mammals.pdf,
,tyto-novaehollandiae,Masked Owl,Tyto novaehollandiae,Birds,,,High,,,,,,,True,https://www.dcceew.gov.au/sites/default/files/documents/national-risk-scores-h5-bird-flu-native-birds-mammals.pdf,True,https://www.dcceew.gov.au/sites/default/files/documents/national-risk-scores-h5-bird-flu-native-birds-mammals.pdf,
,tyto-novaehollandiae-galei,Masked Owl,Tyto novaehollandiae galei,Birds,,,High,,,,,,,True,https://www.dcceew.gov.au/sites/default/files/documents/national-risk-scores-h5-bird-flu-native-birds-mammals.pdf,True,https://www.dcceew.gov.au/sites/default/files/documents/national-risk-scores-h5-bird-flu-native-birds-mammals.pdf,
,tyto-novaehollandiae-novaehollandiae,Southern Masked Owl,Tyto novaehollandiae novaehollandiae,Birds,,,High,,,,,,,True,https://www.dcceew.gov.au/sites/default/files/documents/national-risk-scores-h5-bird-flu-native-birds-mammals.pdf,True,https://www.dcceew.gov.au/sites/default/files/documents/national-risk-scores-h5-bird-flu-native-birds-mammals.pdf,
,alectura-lathami,Australian Brush-turkey,Alectura lathami,Birds,,,High,,,,,,,True,https://www.dcceew.gov.au/sites/default/files/documents/national-risk-scores-h5-bird-flu-native-birds-mammals.pdf,True,https://www.dcceew.gov.au/sites/default/files/documents/national-risk-scores-h5-bird-flu-native-birds-mammals.pdf,
,alectura-lathami-lathami,Southern Australian Brush-turkey,Alectura lathami lathami,Birds,,,High,,,,,,,True,https://www.dcceew.gov.au/sites/default/files/documents/national-risk-scores-h5-bird-flu-native-birds-mammals.pdf,True,https://www.dcceew.gov.au/sites/default/files/documents/national-risk-scores-h5-bird-flu-native-birds-mammals.pdf,
,megapodius-reinwardt,Orange-footed Scrubfowl,Megapodius reinwardt,Birds,,,High,,,,,,,True,https://www.dcceew.gov.au/sites/default/files/documents/national-risk-scores-h5-bird-flu-native-birds-mammals.pdf,True,https://www.dcceew.gov.au/sites/default/files/documents/national-risk-scores-h5-bird-flu-native-birds-mammals.pdf,
,megapodius-reinwardt-castanonotus,Southern Queensland Orange-footed Scrubfowl,Megapodius reinwardt castanonotus,Birds,,,High,,,,,,,True,https://www.dcceew.gov.au/sites/default/files/documents/national-risk-scores-h5-bird-flu-native-birds-mammals.pdf,True,https://www.dcceew.gov.au/sites/default/files/documents/national-risk-scores-h5-bird-flu-native-birds-mammals.pdf,
,megapodius-reinwardt-tumulus,Western Orange-footed Scrubfowl,Megapodius reinwardt tumulus,Birds,,,High,,,,,,,True,https://www.dcceew.gov.au/sites/default/files/documents/national-risk-scores-h5-bird-flu-native-birds-mammals.pdf,True,https://www.dcceew.gov.au/sites/default/files/documents/national-risk-scores-h5-bird-flu-native-birds-mammals.pdf,
,megapodius-reinwardt-yorki,Cape York Orange-footed Scrubfowl,Megapodius reinwardt yorki,Birds,,,High,,,,,,,True,https://www.dcceew.gov.au/sites/default/files/documents/national-risk-scores-h5-bird-flu-native-birds-mammals.pdf,True,https://www.dcceew.gov.au/sites/default/files/documents/national-risk-scores-h5-bird-flu-native-birds-mammals.pdf,
,ducula-spilorrhoa,Torresian Imperial-Pigeon,Ducula spilorrhoa,Birds,,,High,,,,,,,True,https://www.dcceew.gov.au/sites/default/files/documents/national-risk-scores-h5-bird-flu-native-birds-mammals.pdf,True,https://www.dcceew.gov.au/sites/default/files/documents/national-risk-scores-h5-bird-flu-native-birds-mammals.pdf,
,charadrius-bicinctus-bicinctus,New Zealand Double-banded Plover,Charadrius bicinctus bicinctus,Birds,,,High,,,,,,,True,https://www.dcceew.gov.au/sites/default/files/documents/national-risk-scores-h5-bird-flu-native-birds-mammals.pdf,True,https://www.dcceew.gov.au/sites/default/files/documents/national-risk-scores-h5-bird-flu-native-birds-mammals.pdf,
,charadrius-leschenaultii-leschenaultii,Mongolian Greater Sand Plover,Charadrius leschenaultii leschenaultii,Birds,,,High,,,,,,,True,https://www.dcceew.gov.au/sites/default/files/documents/national-risk-scores-h5-bird-flu-native-birds-mammals.pdf,True,https://www.dcceew.gov.au/sites/default/files/documents/national-risk-scores-h5-bird-flu-native-birds-mammals.pdf,
,pluvialis-squatarola-squatarola,Eastern Grey Plover,Pluvialis squatarola squatarola,Birds,,,High,,,,,,,True,https://www.dcceew.gov.au/sites/default/files/documents/national-risk-scores-h5-bird-flu-native-birds-mammals.pdf,True,https://www.dcceew.gov.au/sites/default/files/documents/national-risk-scores-h5-bird-flu-native-birds-mammals.pdf,
,charadrius-mongolus-mongolus,Mongolian Lesser Sand Plover,Charadrius mongolus mongolus,Birds,,,High,,,,,,,True,https://www.dcceew.gov.au/sites/default/files/documents/national-risk-scores-h5-bird-flu-native-birds-mammals.pdf,True,https://www.dcceew.gov.au/sites/default/files/documents/national-risk-scores-h5-bird-flu-native-birds-mammals.pdf,
,charadrius-mongolus-stegmanni,Kamchatkan Lesser Sand Plover,Charadrius mongolus stegmanni,Birds,,,High,,,,,,,True,https://www.dcceew.gov.au/sites/default/files/documents/national-risk-scores-h5-bird-flu-native-birds-mammals.pdf,True,https://www.dcceew.gov.au/sites/default/files/documents/national-risk-scores-h5-bird-flu-native-birds-mammals.pdf,
,acrocephalus-australis,Australian Reed-Warbler,Acrocephalus australis,Birds,,,High,,,,,,,True,https://www.dcceew.gov.au/sites/default/files/documents/national-risk-scores-h5-bird-flu-native-birds-mammals.pdf,True,https://www.dcceew.gov.au/sites/default/files/documents/national-risk-scores-h5-bird-flu-native-birds-mammals.pdf,
,acrocephalus-australis-australis,Eastern Australian Reed-Warbler,Acrocephalus australis australis,Birds,,,High,,,,,,,True,https://www.dcceew.gov.au/sites/default/files/documents/national-risk-scores-h5-bird-flu-native-birds-mammals.pdf,True,https://www.dcceew.gov.au/sites/default/files/documents/national-risk-scores-h5-bird-flu-native-birds-mammals.pdf,
,acrocephalus-australis-gouldi,Western Australian Reed-Warbler,Acrocephalus australis gouldi,Birds,,,High,,,,,,,True,https://www.dcceew.gov.au/sites/default/files/documents/national-risk-scores-h5-bird-flu-native-birds-mammals.pdf,True,https://www.dcceew.gov.au/sites/default/files/documents/national-risk-scores-h5-bird-flu-native-birds-mammals.pdf,
,stercorarius-parasiticus,Arctic Jaeger,Stercorarius parasiticus,Birds,,,High,,,,,,,True,https://www.dcceew.gov.au/sites/default/files/documents/national-risk-scores-h5-bird-flu-native-birds-mammals.pdf,True,https://www.dcceew.gov.au/sites/default/files/documents/national-risk-scores-h5-bird-flu-native-birds-mammals.pdf,
,stercorarius-longicaudus,Long-tailed Jaeger,Stercorarius longicaudus,Birds,,,High,,,,,,,True,https://www.dcceew.gov.au/sites/default/files/documents/national-risk-scores-h5-bird-flu-native-birds-mammals.pdf,True,https://www.dcceew.gov.au/sites/default/files/documents/national-risk-scores-h5-bird-flu-native-birds-mammals.pdf,
,stercorarius-longicaudus-pallescens,Long-tailed Jaeger,Stercorarius longicaudus pallescens,Birds,,,High,,,,,,,True,https://www.dcceew.gov.au/sites/default/files/documents/national-risk-scores-h5-bird-flu-native-birds-mammals.pdf,True,https://www.dcceew.gov.au/sites/default/files/documents/national-risk-scores-h5-bird-flu-native-birds-mammals.pdf,
,stercorarius-maccormicki,Long-tailed Jaeger,Stercorarius maccormicki,Birds,,,High,,,,,,,True,https://www.dcceew.gov.au/sites/default/files/documents/national-risk-scores-h5-bird-flu-native-birds-mammals.pdf,True,https://www.dcceew.gov.au/sites/default/files/documents/national-risk-scores-h5-bird-flu-native-birds-mammals.pdf,
,stercorarius-pomarinus,Pomarine Jaeger,Stercorarius pomarinus,Birds,,,High,,,,,,,True,https://www.dcceew.gov.au/sites/default/files/documents/national-risk-scores-h5-bird-flu-native-birds-mammals.pdf,True,https://www.dcceew.gov.au/sites/default/files/documents/national-risk-scores-h5-bird-flu-native-birds-mammals.pdf,
,fringilla-coelebs-gengleri,European Common Chaffinch,Fringilla coelebs gengleri,Birds,,,High,,,,,,,True,https://www.dcceew.gov.au/sites/default/files/documents/national-risk-scores-h5-bird-flu-native-birds-mammals.pdf,True,https://www.dcceew.gov.au/sites/default/files/documents/national-risk-scores-h5-bird-flu-native-birds-mammals.pdf,
,oceanites-oceanicus-exasperatus,Antarctic Wilson's Storm-Petrel,Oceanites oceanicus exasperatus,Birds,,,High,,,,,,,True,https://www.dcceew.gov.au/sites/default/files/documents/national-risk-scores-h5-bird-flu-native-birds-mammals.pdf,True,https://www.dcceew.gov.au/sites/default/files/documents/national-risk-scores-h5-bird-flu-native-birds-mammals.pdf,
,oceanites-oceanicus-oceanicus,Subantarctic Wilson's Storm-Petrel,Oceanites oceanicus oceanicus,Birds,,,High,,,,,,,True,https://www.dcceew.gov.au/sites/default/files/documents/national-risk-scores-h5-bird-flu-native-birds-mammals.pdf,True,https://www.dcceew.gov.au/sites/default/files/documents/national-risk-scores-h5-bird-flu-native-birds-mammals.pdf,
,ephippiorhynchus-asiaticus-australis,Torresian Black-necked Stork,Ephippiorhynchus asiaticus australis,Birds,,,High,,,,,,,True,https://www.dcceew.gov.au/sites/default/files/documents/national-risk-scores-h5-bird-flu-native-birds-mammals.pdf,True,https://www.dcceew.gov.au/sites/default/files/documents/national-risk-scores-h5-bird-flu-native-birds-mammals.pdf,
,phaethon-rubricauda-roseotinctus,Pacific Red-tailed Tropicbird,Phaethon rubricauda roseotinctus,Birds,,,High,,,,,,,True,https://www.dcceew.gov.au/sites/default/files/documents/national-risk-scores-h5-bird-flu-native-birds-mammals.pdf,True,https://www.dcceew.gov.au/sites/default/files/documents/national-risk-scores-h5-bird-flu-native-birds-mammals.pdf,
,phaethon-lepturus-dorotheae,Pacific White-tailed Tropicbird,Phaethon lepturus dorotheae,Birds,,,High,,,,,,,True,https://www.dcceew.gov.au/sites/default/files/documents/national-risk-scores-h5-bird-flu-native-birds-mammals.pdf,True,https://www.dcceew.gov.au/sites/default/files/documents/national-risk-scores-h5-bird-flu-native-birds-mammals.pdf,
,strepera-graculina,Pied Currawong,Strepera graculina,Birds,,,High,,,,,,,True,https://www.dcceew.gov.au/sites/default/files/documents/national-risk-scores-h5-bird-flu-native-birds-mammals.pdf,True,https://www.dcceew.gov.au/sites/default/files/documents/national-risk-scores-h5-bird-flu-native-birds-mammals.pdf,
,strepera-graculina-ashbyi,Western Pied Currawong,Strepera graculina ashbyi,Birds,,,High,,,,,,,True,https://www.dcceew.gov.au/sites/default/files/documents/national-risk-scores-h5-bird-flu-native-birds-mammals.pdf,True,https://www.dcceew.gov.au/sites/default/files/documents/national-risk-scores-h5-bird-flu-native-birds-mammals.pdf,
,strepera-graculina-graculina,Pied Currawong,Strepera graculina graculina,Birds,,,High,,,,,,,True,https://www.dcceew.gov.au/sites/default/files/documents/national-risk-scores-h5-bird-flu-native-birds-mammals.pdf,True,https://www.dcceew.gov.au/sites/default/files/documents/national-risk-scores-h5-bird-flu-native-birds-mammals.pdf,
,strepera-graculina-magnirostris,Cape York Pied Currawong,Strepera graculina magnirostris,Birds,,,High,,,,,,,True,https://www.dcceew.gov.au/sites/default/files/documents/national-risk-scores-h5-bird-flu-native-birds-mammals.pdf,True,https://www.dcceew.gov.au/sites/default/files/documents/national-risk-scores-h5-bird-flu-native-birds-mammals.pdf,
,strepera-graculina-nebulosa,South-eastern Pied Currawong,Strepera graculina nebulosa,Birds,,,High,,,,,,,True,https://www.dcceew.gov.au/sites/default/files/documents/national-risk-scores-h5-bird-flu-native-birds-mammals.pdf,True,https://www.dcceew.gov.au/sites/default/files/documents/national-risk-scores-h5-bird-flu-native-birds-mammals.pdf,
,balaenoptera-edeni,Bryde's Whale,Balaenoptera edeni,Mammals,,,High,,,,,,,True,https://www.dcceew.gov.au/sites/default/files/documents/national-risk-scores-h5-bird-flu-native-birds-mammals.pdf,True,https://www.dcceew.gov.au/sites/default/files/documents/national-risk-scores-h5-bird-flu-native-birds-mammals.pdf,
,megaptera-novaeangliae,Humpback Whale,Megaptera novaeangliae,Mammals,,,High,,,,,,,True,https://www.dcceew.gov.au/sites/default/files/documents/national-risk-scores-h5-bird-flu-native-birds-mammals.pdf,True,https://www.dcceew.gov.au/sites/default/files/documents/national-risk-scores-h5-bird-flu-native-birds-mammals.pdf,
,caperea-marginata,Pygmy Right Whale,Caperea marginata,Mammals,,,High,,,,,,,True,https://www.dcceew.gov.au/sites/default/files/documents/national-risk-scores-h5-bird-flu-native-birds-mammals.pdf,True,https://www.dcceew.gov.au/sites/default/files/documents/national-risk-scores-h5-bird-flu-native-birds-mammals.pdf,
,stiltia-isabella,Australian Pratincole,Stiltia isabella,Birds,,,High,,,,,,,True,https://www.dcceew.gov.au/sites/default/files/documents/national-risk-scores-h5-bird-flu-native-birds-mammals.pdf,True,https://www.dcceew.gov.au/sites/default/files/documents/national-risk-scores-h5-bird-flu-native-birds-mammals.pdf,
,glareola-maldivarum,Oriental Pratincole,Glareola maldivarum,Birds,,,High,,,,,,,True,https://www.dcceew.gov.au/sites/default/files/documents/national-risk-scores-h5-bird-flu-native-birds-mammals.pdf,True,https://www.dcceew.gov.au/sites/default/files/documents/national-risk-scores-h5-bird-flu-native-birds-mammals.pdf,
,himantopus-himantopus,Little Eagle,Himantopus himantopus,Birds,,,High,,,,,,,True,https://www.dcceew.gov.au/sites/default/files/documents/national-risk-scores-h5-bird-flu-native-birds-mammals.pdf,True,https://www.dcceew.gov.au/sites/default/files/documents/national-risk-scores-h5-bird-flu-native-birds-mammals.pdf,
,charadrius-veredus,Oriental Plover,Charadrius veredus,Birds,,,High,,,,,,,True,https://www.dcceew.gov.au/sites/default/files/documents/national-risk-scores-h5-bird-flu-native-birds-mammals.pdf,True,https://www.dcceew.gov.au/sites/default/files/documents/national-risk-scores-h5-bird-flu-native-birds-mammals.pdf,
,charadrius-bicinctus,Double-banded Plover,Charadrius bicinctus,Birds,,,High,,,,,,,True,https://www.dcceew.gov.au/sites/default/files/documents/national-risk-scores-h5-bird-flu-native-birds-mammals.pdf,True,https://www.dcceew.gov.au/sites/default/files/documents/national-risk-scores-h5-bird-flu-native-birds-mammals.pdf,
,haliaeetus-leucogaster,White-bellied Sea-Eagle,Haliaeetus leucogaster,Birds,,,High,,,,,,,True,https://www.dcceew.gov.au/sites/default/files/documents/national-risk-scores-h5-bird-flu-native-birds-mammals.pdf,True,https://www.dcceew.gov.au/sites/default/files/documents/national-risk-scores-h5-bird-flu-native-birds-mammals.pdf,
,phaethon-rubricauda,Pacific Red-tailed Tropicbird,Phaethon rubricauda,Birds,,,High,,,,,,,True,https://www.dcceew.gov.au/sites/default/files/documents/national-risk-scores-h5-bird-flu-native-birds-mammals.pdf,True,https://www.dcceew.gov.au/sites/default/files/documents/national-risk-scores-h5-bird-flu-native-birds-mammals.pdf,
,pluvialis-fulva,Pacific Golden Plover,Pluvialis fulva,Birds,,,High,,,,,,,True,https://www.dcceew.gov.au/sites/default/files/documents/national-risk-scores-h5-bird-flu-native-birds-mammals.pdf,True,https://www.dcceew.gov.au/sites/default/files/documents/national-risk-scores-h5-bird-flu-native-birds-mammals.pdf,
,catharacta-skua,Great Skua,Catharacta skua,Birds,,,High,,,,,,,True,https://www.dcceew.gov.au/sites/default/files/documents/national-risk-scores-h5-bird-flu-native-birds-mammals.pdf,True,https://www.dcceew.gov.au/sites/default/files/documents/national-risk-scores-h5-bird-flu-native-birds-mammals.pdf,
,puffinus-carneipes,Flesh-footed Shearwater,Puffinus carneipes,Birds,,,High,,,,,,,True,https://www.dcceew.gov.au/sites/default/files/documents/national-risk-scores-h5-bird-flu-native-birds-mammals.pdf,True,https://www.dcceew.gov.au/sites/default/files/documents/national-risk-scores-h5-bird-flu-native-birds-mammals.pdf,
,macronectes-halli,Northern Giant-Petrel,Macronectes halli,Birds,,Vulnerable,High,,,,,,,True,https://www.dcceew.gov.au/sites/default/files/documents/national-risk-scores-h5-bird-flu-native-birds-mammals.pdf,True,https://www.dcceew.gov.au/sites/default/files/documents/national-risk-scores-h5-bird-flu-native-birds-mammals.pdf,
,macronectes-giganteus,"Southern Giant-Petrel, Southern Giant Petrel",Macronectes giganteus,Birds,,Endangered,High,,,,,,,True,https://www.dcceew.gov.au/sites/default/files/documents/national-risk-scores-h5-bird-flu-native-birds-mammals.pdf,True,https://www.dcceew.gov.au/sites/default/files/documents/national-risk-scores-h5-bird-flu-native-birds-mammals.pdf,
,orcinus-orca,"Killer Whale, Orca",Orcinus orca,Mammals,,,Very high,,,,,,,True,https://www.dcceew.gov.au/sites/default/files/documents/national-risk-scores-h5-bird-flu-native-birds-mammals.pdf,True,https://www.dcceew.gov.au/sites/default/files/documents/national-risk-scores-h5-bird-flu-native-birds-mammals.pdf,
,pterodroma-leucoptera-leucoptera,Australian Gould's Petrel,Pterodroma leucoptera leucoptera,Birds,,Endangered,High,,,,,,,True,https://www.dcceew.gov.au/sites/default/files/documents/national-risk-scores-h5-bird-flu-native-birds-mammals.pdf,True,https://www.dcceew.gov.au/sites/default/files/documents/national-risk-scores-h5-bird-flu-native-birds-mammals.pdf,
,leucocarbo-atriceps,Imperial Shag,Leucocarbo atriceps,Birds,,,Very high,,,,,,,True,https://www.dcceew.gov.au/sites/default/files/documents/national-risk-scores-h5-bird-flu-native-birds-mammals.pdf,True,https://www.dcceew.gov.au/sites/default/files/documents/national-risk-scores-h5-bird-flu-native-birds-mammals.pdf,
,leucocarbo-verrucosus,Imperial Shag,Leucocarbo verrucosus,Birds,,,Very high,,,,,,,True,https://www.dcceew.gov.au/sites/default/files/documents/national-risk-scores-h5-bird-flu-native-birds-mammals.pdf,True,https://www.dcceew.gov.au/sites/default/files/documents/national-risk-scores-h5-bird-flu-native-birds-mammals.pdf,
,antigone-antigone,Sarus Crane,Antigone antigone,Birds,,,Very high,,,,,,,True,https://www.dcceew.gov.au/sites/default/files/documents/national-risk-scores-h5-bird-flu-native-birds-mammals.pdf,True,https://www.dcceew.gov.au/sites/default/files/documents/national-risk-scores-h5-bird-flu-native-birds-mammals.pdf,
,antigone-antigone-gillae,Australian Sarus Crane,Antigone antigone gillae,Birds,,,Very high,,,,,,,True,https://www.dcceew.gov.au/sites/default/files/documents/national-risk-scores-h5-bird-flu-native-birds-mammals.pdf,True,https://www.dcceew.gov.au/sites/default/files/documents/national-risk-scores-h5-bird-flu-native-birds-mammals.pdf,
,corvus-orru-orru,Papuan Torresian Crow,Corvus orru orru,Birds,,,High,,,,,,,True,https://www.dcceew.gov.au/sites/default/files/documents/national-risk-scores-h5-bird-flu-native-birds-mammals.pdf,True,https://www.dcceew.gov.au/sites/default/files/documents/national-risk-scores-h5-bird-flu-native-birds-mammals.pdf,
,accipiter-fasciatus-dogwa,Papuan Brown Goshawk,Accipiter fasciatus dogwa,Birds,,,High,,,,,,,True,https://www.dcceew.gov.au/sites/default/files/documents/national-risk-scores-h5-bird-flu-native-birds-mammals.pdf,True,https://www.dcceew.gov.au/sites/default/files/documents/national-risk-scores-h5-bird-flu-native-birds-mammals.pdf,
,fregata-minor-minor,Great Frigatebird,Fregata minor minor,Birds,,,Very high,,,,,,,True,https://www.dcceew.gov.au/sites/default/files/documents/national-risk-scores-h5-bird-flu-native-birds-mammals.pdf,True,https://www.dcceew.gov.au/sites/default/files/documents/national-risk-scores-h5-bird-flu-native-birds-mammals.pdf,
,fregata-minor-palmerstoni,Great Frigatebird,Fregata minor palmerstoni,Birds,,,Very high,,,,,,,True,https://www.dcceew.gov.au/sites/default/files/documents/national-risk-scores-h5-bird-flu-native-birds-mammals.pdf,True,https://www.dcceew.gov.au/sites/default/files/documents/national-risk-scores-h5-bird-flu-native-birds-mammals.pdf,
,sula-leucogaster-plotus,Indo-Pacific Brown Booby,Sula leucogaster plotus,Birds,,,Very high,,,,,,,True,https://www.dcceew.gov.au/sites/default/files/documents/national-risk-scores-h5-bird-flu-native-birds-mammals.pdf,True,https://www.dcceew.gov.au/sites/default/files/documents/national-risk-scores-h5-bird-flu-native-birds-mammals.pdf,
,sula-dactylatra-bedouti,Masked Booby,Sula dactylatra bedouti,Birds,,,Very high,,,,,,,True,https://www.dcceew.gov.au/sites/default/files/documents/national-risk-scores-h5-bird-flu-native-birds-mammals.pdf,True,https://www.dcceew.gov.au/sites/default/files/documents/national-risk-scores-h5-bird-flu-native-birds-mammals.pdf,
,anous-tenuirostris,Lesser Noddy,Anous tenuirostris,Birds,,,Very high,,,,,,,True,https://www.dcceew.gov.au/sites/default/files/documents/national-risk-scores-h5-bird-flu-native-birds-mammals.pdf,True,https://www.dcceew.gov.au/sites/default/files/documents/national-risk-scores-h5-bird-flu-native-birds-mammals.pdf,
,sternula-albifrons-placens,South east Little Tern,Sternula albifrons placens,Birds,,,Very high,,,,,,,True,https://www.dcceew.gov.au/sites/default/files/documents/national-risk-scores-h5-bird-flu-native-birds-mammals.pdf,True,https://www.dcceew.gov.au/sites/default/files/documents/national-risk-scores-h5-bird-flu-native-birds-mammals.pdf,
,sternula-albifrons-sinensis,Western Pacific Little Tern,Sternula albifrons sinensis,Birds,,,Very high,,,,,,,True,https://www.dcceew.gov.au/sites/default/files/documents/national-risk-scores-h5-bird-flu-native-birds-mammals.pdf,True,https://www.dcceew.gov.au/sites/default/files/documents/national-risk-scores-h5-bird-flu-native-birds-mammals.pdf,
,larus-pacificus-pacificus,East Coast Pacific Gull,Larus pacificus pacificus,Birds,,,Very high,,,,,,,True,https://www.dcceew.gov.au/sites/default/files/documents/national-risk-scores-h5-bird-flu-native-birds-mammals.pdf,True,https://www.dcceew.gov.au/sites/default/files/documents/national-risk-scores-h5-bird-flu-native-birds-mammals.pdf,
,sterna-dougallii-bangsi,Asian Roseate Tern,Sterna dougallii bangsi,Birds,,,Very high,,,,,,,True,https://www.dcceew.gov.au/sites/default/files/documents/national-risk-scores-h5-bird-flu-native-birds-mammals.pdf,True,https://www.dcceew.gov.au/sites/default/files/documents/national-risk-scores-h5-bird-flu-native-birds-mammals.pdf,
,sterna-dougallii-gracilis,Australasian Roseate Tern,Sterna dougallii gracilis,Birds,,,Very high,,,,,,,True,https://www.dcceew.gov.au/sites/default/files/documents/national-risk-scores-h5-bird-flu-native-birds-mammals.pdf,True,https://www.dcceew.gov.au/sites/default/files/documents/national-risk-scores-h5-bird-flu-native-birds-mammals.pdf,
,onychoprion-fuscatus-nubilosa,Sooty Tern,Onychoprion fuscatus nubilosa,Birds,,,Very high,,,,,,,True,https://www.dcceew.gov.au/sites/default/files/documents/national-risk-scores-h5-bird-flu-native-birds-mammals.pdf,True,https://www.dcceew.gov.au/sites/default/files/documents/national-risk-scores-h5-bird-flu-native-birds-mammals.pdf,
,onychoprion-fuscatus-serrata,Sooty Tern,Onychoprion fuscatus serrata,Birds,,,Very high,,,,,,,True,https://www.dcceew.gov.au/sites/default/files/documents/national-risk-scores-h5-bird-flu-native-birds-mammals.pdf,True,https://www.dcceew.gov.au/sites/default/files/documents/national-risk-scores-h5-bird-flu-native-birds-mammals.pdf,
,gygis-alba,White Tern,Gygis alba,Birds,,,High,,,,,,,True,https://www.dcceew.gov.au/sites/default/files/documents/national-risk-scores-h5-bird-flu-native-birds-mammals.pdf,True,https://www.dcceew.gov.au/sites/default/files/documents/national-risk-scores-h5-bird-flu-native-birds-mammals.pdf,
,gygis-alba-candida,Indo-Pacific White Tern,Gygis alba candida,Birds,,,High,,,,,,,True,https://www.dcceew.gov.au/sites/default/files/documents/national-risk-scores-h5-bird-flu-native-birds-mammals.pdf,True,https://www.dcceew.gov.au/sites/default/files/documents/national-risk-scores-h5-bird-flu-native-birds-mammals.pdf,
,ardea-intermedia,Intermediate Egret,Ardea intermedia,Birds,,,Very high,,,,,,,True,https://www.dcceew.gov.au/sites/default/files/documents/national-risk-scores-h5-bird-flu-native-birds-mammals.pdf,True,https://www.dcceew.gov.au/sites/default/files/documents/national-risk-scores-h5-bird-flu-native-birds-mammals.pdf,
,ardea-intermedia-plumifera,Plumed Egret,Ardea intermedia plumifera,Birds,,,Very high,,,,,,,True,https://www.dcceew.gov.au/sites/default/files/documents/national-risk-scores-h5-bird-flu-native-birds-mammals.pdf,True,https://www.dcceew.gov.au/sites/default/files/documents/national-risk-scores-h5-bird-flu-native-birds-mammals.pdf,
,megapodius-reinwardt-reinwardt,Papuan Orange-footed Scrubfowl,Megapodius reinwardt reinwardt,Birds,,,High,,,,,,,True,https://www.dcceew.gov.au/sites/default/files/documents/national-risk-scores-h5-bird-flu-native-birds-mammals.pdf,True,https://www.dcceew.gov.au/sites/default/files/documents/national-risk-scores-h5-bird-flu-native-birds-mammals.pdf,
,eudyptula-minor-novaehollandiae,Australian Little Penguin,Eudyptula minor novaehollandiae,Birds,,,Very high,,,,,,,True,https://www.dcceew.gov.au/sites/default/files/documents/national-risk-scores-h5-bird-flu-native-birds-mammals.pdf,True,https://www.dcceew.gov.au/sites/default/files/documents/national-risk-scores-h5-bird-flu-native-birds-mammals.pdf,
,eudyptes-chrysolophus-chrysolophus,Macaroni Penguin,Eudyptes chrysolophus chrysolophus,Birds,,,Very high,,,,,,,True,https://www.dcceew.gov.au/sites/default/files/documents/national-risk-scores-h5-bird-flu-native-birds-mammals.pdf,True,https://www.dcceew.gov.au/sites/default/files/documents/national-risk-scores-h5-bird-flu-native-birds-mammals.pdf,
,chionis-minor,Black-faced Sheathbill,Chionis minor,Birds,,,Very high,,,,,,,True,https://www.dcceew.gov.au/sites/default/files/documents/national-risk-scores-h5-bird-flu-native-birds-mammals.pdf,True,https://www.dcceew.gov.au/sites/default/files/documents/national-risk-scores-h5-bird-flu-native-birds-mammals.pdf,
,chionis-minor-nasicornis,Heard Island Black-faced Sheathbill,Chionis minor nasicornis,Birds,,,Very high,,,,,,,True,https://www.dcceew.gov.au/sites/default/files/documents/national-risk-scores-h5-bird-flu-native-birds-mammals.pdf,True,https://www.dcceew.gov.au/sites/default/files/documents/national-risk-scores-h5-bird-flu-native-birds-mammals.pdf,
,pelagodroma-marina-dulciae,Australian White-faced Storm-Petrel,Pelagodroma marina dulciae,Birds,,,Very high,,,,,,,True,https://www.dcceew.gov.au/sites/default/files/documents/national-risk-scores-h5-bird-flu-native-birds-mammals.pdf,True,https://www.dcceew.gov.au/sites/default/files/documents/national-risk-scores-h5-bird-flu-native-birds-mammals.pdf,
,hydrurga-leptonyx,Leopard Seal,Hydrurga leptonyx,Mammals,,,Extreme,,,,,,,True,https://www.dcceew.gov.au/sites/default/files/documents/national-risk-scores-h5-bird-flu-native-birds-mammals.pdf,True,https://www.dcceew.gov.au/sites/default/files/documents/national-risk-scores-h5-bird-flu-native-birds-mammals.pdf,
,leptonychotes-weddellii,Weddell Seal,Leptonychotes weddellii,Mammals,,,Very high,,,,,,,True,https://www.dcceew.gov.au/sites/default/files/documents/national-risk-scores-h5-bird-flu-native-birds-mammals.pdf,True,https://www.dcceew.gov.au/sites/default/files/documents/national-risk-scores-h5-bird-flu-native-birds-mammals.pdf,
,ommatophoca-rossii,Ross Seal,Ommatophoca rossii,Mammals,,,Very high,,,,,,,True,https://www.dcceew.gov.au/sites/default/files/documents/national-risk-scores-h5-bird-flu-native-birds-mammals.pdf,True,https://www.dcceew.gov.au/sites/default/files/documents/national-risk-scores-h5-bird-flu-native-birds-mammals.pdf,
,arctocephalus-forsteri,New Zealand Fur Seal,Arctocephalus forsteri,Mammals,,,Very high,,,,,,,True,https://www.dcceew.gov.au/sites/default/files/documents/national-risk-scores-h5-bird-flu-native-birds-mammals.pdf,True,https://www.dcceew.gov.au/sites/default/files/documents/national-risk-scores-h5-bird-flu-native-birds-mammals.pdf,
,arctocephalus-pusillus,Australian Fur Seal,Arctocephalus pusillus,Mammals,,,Very high,,,,,,,True,https://www.dcceew.gov.au/sites/default/files/documents/national-risk-scores-h5-bird-flu-native-birds-mammals.pdf,True,https://www.dcceew.gov.au/sites/default/files/documents/national-risk-scores-h5-bird-flu-native-birds-mammals.pdf,
,neophoca-cinerea,Australian Sea-lion,Neophoca cinerea,Mammals,,Endangered,Very high,,,,,,,True,https://www.dcceew.gov.au/sites/default/files/documents/national-risk-scores-h5-bird-flu-native-birds-mammals.pdf,True,https://www.dcceew.gov.au/sites/default/files/documents/national-risk-scores-h5-bird-flu-native-birds-mammals.pdf,
,mirounga-leonina,Southern Elephant Seal,Mirounga leonina,Mammals,,Vulnerable,Very high,,,,,,,True,https://www.dcceew.gov.au/sites/default/files/documents/national-risk-scores-h5-bird-flu-native-birds-mammals.pdf,True,https://www.dcceew.gov.au/sites/default/files/documents/national-risk-scores-h5-bird-flu-native-birds-mammals.pdf,
,sterna-nereis,Fairy Tern,Sterna nereis,Birds,,,Very high,,,,,,,True,https://www.dcceew.gov.au/sites/default/files/documents/national-risk-scores-h5-bird-flu-native-birds-mammals.pdf,True,https://www.dcceew.gov.au/sites/default/files/documents/national-risk-scores-h5-bird-flu-native-birds-mammals.pdf,
,sterna-dougallii,Roseate Tern,Sterna dougallii,Birds,,,Very high,,,,,,,True,https://www.dcceew.gov.au/sites/default/files/documents/national-risk-scores-h5-bird-flu-native-birds-mammals.pdf,True,https://www.dcceew.gov.au/sites/default/files/documents/national-risk-scores-h5-bird-flu-native-birds-mammals.pdf,
,anous-minutus,Black Noddy,Anous minutus,Birds,,,Very high,,,,,,,True,https://www.dcceew.gov.au/sites/default/files/documents/national-risk-scores-h5-bird-flu-native-birds-mammals.pdf,True,https://www.dcceew.gov.au/sites/default/files/documents/national-risk-scores-h5-bird-flu-native-birds-mammals.pdf,
,anous-stolidus,Common Noddy,Anous stolidus,Birds,,,Very high,,,,,,,True,https://www.dcceew.gov.au/sites/default/files/documents/national-risk-scores-h5-bird-flu-native-birds-mammals.pdf,True,https://www.dcceew.gov.au/sites/default/files/documents/national-risk-scores-h5-bird-flu-native-birds-mammals.pdf,
,charadrius-mongolus,Lesser Sand Plover,Charadrius mongolus,Birds,,Endangered,High,,,,,,,True,https://www.dcceew.gov.au/sites/default/files/documents/national-risk-scores-h5-bird-flu-native-birds-mammals.pdf,True,https://www.dcceew.gov.au/sites/default/files/documents/national-risk-scores-h5-bird-flu-native-birds-mammals.pdf,
,phaethon-lepturus,White-tailed Tropicbird,Phaethon lepturus,Birds,,,High,,,,,,,True,https://www.dcceew.gov.au/sites/default/files/documents/national-risk-scores-h5-bird-flu-native-birds-mammals.pdf,True,https://www.dcceew.gov.au/sites/default/files/documents/national-risk-scores-h5-bird-flu-native-birds-mammals.pdf,
,morus-serrator,Australasian Gannet,Morus serrator,Birds,,,Very high,,,,,,,True,https://www.dcceew.gov.au/sites/default/files/documents/national-risk-scores-h5-bird-flu-native-birds-mammals.pdf,True,https://www.dcceew.gov.au/sites/default/files/documents/national-risk-scores-h5-bird-flu-native-birds-mammals.pdf,
,sula-dactylatra,Masked Booby,Sula dactylatra,Birds,,,Very high,,,,,,,True,https://www.dcceew.gov.au/sites/default/files/documents/national-risk-scores-h5-bird-flu-native-birds-mammals.pdf,True,https://www.dcceew.gov.au/sites/default/files/documents/national-risk-scores-h5-bird-flu-native-birds-mammals.pdf,
,sula-leucogaster,Brown Booby,Sula leucogaster,Birds,,,Very high,,,,,,,True,https://www.dcceew.gov.au/sites/default/files/documents/national-risk-scores-h5-bird-flu-native-birds-mammals.pdf,True,https://www.dcceew.gov.au/sites/default/files/documents/national-risk-scores-h5-bird-flu-native-birds-mammals.pdf,
,oceanites-oceanicus,Wilson's Storm-Petrel,Oceanites oceanicus,Birds,,,Very high,,,,,,,True,https://www.dcceew.gov.au/sites/default/files/documents/national-risk-scores-h5-bird-flu-native-birds-mammals.pdf,True,https://www.dcceew.gov.au/sites/default/files/documents/national-risk-scores-h5-bird-flu-native-birds-mammals.pdf,
,pterodroma-solandri,Providence Petrel,Pterodroma solandri,Birds,,,High,,,,,,,True,https://www.dcceew.gov.au/sites/default/files/documents/national-risk-scores-h5-bird-flu-native-birds-mammals.pdf,True,https://www.dcceew.gov.au/sites/default/files/documents/national-risk-scores-h5-bird-flu-native-birds-mammals.pdf,
,pachyptila-crassirostris,Fulmar Prion,Pachyptila crassirostris,Birds,,,High,,,,,,,True,https://www.dcceew.gov.au/sites/default/files/documents/national-risk-scores-h5-bird-flu-native-birds-mammals.pdf,True,https://www.dcceew.gov.au/sites/default/files/documents/national-risk-scores-h5-bird-flu-native-birds-mammals.pdf,
,eudyptes-chrysocome,Southern Rockhopper Penguin,Eudyptes chrysocome,Birds,,,Very high,,,,,,,True,https://www.dcceew.gov.au/sites/default/files/documents/national-risk-scores-h5-bird-flu-native-birds-mammals.pdf,True,https://www.dcceew.gov.au/sites/default/files/documents/national-risk-scores-h5-bird-flu-native-birds-mammals.pdf,
,eudyptula-minor,Little Penguin,Eudyptula minor,Birds,,,Very high,,,,,,,True,https://www.dcceew.gov.au/sites/default/files/documents/national-risk-scores-h5-bird-flu-native-birds-mammals.pdf,True,https://www.dcceew.gov.au/sites/default/files/documents/national-risk-scores-h5-bird-flu-native-birds-mammals.pdf,
,arctocephalus-tropicalis,Subantarctic Fur Seal,Arctocephalus tropicalis,Mammals,,Endangered,Very high,,,,,,,True,https://www.dcceew.gov.au/sites/default/files/documents/national-risk-scores-h5-bird-flu-native-birds-mammals.pdf,True,https://www.dcceew.gov.au/sites/default/files/documents/national-risk-scores-h5-bird-flu-native-birds-mammals.pdf,
,cereopsis-novaehollandiae-grisea,Recherche Cape Barren Goose,Cereopsis novaehollandiae grisea,Birds,,Vulnerable,High,,,,,,,True,https://www.dcceew.gov.au/sites/default/files/documents/national-risk-scores-h5-bird-flu-native-birds-mammals.pdf,True,https://www.dcceew.gov.au/sites/default/files/documents/national-risk-scores-h5-bird-flu-native-birds-mammals.pdf,
,strepera-graculina-crissalis,Lord Howe Pied Currawong,Strepera graculina crissalis,Birds,,Vulnerable,High,,,,,,,True,https://www.dcceew.gov.au/sites/default/files/documents/national-risk-scores-h5-bird-flu-native-birds-mammals.pdf,True,https://www.dcceew.gov.au/sites/default/files/documents/national-risk-scores-h5-bird-flu-native-birds-mammals.pdf,
,phaethon-lepturus-fulvus,Christmas Island White-tailed Tropicbird,Phaethon lepturus fulvus,Birds,,Endangered,High,,,,,,,True,https://www.dcceew.gov.au/sites/default/files/documents/national-risk-scores-h5-bird-flu-native-birds-mammals.pdf,True,https://www.dcceew.gov.au/sites/default/files/documents/national-risk-scores-h5-bird-flu-native-birds-mammals.pdf,
,tyto-novaehollandiae-melvillensis,Tiwi Islands Masked Owl,Tyto novaehollandiae melvillensis,Birds,,Endangered,High,,,,,,,True,https://www.dcceew.gov.au/sites/default/files/documents/national-risk-scores-h5-bird-flu-native-birds-mammals.pdf,True,https://www.dcceew.gov.au/sites/default/files/documents/national-risk-scores-h5-bird-flu-native-birds-mammals.pdf,
,papasula-abbotti,Abbott's Booby,Papasula abbotti,Birds,,Endangered,High,,,,,,,True,https://www.dcceew.gov.au/sites/default/files/documents/national-risk-scores-h5-bird-flu-native-birds-mammals.pdf,True,https://www.dcceew.gov.au/sites/default/files/documents/national-risk-scores-h5-bird-flu-native-birds-mammals.pdf,
,sterna-vittata-bethunei,New Zealand Antarctic Tern,Sterna vittata bethunei,Birds,,Endangered,High,,,,,,,True,https://www.dcceew.gov.au/sites/default/files/documents/national-risk-scores-h5-bird-flu-native-birds-mammals.pdf,True,https://www.dcceew.gov.au/sites/default/files/documents/national-risk-scores-h5-bird-flu-native-birds-mammals.pdf,
,sterna-vittata-vittata,Indian Ocean Antarctic Tern,Sterna vittata vittata,Birds,,Vulnerable,High,,,,,,,True,https://www.dcceew.gov.au/sites/default/files/documents/national-risk-scores-h5-bird-flu-native-birds-mammals.pdf,True,https://www.dcceew.gov.au/sites/default/files/documents/national-risk-scores-h5-bird-flu-native-birds-mammals.pdf,
,thalassarche-cauta,Shy Albatross,Thalassarche cauta,Birds,,Endangered,High,,,,,,,True,https://www.dcceew.gov.au/sites/default/files/documents/national-risk-scores-h5-bird-flu-native-birds-mammals.pdf,True,https://www.dcceew.gov.au/sites/default/files/documents/national-risk-scores-h5-bird-flu-native-birds-mammals.pdf,
,accipiter-hiogaster-natalis,Christmas Island Goshawk,Accipiter hiogaster natalis,Birds,,Endangered,High,,,,,,,True,https://www.dcceew.gov.au/sites/default/files/documents/national-risk-scores-h5-bird-flu-native-birds-mammals.pdf,True,https://www.dcceew.gov.au/sites/default/files/documents/national-risk-scores-h5-bird-flu-native-birds-mammals.pdf,
,turnix-varius-scintillans,Houtman Abrolhos Painted Button-quail,Turnix varius scintillans,Birds,,Endangered,High,,,,,,,True,https://www.dcceew.gov.au/sites/default/files/documents/national-risk-scores-h5-bird-flu-native-birds-mammals.pdf,True,https://www.dcceew.gov.au/sites/default/files/documents/national-risk-scores-h5-bird-flu-native-birds-mammals.pdf,
,sterna-anaethetus,Bridled Tern,Sterna anaethetus,Birds,,,Very high,,,,,,,True,https://www.dcceew.gov.au/sites/default/files/documents/national-risk-scores-h5-bird-flu-native-birds-mammals.pdf,True,https://www.dcceew.gov.au/sites/default/files/documents/national-risk-scores-h5-bird-flu-native-birds-mammals.pdf,
,sterna-fuscata,Sooty Tern,Sterna fuscata,Birds,,,Very high,,,,,,,True,https://www.dcceew.gov.au/sites/default/files/documents/national-risk-scores-h5-bird-flu-native-birds-mammals.pdf,True,https://www.dcceew.gov.au/sites/default/files/documents/national-risk-scores-h5-bird-flu-native-birds-mammals.pdf,
,sterna-albifrons,Little Tern,Sterna albifrons,Birds,,Vulnerable,Very high,,,,,,,True,https://www.dcceew.gov.au/sites/default/files/documents/national-risk-scores-h5-bird-flu-native-birds-mammals.pdf,True,https://www.dcceew.gov.au/sites/default/files/documents/national-risk-scores-h5-bird-flu-native-birds-mammals.pdf,
,sternula-nereis-nereis,Australian Fairy Tern,Sternula nereis nereis,Birds,,Vulnerable,Very high,,,,,,,True,https://www.dcceew.gov.au/sites/default/files/documents/national-risk-scores-h5-bird-flu-native-birds-mammals.pdf,True,https://www.dcceew.gov.au/sites/default/files/documents/national-risk-scores-h5-bird-flu-native-birds-mammals.pdf,
,rostratula-benghalensis-sensu-lato,Australian Painted-Snipe,Rostratula benghalensis (sensu lato),Birds,,Endangered,High,,,,,,,True,https://www.dcceew.gov.au/sites/default/files/documents/national-risk-scores-h5-bird-flu-native-birds-mammals.pdf,True,https://www.dcceew.gov.au/sites/default/files/documents/national-risk-scores-h5-bird-flu-native-birds-mammals.pdf,
