id,slug,commonName,scientificName,taxonGroup,endemic,conservationStatus,fluRisk,fluStatus,fluStatusUpdatedAt,regions,bio,endemicVerified,endemicSourceUrl,conservationStatusVerified,conservationStatusSourceUrl,fluRiskVerified,fluRiskSourceUrl,researchStatus,alaGuid,endemicCandidate,endemicCandidateNotes,conservationStatusCandidate,conservationStatusCandidateRaw,bioCandidate,bioAttributionCandidate,imageUrlCandidate,imageAttributionCandidate,fluStatusCandidate,scriptStatus,scriptError
1,little-penguin,Little Penguin,Eudyptula minor,bird,,,very_high,,,,,FALSE,,FALSE,,TRUE,https://www.dcceew.gov.au/sites/default/files/documents/national-risk-scores-h5-bird-flu-native-birds-mammals.pdf,in_progress,https://biodiversity.org.au/afd/taxa/e0c68347-165c-4bff-b74a-005616df9791,,,,,"The little penguin (Eudyptula minor) is the smallest species of penguin in the world, and originates from New Zealand and Australia. It is commonly known as the fairy penguin, little blue penguin, or blue penguin, owing to its slate-blue plumage and is also known by its Māori name kororā. It is a marine neritic species that dives for food throughout the day and returns to burrows on the shore at dusk. Eudyptula minor feathers are dense in melanosomes, which increase water resistance and give them their unique blue colour.
The Australian little penguin (Eudyptula novaehollandiae), from Australia and the Otago region of New Zealand, was initially described as Spheniscus novaehollandiae in 1826 and was later classified as Eudyptula minor novaehollandiae, a subspecies of the little penguin.",Wikipedia (https://en.wikipedia.org/wiki/Eudyptula_minor),https://images.ala.org.au/store/a/2/0/f/a20f5e3c-610f-42c2-8e7d-54eaa7d4ae8a/thumbnail_large,Atlas of Living Australia (ALA) via https://bie.ala.org.au/species/,,done,
2,black-swan,Black Swan,Cygnus atratus,bird,,,very_high,,,,,FALSE,,FALSE,,TRUE,https://www.dcceew.gov.au/sites/default/files/documents/national-risk-scores-h5-bird-flu-native-birds-mammals.pdf,in_progress,https://biodiversity.org.au/afd/taxa/e848916c-5f2d-43ef-8cba-8e32a9034377,,,,,"The black swan (Cygnus atratus) is a large waterbird, a species of swan which breeds mainly in the southeast and southwest regions of Australia. Within Australia, the black swan is nomadic, with erratic migration patterns dependent on climatic conditions. It is a large bird with black plumage and a red bill. It is a monogamous breeder, with both partners sharing incubation and cygnet-rearing duties.
Black swans can be found singly, or in loose companies numbering into the hundreds or even thousands. It is a popular bird in zoological gardens and bird collections, and escapees are sometimes seen outside their natural range. The black swan was introduced to various countries as an ornamental bird in the 1800s, but has managed to escape and form stable populations. 
This bird is a regional symbol of both Western Australia, where it is native, and the English town of Dawlish, where it is an introduced species.",Wikipedia (https://en.wikipedia.org/wiki/Cygnus_atratus),https://images.ala.org.au/store/2/9/4/6/29462a53-21cf-46ea-8d7e-9cb952517723/thumbnail_large,Atlas of Living Australia (ALA) via https://bie.ala.org.au/species/,,done,
3,greater-crested-tern,Greater Crested Tern,Thalasseus bergii,bird,,,high,,,,,FALSE,,FALSE,,FALSE,,in_progress,https://biodiversity.org.au/afd/taxa/1441c509-faf3-405e-a534-c51cccc4d720,,,,,"The greater crested tern (Thalasseus bergii), also called crested tern, swift tern, or great crested tern, is a tern in the family Laridae that nests in dense colonies on coastlines and islands in the tropical and subtropical Old World. Its four or five subspecies breed in the area from South Africa around the Indian Ocean to the central Pacific and Australia, all populations dispersing widely from the breeding range after nesting. This large tern is closely related to other species in its genus, but can be distinguished by its darker, battleship-grey upperparts, white forehead even in full breeding plumage, and greenish-tinged yellow (not orange or black) bill colour.
The greater crested tern has dark grey upperparts, white underparts, a yellow bill, and a shaggy black crest that recedes in winter. Its young have a distinctive appearance, with strongly patterned grey, brown and white plumage, and rely on their parents for food for several months after they have fledged. Like all members of the genus Thalasseus, the greater crested tern feeds by plunge diving for fish, usually in marine environments; the male offers fish to the female as part of the courtship ritual.
This is an adaptable species that has learned to follow fishing boats for jettisoned  bycatch, and to use unusual nest sites such as the roofs of buildings and artificial islands in salt pans and sewage works. Its eggs and young are taken by gulls and ibises, and human activities such as fishing, shooting and egg harvesting have caused local population declines. There are no global conservation concerns for this bird, which has a stable total population of more than 500,000 individuals.",Wikipedia (https://en.wikipedia.org/wiki/Thalasseus_bergii),https://images.ala.org.au/store/9/8/1/2/98123598-186d-428d-826d-21600c0fce85/thumbnail_large,Atlas of Living Australia (ALA) via https://bie.ala.org.au/species/,,done,
4,australian-sea-lion,Australian Sea Lion,Neophoca cinerea,seal_sea_lion,,,very_high,,,,,FALSE,,FALSE,,TRUE,https://www.dcceew.gov.au/sites/default/files/documents/national-risk-scores-h5-bird-flu-native-birds-mammals.pdf,in_progress,https://biodiversity.org.au/afd/taxa/68942162-d312-4934-b633-aee95c166e00,,,,,"The Australian sea lion (Neophoca cinerea), also known as the Australian sea-lion or Australian sealion, is a species of sea lion that is the only endemic pinniped in Australia. It is currently monotypic in the genus Neophoca, with the extinct Pleistocene New Zealand sea lion Neophoca palatina the only known congener. With a population estimated at 14,730 animals, the Wildlife Conservation Act of Western Australia (1950) has listed them as ""in need of special protection"". Their conservation status is listed as endangered. These pinnipeds are specifically known for their abnormal breeding cycles, which are varied between a 5-month breeding cycle and a 17-18-month aseasonal breeding cycle, compared to other pinnipeds, which fit into a 12-month reproductive cycle. Females are either silver or fawn with a cream underbelly, and males are dark brown with a yellow mane and are bigger than the females.",Wikipedia (https://en.wikipedia.org/wiki/Neophoca_cinerea),https://images.ala.org.au/store/5/e/4/5/5e45c293-27c3-4e29-9b77-2b0f80500970/thumbnail_large,Atlas of Living Australia (ALA) via https://bie.ala.org.au/species/,,done,
5,christmas-island-frigatebird,Christmas Island Frigatebird,Fregata andrewsi,bird,,,extreme,,,,,FALSE,,FALSE,,TRUE,https://www.dcceew.gov.au/sites/default/files/documents/national-risk-scores-h5-bird-flu-native-birds-mammals.pdf,in_progress,https://biodiversity.org.au/afd/taxa/a34dfb52-93d0-4e83-a8e6-470a98ba7d64,,,,,"The Christmas frigatebird (Fregata andrewsi) or Christmas Island frigatebird is a seabird of the frigatebird family Fregatidae which is an endemic breeder to Christmas Island in the Indian Ocean. Apart from the Ascension frigatebird, the three other species of frigatebird have much more widely distributed breeding locations.
The Christmas frigatebird is a large lightly built seabird with brownish-black plumage, long narrow wings and a deeply forked tail. It has a wingspan of around 2.15 m (7.1 ft). The male has an egg shaped white patch on his belly and a striking red gular sac which he inflates to attract a mate. The female is slightly larger than the male and has a white breast and belly. They feed on fish taken in flight from the ocean's surface (mostly flying fish), and sometimes indulge in kleptoparasitism, harassing other birds to force them to regurgitate their food. The species is listed as Vulnerable by the International Union for Conservation of Nature (IUCN).",Wikipedia (https://en.wikipedia.org/wiki/Fregata_andrewsi),https://images.ala.org.au/store/d/e/d/f/dedfb45e-0a07-4ed9-91e8-7ccc5cfc032c/thumbnail_large,Atlas of Living Australia (ALA) via https://bie.ala.org.au/species/,,done,
6,abbotts-booby,Abbott's Booby,Papasula abbotti,bird,,,high,,,,,FALSE,,FALSE,,TRUE,https://www.dcceew.gov.au/sites/default/files/documents/national-risk-scores-h5-bird-flu-native-birds-mammals.pdf,in_progress,https://biodiversity.org.au/afd/taxa/98dbf46a-2d65-4d23-b1d1-e5f31efe94e0,,,,,"Abbott's booby (Papasula abbotti) is an endangered seabird of the sulid family, which includes gannets and boobies. It is a large booby and is placed within its own monotypic genus. It was first identified from a specimen collected by William Louis Abbott, who discovered it on Assumption Island in 1892.
Abbott's booby breeds only in a few spots on the Australian territory of Christmas Island in the eastern Indian Ocean, although it formerly had a much wider range. It has white plumage with black markings, and is adapted for long-distance flight. It forages around Christmas Island, often around nutrient-rich oceanic upwellings, although individuals can travel for thousands of kilometres. Pairs mate for life and raise one chick every two or three years, nesting near the top of emergent trees in the rainforest canopy.
The population is decreasing. Historically, much of its former habitat was logged to make way for phosphate mining. Some logging continues, and the effects of the former logging continue to adversely affect the current population. Another threat has been caused by the introduction of yellow crazy ants, which decrease habitat quality. Minimal habitat declines have a significant effect on the bird population. All nesting areas have been included in a national park.",Wikipedia (https://en.wikipedia.org/wiki/Papasula_abbotti),https://images.ala.org.au/store/5/9/f/3/59f39bce-03f7-44e3-b277-a847db07f3a4/thumbnail_large,Atlas of Living Australia (ALA) via https://bie.ala.org.au/species/,,done,
7,australasian-bittern,Australasian Bittern,Botaurus poiciloptilus,bird,,,high,,,,,FALSE,,FALSE,,FALSE,,in_progress,https://biodiversity.org.au/afd/taxa/dba78701-cae9-4afb-a41a-6697c52c5e34,,,,,"The Australasian bittern (Botaurus poiciloptilus), or Matuku-hūrepo in Māori, is a stocky, sizeable and elusive heron-like bird native to the wetlands of Australia, New Zealand, and New Caledonia. It belongs to the bittern subfamily of the heron family Ardeidae. The Australasian bittern is best known for its cryptic plumage and behaviours, which allows it to blend into the rushes and reeds of its wetland habitats, making it particularly difficult to spot. Despite being rarely seen, Australasian bittern males have a distinct ""booming"" call that can carry long distances. This call is said to resemble that of a Bunyip, which is why the Australasian bittern is often known as ""the Bunyip Bird"" in parts of Australia.
Physically, the Australasian bittern stands around 66-76 cm tall with a wingspan of around a metre long. Its streaky, beige, mottled plumage allows it to camouflage itself among the reeds and rushes of its habitat to avoid predators and hunt for prey, undetected. The species primarily feeds on fish, amphibians, and invertebrates, which it hunts by quietly stalking through shallow waters or remaining ""frozen"" before ambushing its prey. 
Historically, the Australasian bittern was described in the early 19th century and has since been of significant interest due to its cryptic nature. The species is classified as Vulnerable on the IUCN Red List, and continues to experience population declines resulting from habitat reduction and disturbance from wetland drainage, climate change and agricultural expansion. Conservation efforts are therefore becoming increasingly necessary for its survival.
Researchers continue to attempt to understand this birds' daily patterns, ecology, and breeding behaviour to improve current conservation strategies, although their cryptic nature makes this particularly difficult.",Wikipedia (https://en.wikipedia.org/wiki/Botaurus_poiciloptilus),https://images.ala.org.au/store/8/3/f/d/83fd1488-0cdc-4b87-b63b-1168ce558574/thumbnail_large,Atlas of Living Australia (ALA) via https://bie.ala.org.au/species/,,done,
8,australasian-gannet,Australasian Gannet,Morus serrator,bird,,,very_high,,,,,FALSE,,FALSE,,TRUE,https://www.dcceew.gov.au/sites/default/files/documents/national-risk-scores-h5-bird-flu-native-birds-mammals.pdf,in_progress,https://biodiversity.org.au/afd/taxa/cf17c9bb-09d1-47ce-adfe-dc060ba0b04c,,,,,"The Australasian gannet (Morus serrator), also known as the Australian gannet or tākapu, is a large seabird of the booby and gannet family, Sulidae. Adults are mostly white, with black flight feathers at the wingtips and lining the trailing edge of the wing. The central tail feathers are also black. The head is tinged buff-yellow, with a pearly grey bill edged in dark grey or black, and blue-rimmed eyes. Young birds have mottled plumage in their first year, dark above and light below. The head is an intermediate mottled grey, with a dark bill. The birds gradually acquire more white in subsequent seasons until they reach maturity after five years.
The species range over water above the continental shelf along the southern and eastern Australian coastline, from Steep Point in Western Australia to Rockhampton, Queensland, as well as the North and South Islands of New Zealand, Lord Howe and Norfolk Islands. Nesting takes place in colonies along the coastlines of New Zealand, Victoria and Tasmania—mostly on offshore islands, although there are several mainland colonies in both countries. Highly territorial when breeding, the Australasian gannet performs agonistic displays to defend its nest. Potential and mated pairs engage in courtship and greeting displays. The nest is a cup-shaped mound composed of seaweed, earth, and other debris, built by the female from material mainly gathered by the male. A single pale blue egg is laid yearly, though lost eggs may be replaced. The chick is born featherless but is soon covered in white down. Fed regurgitated fish by its parents, it grows rapidly and outweighs the average adult when it fledges.
These birds are plunge divers and spectacular fishers, plunging into the ocean at high speed. They eat mainly squid and forage fish that school near the surface. The species faces few natural or man-made threats, and since its population is growing it is considered to be a least-concern species by the International Union for Conservation of Nature (IUCN).",Wikipedia (https://en.wikipedia.org/wiki/Morus_serrator),https://images.ala.org.au/store/c/3/4/2/c3421916-c7ea-4d5e-8d0f-1632c8747b42/thumbnail_large,Atlas of Living Australia (ALA) via https://bie.ala.org.au/species/,,done,
9,australian-fur-seal,Australian Fur Seal,Arctocephalus pusillus doriferus,seal_sea_lion,,,high,,,,,FALSE,,FALSE,,FALSE,,in_progress,https://biodiversity.org.au/afd/taxa/d0175177-efb1-4984-af69-46187e06c81d,,,,,"Arctocephalus pusillus, commonly known as the Afro-Australian fur seal, or brown fur seal is a species of fur seal. The species is often referred to as the Cape fur seal, although this name is also used specifically for the nominate subspecies, A. p. pusillus, of southern Africa. The other subspecies, A. p. doriferus, is found in Australia and is known as the Australian fur seal.",Wikipedia (https://en.wikipedia.org/wiki/Arctocephalus_pusillus_doriferus),,,,done,
10,australian-pelican,Australian Pelican,Pelecanus conspicillatus,bird,,,very_high,,,,,FALSE,,FALSE,,TRUE,https://www.dcceew.gov.au/sites/default/files/documents/national-risk-scores-h5-bird-flu-native-birds-mammals.pdf,in_progress,https://biodiversity.org.au/afd/taxa/43abe3ea-7ccc-41cc-920f-d9cfa107207e,,,,,"The Australian pelican (Pelecanus conspicillatus) is a large waterbird in  the family Pelecanidae, widespread on the inland and coastal waters of Australia and New Guinea, also in Fiji, parts of Indonesia and as a vagrant in New Zealand. It is a predominantly white bird with black wings and a pink bill. It has been recorded as having the longest bill of any living bird. It mainly eats fish, but will also consume birds and scavenge for scraps if the opportunity arises.",Wikipedia (https://en.wikipedia.org/wiki/Pelecanus_conspicillatus),https://images.ala.org.au/store/7/b/2/7/7b271db5-3579-4dc4-9755-3a605a85b909/thumbnail_large,Atlas of Living Australia (ALA) via https://bie.ala.org.au/species/,,done,
11,baudins-black-cockatoo,Baudin's Black Cockatoo,Zanda baudinii,bird,,,medium,,,,,FALSE,,FALSE,,FALSE,,in_progress,https://biodiversity.org.au/afd/taxa/cff21565-2bc4-4a67-8c0c-600ae7c10fd8,,,,,"Baudin's black cockatoo (Zanda baudinii), also known as Baudin's cockatoo or the long-billed black cockatoo, is a species of genus Zanda found in southwest Australia.  The epithet commemorates the French explorer Nicolas Baudin. It has a short crest on the top of its head, and the plumage is mostly greyish black. It has prominent white cheek patches and a white tail band. The body feathers are edged with white giving a scalloped appearance. Adult males have a dark grey beak and pink eye-rings. Adult females have a bone coloured beak, grey eye-rings and ear patches that are paler than those of the males.",Wikipedia (https://en.wikipedia.org/wiki/Zanda_baudinii),https://images.ala.org.au/store/7/2/4/e/724edbd6-18da-49e9-87be-316a3f383635/thumbnail_large,Atlas of Living Australia (ALA) via https://bie.ala.org.au/species/,,done,
12,blue-billed-duck,Blue-billed Duck,Oxyura australis,bird,,,high,,,,,FALSE,,FALSE,,TRUE,https://www.dcceew.gov.au/sites/default/files/documents/national-risk-scores-h5-bird-flu-native-birds-mammals.pdf,in_progress,https://biodiversity.org.au/afd/taxa/655adcf7-5bb5-4f94-a0fb-0d5b2f75fba8,,,,,"The blue-billed duck (Oxyura australis) is a small Australian stiff-tailed duck, with both the male and female growing to a length of 40 cm (16 in). The male has a slate-blue bill which changes to bright-blue during the breeding season, hence the duck's common name. The male has deep chestnut plumage during breeding season, reverting to a dark grey. The female retains black plumage with brown tips all year round. The duck is endemic to Australia's temperate regions, inhabiting natural inland wetlands and also artificial wetlands, such as sewage ponds, in large numbers. It can be difficult to observe due to its cryptic nature during its breeding season through autumn and winter. The male duck exhibits a complex mating ritual. The blue-billed duck is omnivorous, with a preference for small aquatic invertebrates. BirdLife International has classified this species as Least concern. Major threats include drainage of deep permanent wetlands, or their degradation as a result of introduced fish, peripheral cattle grazing, salinization, and lowering of ground water.",Wikipedia (https://en.wikipedia.org/wiki/Oxyura_australis),https://images.ala.org.au/store/d/9/f/e/d9fe9b2a-4649-4121-86ed-d6bdb7d3638c/thumbnail_large,Atlas of Living Australia (ALA) via https://bie.ala.org.au/species/,,done,
13,brush-tailed-rock-wallaby,Brush-tailed Rock-wallaby,Petrogale penicillata,mammal,,,low,,,,,FALSE,,FALSE,,FALSE,,in_progress,https://biodiversity.org.au/afd/taxa/9605957e-396d-43b5-9025-997e1fee039a,,,,,"The brush-tailed rock-wallaby or small-eared rock-wallaby (Petrogale penicillata) is a kind of wallaby, one of several rock-wallabies in the genus Petrogale.  It inhabits rock piles and cliff lines along the Great Dividing Range from about 100 km north-west of Brisbane to northern Victoria, in vegetation ranging from rainforest to dry sclerophyll forests. Populations have declined seriously in the south and west of its range, but it remains locally common in northern New South Wales and southern Queensland. However, due to a large bushfire event in South-East Australia around 70% of all the wallaby's habitat has been lost as of January 2020.
In 2018, the southern brush-tailed rock wallaby was declared as the official mammal emblem of the Australian Capital Territory (ACT), although it has not been seen in the wild in the ACT since 1959.",Wikipedia (https://en.wikipedia.org/wiki/Petrogale_penicillata),https://images.ala.org.au/store/e/e/a/6/eea6f061-d2db-4607-9c5a-897c2158ef9f/thumbnail_large,Atlas of Living Australia (ALA) via https://bie.ala.org.au/species/,,done,
14,carnabys-black-cockatoo,Carnaby's Black Cockatoo,Zanda latirostris,bird,,,medium,,,,,FALSE,,FALSE,,FALSE,,in_progress,https://biodiversity.org.au/afd/taxa/4072e7ce-7ca4-4112-a9fa-c49a0f0ddd4d,,,,,"Carnaby's black cockatoo (Zanda latirostris), also known as the short-billed black cockatoo, is a large black cockatoo endemic to southwest Australia. It was described in 1948 by naturalist Ivan Carnaby. Measuring 53–58 cm (21–23 in) in length, it has a short crest on the top of its head. Its plumage is mostly greyish black, and it has prominent white cheek patches and a white tail band. The body feathers are edged with white giving a scalloped appearance. Adult males have a dark grey beak and pink eye-rings. Adult females have a bone-coloured beak, grey eye-rings and ear patches that are paler than those of the males.
This cockatoo usually lays a clutch of one to two eggs. It generally takes 28 to 29 days for the female to incubate the eggs, and the young fledge ten to eleven weeks after hatching. The young will stay with the family until the next breeding season, and sometimes even longer. The family leaves the nesting site after the young fledge until the following year. Carnaby's black cockatoo forms flocks when not breeding, with birds in drier habitats usually being more migratory than those in wetter ones. It flies with deep and slow wingbeats, generally high above trees. Seeds of plants of the families Proteaceae and, to a lesser extent, Myrtaceae form a large part of its diet.
Carnaby's black cockatoo nests in hollows situated high in trees with fairly large diameters, generally Eucalyptus. With much of its habitat lost to land clearing and development and threatened by further habitat destruction, Carnaby's black cockatoo is listed as an endangered species by the Federal and Western Australian governments. It is also classified as endangered by the International Union for Conservation of Nature (IUCN). Like most parrots, it is protected by CITES, an international agreement that makes trade, export, and import of listed wild-caught species illegal.",Wikipedia (https://en.wikipedia.org/wiki/Zanda_latirostris),https://images.ala.org.au/store/c/5/1/6/c51619ab-ad3a-4e56-9862-6c917cc57956/thumbnail_large,Atlas of Living Australia (ALA) via https://bie.ala.org.au/species/,,done,
15,central-rock-rat,Central Rock-rat,Zyzomys pedunculatus,mammal,,,low,,,,,FALSE,,FALSE,,FALSE,,in_progress,https://biodiversity.org.au/afd/taxa/90c13414-5069-4125-8b56-0b5c59a752e3,,,,,"The central rock rat (Zyzomys pedunculatus), also known as the central thick-tailed rock-rat, Macdonnell Range rock-rat, and Australian native mouse, is a critically endangered species of rodent in the family Muridae, endemic to Australia.
It was first described as Conilurus pedunculatus in 1896 by E.R. Waite.",Wikipedia (https://en.wikipedia.org/wiki/Zyzomys_pedunculatus),https://images.ala.org.au/store/d/3/8/c/d38c40ff-1987-4e14-962a-5143f01fb78d/thumbnail_large,Atlas of Living Australia (ALA) via https://bie.ala.org.au/species/,,done,
16,dingo-warragul,Dingo / Warragul,Canis dingo,mammal,,,medium,,,,,FALSE,,FALSE,,FALSE,,in_progress,https://biodiversity.org.au/afd/taxa/068eb94e-4904-4b69-b5ff-d347903cdd5b,,,,,"Canis lupus dingo is a taxonomic rank that includes both the dingo that is native to Australia and the New Guinea singing dog that is native to the New Guinea Highlands. It also includes some extinct dogs that were once found in coastal Papua New Guinea and the island of Java in the Indonesian Archipelago. 
It is included in the taxonomic treatment presented in the third edition of Mammal Species of the World (2005). In this treatment, it is a subspecies of Canis lupus (the wolf), with the domestic dog treated as a different wolf subspecies. However, other treatments consider the dog as a full species, with the dingo and its relatives either as a subspecies of the dog (as Canis familiaris dingo), a species in its own right (Canis dingo), or simply as an unnamed variant or genetic clade within the larger population of dogs (thus, Canis familiaris, not further differentiated). 
The genetic evidence indicates that the dingo clade originated from East Asian domestic dogs and was introduced through the Malay Archipelago into Australia, with a common ancestry between the Australian dingo and the New Guinea singing dog. The New Guinea singing dog is genetically closer to those dingoes that live in southeastern Australia than to those that live in the northwest.",Wikipedia (https://en.wikipedia.org/wiki/Canis_dingo),,,,done,
17,eastern-barred-bandicoot,Eastern Barred Bandicoot,Perameles gunnii,mammal,,,low,,,,,FALSE,,FALSE,,FALSE,,in_progress,https://biodiversity.org.au/afd/taxa/76bbd715-5428-429d-a00a-92835ce695e4,,,,,"The eastern barred bandicoot (Perameles gunnii) is a nocturnal, rabbit-sized marsupial endemic to southeastern Australia, being native to the island of Tasmania and mainland Victoria. It is one of the four surviving bandicoot species in the genus Perameles. It is distinguishable from its partially-sympatric congener—the long-nosed bandicoot – via three or four dark horizontal bars found on its rump.  In Tasmania, it is relatively abundant. The mainland population in Victoria is struggling and is subject to ongoing conservation endeavors.",Wikipedia (https://en.wikipedia.org/wiki/Perameles_gunnii),https://images.ala.org.au/store/4/a/b/2/4ab239aa-99e9-4cd3-ada7-c37b0cbb4120/thumbnail_large,Atlas of Living Australia (ALA) via https://bie.ala.org.au/species/,,done,
18,eastern-bristlebird,Eastern Bristlebird,Dasyornis brachypterus,bird,,,medium,,,,,FALSE,,FALSE,,FALSE,,in_progress,https://biodiversity.org.au/afd/taxa/5a760ca8-e6c7-4465-a113-3eaf26b170cb,,,,,"The eastern bristlebird (Dasyornis brachypterus) is a species of bird in the bristlebird family, Dasyornithidae. It is endemic to Australia. Its natural habitats are temperate forests, temperate shrubland, and temperate grassland. It is threatened by habitat loss.",Wikipedia (https://en.wikipedia.org/wiki/Dasyornis_brachypterus),https://images.ala.org.au/store/7/2/4/9/72495387-4afd-42a9-8090-ee64d0a0c6e5/thumbnail_large,Atlas of Living Australia (ALA) via https://bie.ala.org.au/species/,,done,
19,eastern-quoll,Eastern Quoll,Dasyurus viverrinus,mammal,,,medium,,,,,FALSE,,FALSE,,FALSE,,in_progress,https://biodiversity.org.au/afd/taxa/1e9f1b49-78b5-409d-91f2-21615ce88e9d,,,,,"The eastern quoll (Dasyurus viverrinus, formerly known as the eastern native cat) is a medium-sized, carnivorous marsupial (dasyurid), and one of six extant species of quolls. Endemic to Australia, they occur on the island state of Tasmania, but were considered extinct on the mainland after 1963. The species has been reintroduced to fox-proof fenced sanctuaries in Victoria in 2003 and to the Australian Capital Territory in 2016.",Wikipedia (https://en.wikipedia.org/wiki/Dasyurus_viverrinus),https://images.ala.org.au/store/7/5/3/a/753a7f65-4894-4d3a-9ca9-00d3facef31f/thumbnail_large,Atlas of Living Australia (ALA) via https://bie.ala.org.au/species/,,done,
20,far-eastern-curlew,Far Eastern Curlew,Numenius madagascariensis,bird,,,high,,,,,FALSE,,FALSE,,FALSE,,in_progress,https://biodiversity.org.au/afd/taxa/5ff29bca-f02f-468f-9f96-9ae956015e01,,,,,"The Far Eastern curlew (Numenius madagascariensis) is a large wader most similar in appearance to the long-billed curlew, but slightly larger. It is mostly brown, differentiated from other curlews by its plain, unpatterned brown underwing, and brown rump. It is not only the largest curlew but probably the world's largest sandpiper, at 60–66 cm (24–26 in) in length and 110 cm (43 in) across the wings. The weight is 390–1,350 g (0.86–2.98 lb), which is equalled by the Eurasian curlew; females are on average about 100 g heavier than males. The extremely long bill, at 12.8–20.1 cm (5.0–7.9 in) in length, rivals the bill size of the closely related long-billed curlew as the longest bill for a sandpiper. It overlaps in range with the eastern subspecies of the Eurasian curlew Numenius arquata orientalis, from which it is most easily told by its brown rump and lower back, rather than white.",Wikipedia (https://en.wikipedia.org/wiki/Numenius_madagascariensis),https://images.ala.org.au/store/a/1/7/e/a17e241e-f1b3-445a-b1a9-201766bf18b8/thumbnail_large,Atlas of Living Australia (ALA) via https://bie.ala.org.au/species/,,done,
21,greater-bilby,Greater Bilby,Macrotis lagotis,mammal,,,low,,,,,FALSE,,FALSE,,FALSE,,in_progress,https://biodiversity.org.au/afd/taxa/d4fe643e-881f-49de-a8c9-628d5bce2e24,,,,,"The greater bilby (Macrotis lagotis) or often simply bilby, is a long-eared, rabbit-like marsupial found in Australia. It lives in burrows and is active at night, feeding on insects, fruit, or fungi. Formerly widespread, bilbies are now restricted to parts of northwestern and central Australia due to threats like habitat loss, disease, and introduced predators such as foxes.
It is commonly now simply called bilby (or bilbies for plural) after the lesser bilby (Macrotis leucura) became extinct in the 1950s. Other names include dalgyte, pinkie, or rabbit-eared bandicoot.",Wikipedia (https://en.wikipedia.org/wiki/Macrotis_lagotis),https://images.ala.org.au/store/d/4/b/d/d4bdaf98-ebac-4ddb-aa4f-ab418cd0efc5/thumbnail_large,Atlas of Living Australia (ALA) via https://bie.ala.org.au/species/,,done,
22,greater-stick-nest-rat,Greater Stick-nest Rat,Leporillus conditor,mammal,,,low,,,,,FALSE,,FALSE,,FALSE,,in_progress,https://biodiversity.org.au/afd/taxa/cce5d053-414a-40e0-87bd-ab8012287068,,,,,"The greater stick-nest rat (Leporillus conditor), also known as the housebuilding rat and wopilkara, is a species of rodent in the family Muridae. They are about the size of a small rabbit and construct large nests of interwoven sticks. Once widespread across southern Australia, the population was reduced after European colonisation to a remnant outpost on South Australia's Franklin Islands. The species has since been reintroduced to a series of protected and monitored areas, with varying levels of success.",Wikipedia (https://en.wikipedia.org/wiki/Leporillus_conditor),https://images.ala.org.au/store/4/1/d/c/41dc1a52-94ab-4c1e-bc99-1e80bae8dda1/thumbnail_large,Atlas of Living Australia (ALA) via https://bie.ala.org.au/species/,,done,
23,helmeted-honeyeater,Helmeted Honeyeater,Lichenostomus melanops cassidix,bird,,,high,,,,,FALSE,,FALSE,,FALSE,,in_progress,https://biodiversity.org.au/afd/taxa/c74c3d35-c98c-4ef0-93bf-b9b6ace016b1,,,,,"The
helmeted honeyeater (Lichenostomus melanops cassidix) is a passerine bird in the honeyeater family.  It is a distinctive and critically endangered subspecies of the yellow-tufted honeyeater, that exists in the wild only as a tiny relict population in the Australian state of Victoria, in the Yellingbo Nature Conservation Reserve.  It is Victoria's only endemic bird, and was adopted as one of the state's official symbols.",Wikipedia (https://en.wikipedia.org/wiki/Lichenostomus_melanops_cassidix),,,,done,
24,leadbeaters-possum,Leadbeater's Possum,Gymnobelideus leadbeateri,mammal,,,low,,,,,FALSE,,FALSE,,FALSE,,in_progress,https://biodiversity.org.au/afd/taxa/d051536b-5b94-4317-a2b0-344a2ef25616,,,,,"Leadbeater's possum (Gymnobelideus leadbeateri) is a critically endangered possum largely restricted to small pockets of alpine ash, mountain ash, and snow gum forests in the Central Highlands of Victoria, Australia, north-east of Melbourne. In June 2025 it was reported that an image of a sole possum was recorded on a camera trap in October 2024 near Yarrangobilly Caves, Southern NSW, within the Kosciuszko National Park. It is primitive, relict, and non-gliding, and, as the only species in the petaurid genus Gymnobelideus, represents an ancestral form. Formerly, Leadbeater's possums were moderately common within the very small areas they inhabited; their requirement for year-round food supplies and tree-holes to take refuge in during the day restricts them to mixed-age wet sclerophyll forest with a dense mid-story of Acacia. The species was named in 1867 after John Leadbeater, the then taxidermist at the Museum Victoria. They also go by the common name of fairy possum. On 2 March 1971, the State of Victoria made the Leadbeater's possum its faunal emblem.",Wikipedia (https://en.wikipedia.org/wiki/Gymnobelideus_leadbeateri),https://images.ala.org.au/store/8/4/c/6/84c6ff71-5fde-47a4-9ada-49910be82cfe/thumbnail_large,Atlas of Living Australia (ALA) via https://bie.ala.org.au/species/,,done,
25,magpie-goose,Magpie Goose,Anseranas semipalmata,bird,,,high,,,,,FALSE,,FALSE,,FALSE,,in_progress,https://biodiversity.org.au/afd/taxa/8303d47d-200c-463a-aca0-a087260b00c1,,,,,"The magpie goose (Anseranas semipalmata) is the sole living representative species of the family Anseranatidae. This waterbird is found in northern Australia and southern New Guinea. The species is not truly migratory but it sometimes travels large distances to find food and water, especially when not breeding, and is sometimes recorded outside its core range. The species was once also widespread in southern Australia but disappeared from there largely due to the drainage of the wetlands where the birds once bred. Due to their importance to Aboriginal people as a seasonal food source, as subjects of recreational hunting, and as a tourist attraction, their expansive and stable presence in northern Australia has been ""ensured [by] protective management"".",Wikipedia (https://en.wikipedia.org/wiki/Anseranas_semipalmata),https://images.ala.org.au/store/d/4/1/b/d41bd4e6-402b-4cfe-b45b-9ede0a816f1f/thumbnail_large,Atlas of Living Australia (ALA) via https://bie.ala.org.au/species/,,done,
26,mala-rufous-hare-wallaby,Mala (Rufous Hare-wallaby),Lagorchestes hirsutus,mammal,,,low,,,,,FALSE,,FALSE,,FALSE,,in_progress,https://biodiversity.org.au/afd/taxa/6e3213e1-c33b-45ae-9e05-6019211dd454,,,,,"The rufous hare-wallaby (Lagorchestes hirsutus), also known as the mala or wurrup, is a small macropod found in Australia. It was formerly widely distributed across the western half of the continent, but naturally occurring populations are now confined to Bernier Island and Dorre Island off Western Australia.
Although once widespread in the central and western deserts, predation by feral cats and foxes, and destructive wildfires, caused the last wild population on mainland Australia to go extinct in the early 1990s. Despite its extinction in the wild, the mainland subspecies persisted in captivity.
The species, which is currently classified as vulnerable, has rufous-grey fur and is the smallest hare-wallaby, weighing just 800-1,600 grams. It is a solitary nocturnal herbivore that feeds on herbs, leaves and seeds.
Mala prefer spinifex sandplain habitat; the animals build burrows under large spinifex hummocks. The burrows are tunnel-like structures with a spinifex roof. This provides a cool refuge during the heat of the day. In summer, they are likely to dig deeper burrows to withstand searing desert temperatures.
Captive stocks of the mainland subspecies are currently being reintroduced in the Tanami Desert in the Northern Territory. In July 2019, the first reintroductions into the Newhaven Sanctuary were conducted, with the release of 30 individuals into the 9,400 hectare, feral predator-free area.
Animals from both Bernier Island and Dorre Island have recently been translocated to Dirk Hartog Island following the complete removal of livestock and feral cats from the landscape.",Wikipedia (https://en.wikipedia.org/wiki/Lagorchestes_hirsutus),https://images.ala.org.au/store/6/6/d/7/66d7ba07-2581-4d3c-b370-56598a465b53/thumbnail_large,Atlas of Living Australia (ALA) via https://bie.ala.org.au/species/,,done,
27,mallee-emu-wren,Mallee Emu-wren,Stipiturus mallee,bird,,,low,,,,,FALSE,,FALSE,,FALSE,,in_progress,https://biodiversity.org.au/afd/taxa/75f38563-ec77-45dc-9165-29537c5e7291,,,,,"The mallee emu-wren (Stipiturus mallee) is a species of bird in the Australasian wren family, Maluridae. It is endemic to Australia.
Its natural habitat is temperate grassland. It is threatened because of habitat loss.",Wikipedia (https://en.wikipedia.org/wiki/Stipiturus_mallee),https://images.ala.org.au/store/6/5/0/3/650359cd-7dcc-470a-a284-63bc5976f12f/thumbnail_large,Atlas of Living Australia (ALA) via https://bie.ala.org.au/species/,,done,
28,mountain-pygmy-possum,Mountain Pygmy-possum,Burramys parvus,mammal,,,low,,,,,FALSE,,FALSE,,FALSE,,in_progress,https://biodiversity.org.au/afd/taxa/027e288a-6cdd-4ff8-9ef5-4d4b5690783d,,,,,"The mountain pygmy possum (Burramys parvus), also simply known as the burramys, is a small, mouse-sized (weighs 45 grams (1.6 oz)) nocturnal marsupial of Australia found in dense alpine rock screes and boulder fields, mainly southern Victoria and around Mount Kosciuszko in Kosciuszko National Park in New South Wales at elevations from 1,300 to 2,230 metres (4,270 to 7,320 ft). At almost 14 cm (5.5 in), its prehensile tail is longer than its 11 cm (4.3 in) combined head and body length. Its diet consists of insects (such as the bogong moth), fleshy fruits, nuts, nectar and seeds. Its body is covered in a thick coat of fine grey fur except for its stomach, which is cream coloured; its tail is hairless. On the underside of the female's body is a pouch containing four teats. This possum is the only extant species in the genus Burramys. It is also the only Australian mammal restricted to alpine habitat.",Wikipedia (https://en.wikipedia.org/wiki/Burramys_parvus),https://images.ala.org.au/store/8/1/4/d/814dbcdb-5467-4226-adc7-3e6e592d1a3c/thumbnail_large,Atlas of Living Australia (ALA) via https://bie.ala.org.au/species/,,done,
29,new-holland-mouse,New Holland Mouse,Pseudomys novaehollandiae,mammal,,,low,,,,,FALSE,,FALSE,,FALSE,,in_progress,https://biodiversity.org.au/afd/taxa/0058f9b2-a9c1-49a2-811b-9b2efcc8e279,,,,,"The New Holland mouse (Pseudomys novaehollandiae) also known as a Pookila is a species of rodent in the family Muridae. It was first described by George Waterhouse in 1843. It vanished from view for over a century before its rediscovery in Ku-ring-gai Chase National Park north of Sydney in 1967. It is found only in south east Australia, within the states of New South Wales, Queensland, Victoria, and Tasmania.",Wikipedia (https://en.wikipedia.org/wiki/Pseudomys_novaehollandiae),https://images.ala.org.au/store/a/4/6/0/a4602165-b801-4d63-bfa3-7b61405b22bb/thumbnail_large,Atlas of Living Australia (ALA) via https://bie.ala.org.au/species/,,done,
30,new-zealand-fur-seal,New Zealand Fur Seal,Arctocephalus forsteri,seal_sea_lion,,,very_high,,,,,FALSE,,FALSE,,TRUE,https://www.dcceew.gov.au/sites/default/files/documents/national-risk-scores-h5-bird-flu-native-birds-mammals.pdf,in_progress,https://biodiversity.org.au/afd/taxa/598c4bf0-8b45-4abd-8eee-7eb488973afa,,,,,"Arctocephalus forsteri (common names include  the Australasian fur seal, South Australian fur seal, New Zealand fur seal, Antipodean fur seal, or long-nosed fur seal) is a species of fur seal found mainly around southern Australia and New Zealand. The name New Zealand fur seal is used by English speakers in New Zealand; kekeno is used in the Māori language. As of 2014, the common name long-nosed fur seal has been proposed for the population of seals inhabiting Australia.
Although the Australian and New Zealand populations show some genetic differences, their morphologies are very similar, and thus they remain classed as a single species. After the arrival of humans in New Zealand, and particularly after the arrival of Europeans in Australia and New Zealand, hunting reduced the population to near-extinction.",Wikipedia (https://en.wikipedia.org/wiki/Arctocephalus_forsteri),https://images.ala.org.au/store/d/3/6/c/d36cc653-b079-4463-bf2d-8a6ced0cdaa6/thumbnail_large,Atlas of Living Australia (ALA) via https://bie.ala.org.au/species/,,done,
31,numbat,Numbat,Myrmecobius fasciatus,mammal,,,low,,,,,FALSE,,FALSE,,FALSE,,in_progress,https://biodiversity.org.au/afd/taxa/2b493cde-13bf-4144-a270-7be0f38d7cc0,,,,,"The numbat (; binomen: Myrmecobius fasciatus), also known as the noombat or walpurti, is an insectivorous marsupial. It is diurnal and its diet consists almost exclusively of termites.
The species was once widespread across southern Australia, but is now restricted to several small colonies in Western Australia. It is therefore considered an endangered species and protected by conservation programs. Numbats were recently re-introduced to fenced reserves in South Australia and New South Wales. The numbat is the faunal emblem of Western Australia.",Wikipedia (https://en.wikipedia.org/wiki/Myrmecobius_fasciatus),https://images.ala.org.au/store/1/7/9/b/179b8bf5-6858-4798-8ab0-c6ef00e7393b/thumbnail_large,Atlas of Living Australia (ALA) via https://bie.ala.org.au/species/,,done,
32,orange-bellied-parrot,Orange-bellied Parrot,Neophema chrysogaster,bird,,,high,,,,,FALSE,,FALSE,,FALSE,,not_started,,,,,,,,,,,done,
33,parma-wallaby,Parma Wallaby,Notamacropus parma,mammal,,,low,,,,,FALSE,,FALSE,,FALSE,,in_progress,https://biodiversity.org.au/afd/taxa/93d8dfb7-fc66-4d39-b46a-1b4a531ab6cb,,,,,"The parma wallaby (Notamacropus parma) is a small marsupial macropod mammal native to forests and densely-vegetated areas of northeastern New South Wales, Australia, close to the border with Queensland. An introduced population exists on New Zealand's Kawau Island. About the size of a stout cat, it lives mainly under thick plant cover, and is only active at night when it emerges to feed on grasses and small plants. It is the smallest of the wallabies (short, kangaroo-like marsupial mammals of the genus Notamacropus) and carries its young in a pouch, as with other marsupials. Shy and elusive, it was believed extinct until its rediscovery in the 1960s. 
Parma wallabies are threatened by habitat loss, and, in addition to native predators (such as birds of prey, monitor lizards, and snakes), they are easily preyed upon by dingoes and non-native feral cats and red foxes.",Wikipedia (https://en.wikipedia.org/wiki/Notamacropus_parma),https://images.ala.org.au/store/4/8/b/d/48bde360-0c69-496d-88b0-08c4b48ac836/thumbnail_large,Atlas of Living Australia (ALA) via https://bie.ala.org.au/species/,,done,
34,plains-wanderer,Plains-wanderer,Pedionomus torquatus,bird,,,medium,,,,,FALSE,,FALSE,,FALSE,,in_progress,https://biodiversity.org.au/afd/taxa/30b4b2e5-0d5b-46cb-bddb-a2137a35fa2c,,,,,"The plains-wanderer (Pedionomus torquatus) is an atypical species of wading bird, the only representative of family Pedionomidae and genus Pedionomus. It is endemic to Australia. Its historic range included much of eastern Australia, including Victoria, New South Wales, South Australia and the Northern Territory, but in recent years, it has become endangered with remaining known populations concentrated in the Riverina region of New South Wales and western Queensland.",Wikipedia (https://en.wikipedia.org/wiki/Pedionomus_torquatus),https://images.ala.org.au/store/1/d/0/3/1d030701-0830-44c3-8504-0220d1c96404/thumbnail_large,Atlas of Living Australia (ALA) via https://bie.ala.org.au/species/,,done,
35,platypus,Platypus,Ornithorhynchus anatinus,mammal,,,low,,,,,FALSE,,FALSE,,FALSE,,in_progress,https://biodiversity.org.au/afd/taxa/ac61fd14-4950-4566-b384-304bd99ca75f,,,,,"The platypus (Ornithorhynchus anatinus), sometimes referred to as the duck-billed platypus, is a semiaquatic, egg-laying mammal endemic to eastern Australia, including Tasmania. The platypus is the sole living representative of its family Ornithorhynchidae and genus Ornithorhynchus, though a number of related species appear in the fossil record. Together with the four species of echidna, it is one of the five extant species of monotremes, mammals that lay eggs instead of giving birth to live young. Like other monotremes, the platypus has a sense of electrolocation, which it uses to detect prey in water while its eyes, ears and nostrils are closed. It is one of the few species of venomous mammals, as the male platypus has a spur on each hind foot that delivers an extremely painful venom.
The unusual appearance of this egg-laying, duck-billed, beaver-tailed mammal at first baffled European naturalists. In 1799, the first scientists to examine a preserved platypus body judged it a fake made of several animals sewn together. The unique features of the platypus make it important in the study of evolutionary biology, and a recognisable and iconic symbol of Australia. It is culturally significant to several Aboriginal peoples, who also used to hunt it for food, and has appeared on stamps and currency.
The platypus was hunted for its fur, but it has been a legally protected species in all states where it occurs since 1912. Captive breeding programs have had slight success, and it is vulnerable to pollution, bycatching and climate change. It is classified as a near-threatened species by the IUCN, but a November 2020 report has recommended that it be upgraded to threatened species under the federal EPBC Act, due to habitat destruction and declining numbers in all states.",Wikipedia (https://en.wikipedia.org/wiki/Ornithorhynchus_anatinus),https://images.ala.org.au/store/9/a/6/f/9a6f3a8f-b6bf-408e-97f7-ab2d18406337/thumbnail_large,Atlas of Living Australia (ALA) via https://bie.ala.org.au/species/,,done,
36,quokka,Quokka,Setonix brachyurus,mammal,,,medium,,,,,FALSE,,FALSE,,FALSE,,in_progress,https://biodiversity.org.au/afd/taxa/a2074cb8-e146-452c-b326-e2b583f51cc6,,,,,"The quokka (; Setonix brachyurus) is a small macropod about the size of a domestic cat. It is the only member of the genus Setonix. Like other marsupials in the macropod family (such as kangaroos and wallabies), the quokka is herbivorous and mainly nocturnal.
The quokka's range is a small area of southwestern Australia. They inhabit some smaller islands off the coast of Western Australia, particularly Rottnest Island just off Perth and Bald Island near Albany. Isolated, scattered populations also exist in forest and coastal heath between Perth and Albany. A small colony inhabits a protected area of Two Peoples Bay Nature Reserve, where they coexist with the critically endangered Gilbert's potoroo.",Wikipedia (https://en.wikipedia.org/wiki/Setonix_brachyurus),https://images.ala.org.au/store/2/5/d/1/25d11b3e-26cd-488d-b2d3-257fb64632c2/thumbnail_large,Atlas of Living Australia (ALA) via https://bie.ala.org.au/species/,,done,
37,rakali-water-rat,Rakali (Water-rat),Hydromys chrysogaster,mammal,,,medium,,,,,FALSE,,FALSE,,FALSE,,in_progress,https://biodiversity.org.au/afd/taxa/7f791f55-1d6f-4448-91a0-996daa72081c,,,,,"The rakali (Hydromys chrysogaster), also known as the rabe, the ""Australian otter"" or water-rat, is an Australian native rodent first scientifically described in 1804. Adoption of the Ngarrindjeri name rakali is intended to foster a positive public attitude by Environment Australia.
One of four described species in the genus Hydromys, it is the only one with a range extending beyond New Guinea. Having adapted to and colonised a unique niche of a semiaquatic and nocturnal lifestyle, this species lives in burrows on the banks of rivers, lakes and estuaries and feeds on aquatic insects, fish, crustaceans, mussels, snails, frogs, cane toads, bird's eggs and small water birds.
Rakali have a body length of 23–37 cm (9–15 in), weigh 340–1,275 g (12–45 oz), and have a thick tail measuring around 24–35 cm (9–14 in). Females are generally smaller than males but tail lengths are normally the same. They have partially webbed hind legs, waterproof fur, a flattened head, a long blunt nose, many whiskers and small ears and eyes. The body is streamlined with a skull that is large, flat and elongated, with two molars on the upper and lower jaw, similar to the water mouse. They are black to brown in colour with an orange to white belly, and dark tail with a white tip.
Long considered a nuisance animal, rakali were hunted for their soft fur, particularly in the Depression of the 1930s, when a ban was placed on imported pelts such as the American muskrat. With their numbers under threat, a protection order was issued in 1938. However, they were still subject to destruction permits from 1938 to 1957 due to their effect on irrigation banks and alleged damage to fishing nets. Additionally, from 1957 to 1967 a number of licensed seasons were also held for this reason.",Wikipedia (https://en.wikipedia.org/wiki/Hydromys_chrysogaster),https://images.ala.org.au/store/6/9/7/6/69763676-036c-4568-ba39-a6605ffb575e/thumbnail_large,Atlas of Living Australia (ALA) via https://bie.ala.org.au/species/,,done,
38,recherche-cape-barren-goose,Recherche Cape Barren Goose,Cereopsis novaehollandiae hollandiaegregis,bird,,,high,,,,,FALSE,,FALSE,,FALSE,,not_started,,,,,,,,,,,done,
39,red-tailed-phascogale,Red-tailed Phascogale,Phascogale calura,mammal,,,low,,,,,FALSE,,FALSE,,FALSE,,in_progress,https://biodiversity.org.au/afd/taxa/0ed8d52e-d2ad-4e2d-99ad-16da31618c1b,,,,,"The red-tailed phascogale (Phascogale calura), also known as the red-tailed wambenger, red-tailed mousesack, or kenngoor, is a small, carnivorous marsupial found in inland areas of south-western Western Australia, and has been reintroduced in sanctuaries in WA and the Northern Territory. It is listed as near threatened by the IUCN Red List and vulnerable under the federal EPBC Act, and its status varies between extinct and conservation-dependent under respective legislation in other states and territories of Australia.
It is closely related to the brush-tailed phascogale (Phascogale tapoatafa), but is smaller and browner.",Wikipedia (https://en.wikipedia.org/wiki/Phascogale_calura),https://images.ala.org.au/store/0/8/7/e/087e3374-c3f7-4928-adde-b890db27d6fd/thumbnail_large,Atlas of Living Australia (ALA) via https://bie.ala.org.au/species/,,done,
40,regent-honeyeater,Regent Honeyeater,Anthochaera phrygia,bird,,,high,,,,,FALSE,,FALSE,,FALSE,,not_started,,,,,,,,,,,done,
41,short-tailed-shearwater,Short-tailed Shearwater,Puffinus tenuirostris,bird,,,very_high,,,,,FALSE,,FALSE,,TRUE,https://www.dcceew.gov.au/sites/default/files/documents/national-risk-scores-h5-bird-flu-native-birds-mammals.pdf,not_started,,,,,,,,,,,done,
42,shy-albatross,Shy Albatross,Thalassarche cauta,bird,,,high,,,,,FALSE,,FALSE,,TRUE,https://www.dcceew.gov.au/sites/default/files/documents/national-risk-scores-h5-bird-flu-native-birds-mammals.pdf,in_progress,https://biodiversity.org.au/afd/taxa/b0592117-21ee-4351-a745-cea3e2cbcfcf,,,,,"The shy albatross (Thalassarche cauta), also known as the shy mollymawk, is a medium-sized albatross that breeds on three remote islands off the coast of Tasmania, Australia, in the southern Indian Ocean. Its lifespan is about 60 years, and it has been seen as far afield as South Africa and the Pacific coast of the United States. As of June 2020, the species is listed as ""Endangered"" in Australia; there are thought to be 15,000 pairs of shy albatross left. It is Australia's only endemic albatross.
Some authorities call this species the white-capped albatross, but that name is more commonly applied to Thalassarche cauta steadi.",Wikipedia (https://en.wikipedia.org/wiki/Thalassarche_cauta),https://images.ala.org.au/store/3/3/b/f/33bfb7da-5638-48ea-a8bd-b8e2f096e604/thumbnail_large,Atlas of Living Australia (ALA) via https://bie.ala.org.au/species/,,done,
43,smoky-mouse,Smoky Mouse,Pseudomys fumeus,mammal,,,low,,,,,FALSE,,FALSE,,FALSE,,in_progress,https://biodiversity.org.au/afd/taxa/fffbb38d-6da5-4f88-bb1e-6bf0ef6af1b6,,,,,"The smoky mouse (Pseudomys fumeus) is a species of rodent in the family Muridae native to southeastern Australia. It was first described in 1934 and its species name is Latin for ""smoky"". As its name suggests, it is a grey-furred mouse, darker grey above and paler smoky grey below. Mice from the Grampians are larger and a darker more slate-grey above. It has a black eye-ring and dark grey muzzle. The feet are light pink, and the ears a grey-pink. The tail is longer than the mouse's body, and is pink with a brownish stripe along the top. Mice from east of Melbourne average around 35 grams and have 107 mm long bodies with 116 mm long tails, while those from the Grampians are around 65 grams and have 122 mm long bodies with 132 mm long tails.
The smoky mouse is currently rated as ""vulnerable"" and appears to be declining in numbers in the wild. Its range is fragmented and it appears to be extinct in some areas such as the Otway Ranges (not seen since 1985) and Brindabella Ranges (not seen since 1987). It is found in the Grampians, East Gippsland and far southeastern New South Wales (including Kosciuszko and South East Forest National Parks and Buccleugh State Forest). There are fewer than 2500 individuals left in the wild and all extant populations appear to be in decline. Vegetation changes, as well as feral cats, foxes and dogs appear to be the main causes. There is an active recovery plan for the species, and there is active predator monitoring in the Yowaka and Waalimma sections of the South East Forest National Park.
In February 2020 it was reported that researchers from Charles Sturt University, found the death of nine smoky mice was from ""severe lung disease"" caused by smoke haze during the 2019–20 Australian bushfires that contained PM2.5 particles coming from bushfires 50 kilometres away. It was feared that the Kosciuszko National Park population had been extirpated as a result of the bushfires, but individuals were rediscovered in June 2020.
In other languages it has been called fausse souris fuligineuse (French), raton bastardo fumoso (Spanish), or koonoom (?).",Wikipedia (https://en.wikipedia.org/wiki/Pseudomys_fumeus),https://images.ala.org.au/store/7/7/3/1/7731db78-8fad-4bd5-95bf-a2d125f94e5c/thumbnail_large,Atlas of Living Australia (ALA) via https://bie.ala.org.au/species/,,done,
44,southern-brown-bandicoot,Southern Brown Bandicoot,Isoodon obesulus,mammal,,,low,,,,,FALSE,,FALSE,,FALSE,,in_progress,https://biodiversity.org.au/afd/taxa/e9e85f33-224c-40ce-b48d-290d1a41eb9d,,,,,"The southern brown bandicoot (Isoodon obesulus) is a short-nosed bandicoot, a type of marsupial, found mostly in southern Australia. A subspecies in Western Australia is also known as the quenda in South Western Australia (from the Noongar word kwinda). This subspecies was elevated to species in 2018.",Wikipedia (https://en.wikipedia.org/wiki/Isoodon_obesulus),https://images.ala.org.au/store/3/d/d/f/3ddf0dea-7b84-48b6-9e23-50fd4b1e3b22/thumbnail_large,Atlas of Living Australia (ALA) via https://bie.ala.org.au/species/,,done,
45,spotted-tailed-quoll,Spotted-tailed Quoll,Dasyurus maculatus,mammal,,,medium,,,,,FALSE,,FALSE,,FALSE,,in_progress,https://biodiversity.org.au/afd/taxa/73c23669-c491-42d0-83b3-6fd84a03689a,,,,,"The tiger quoll (Dasyurus maculatus), also known as the spotted-tailed quoll, spotted quoll, spotted-tailed dasyure, or tiger cat, is a carnivorous marsupial of the quoll genus Dasyurus native to Australia. With males and females weighing around 3.5 and 1.8 kg (7.7 and 4.0 lb), respectively, it is the world's second-largest extant carnivorous marsupial, behind the Tasmanian devil. Two subspecies are recognised; the nominate is found in wet forests of southeastern Australia and Tasmania, and a northern subspecies, D. m. gracilis, is found in a small area of northern Queensland and is endangered.
The tiger quoll commonly preys on small mammals, insects, birds, domestic poultry and large marsupials such as wombats. It mostly hunts live prey but occasionally scavenges when the opportunity arises. The tiger quoll kills its prey by executing a killing bite to the base of the skull or top of the neck, depending on the size of the prey. The species is listed as near-threatened on the IUCN Red List, and is primarily threatened by habitat loss caused by human activities.",Wikipedia (https://en.wikipedia.org/wiki/Dasyurus_maculatus),https://images.ala.org.au/store/f/d/2/4/fd24de5e-8785-4266-ae17-4ae2f6fe0b58/thumbnail_large,Atlas of Living Australia (ALA) via https://bie.ala.org.au/species/,,done,
46,subantarctic-fur-seal,Subantarctic Fur Seal,Arctocephalus tropicalis,seal_sea_lion,,,very_high,,,,,FALSE,,FALSE,,TRUE,https://www.dcceew.gov.au/sites/default/files/documents/national-risk-scores-h5-bird-flu-native-birds-mammals.pdf,in_progress,https://biodiversity.org.au/afd/taxa/cc917a18-4833-4983-af35-84e65228487e,,,,,"The subantarctic fur seal (Arctocephalus tropicalis) is a species of eared seal found in the southern parts of the Indian, Pacific, and Atlantic Oceans. It was first described by Gray in 1872 from a specimen recovered in northern Australia—hence the inappropriate specific name tropicalis.",Wikipedia (https://en.wikipedia.org/wiki/Arctocephalus_tropicalis),https://images.ala.org.au/store/4/4/f/1/44f11401-3919-494d-aa28-eccd103e4e1c/thumbnail_large,Atlas of Living Australia (ALA) via https://bie.ala.org.au/species/,,done,
47,swift-parrot,Swift Parrot,Lathamus discolor,bird,,,high,,,,,FALSE,,FALSE,,FALSE,,in_progress,https://biodiversity.org.au/afd/taxa/4cb195fd-b127-44cb-ad85-a62d224e9a96,,,,,"The swift parrot (Lathamus discolor), also known by the palawa kani name swift waylitja, is a species of broad-tailed parrot, found only in southeastern Australia. The species breeds in Tasmania during the summer and migrates north to southeastern mainland Australia from Griffith-Warialda in New South Wales and west to Adelaide in the winter. It is a nomadic migrant, and it settles in an area only when there is food available. The Swift Parrot was voted 2023 Bird of the Year in The Guardian Australia and BirdLife Australia's biennial poll.
The species is critically endangered, and the severe predation by introduced sugar gliders (Petaurus breviceps) on breeding females and nests in some locations has demonstrated an unexpected but potentially serious new threat. Genetic evidence for the effective population size suggests that the minimum potential population size is now around 300–500 individual swift parrots. This supports the results of earlier studies that use demographic information about swift parrots to predict that the species could be extinct by 2031.
Habitat for the critically endangered swift parrot is being ""knowingly destroyed"" by logging because of government failures to manage the species' survival.",Wikipedia (https://en.wikipedia.org/wiki/Lathamus_discolor),https://images.ala.org.au/store/8/8/b/c/88bc90ed-f16b-4472-af4c-624d1d89eeb7/thumbnail_large,Atlas of Living Australia (ALA) via https://bie.ala.org.au/species/,,done,
48,tasmanian-devil,Tasmanian Devil,Sarcophilus harrisii,mammal,,,high,,,,,FALSE,,FALSE,,TRUE,https://www.dcceew.gov.au/sites/default/files/documents/national-risk-scores-h5-bird-flu-native-birds-mammals.pdf,in_progress,https://biodiversity.org.au/afd/taxa/c6b5ff5a-a991-4972-b5b0-4214141d5bd6,,,,,"The Tasmanian devil (Sarcophilus harrisii; palawa kani: purinina) is a carnivorous marsupial of the family Dasyuridae. It was formerly present across mainland Australia, but became extinct there around 3,500 years ago; it is now confined to the island of Tasmania. The size of a small dog, the Tasmanian devil became the largest carnivorous marsupial in the world following the extinction of the thylacine in 1936. It is related to quolls, and distantly related to the thylacine. It is characterised by its stocky and muscular build, black fur, pungent odour, extremely loud screech, keen sense of smell, and ferocity when feeding. The Tasmanian devil's large head and neck allow it to generate among the strongest bites per unit body mass of any extant predatory land mammal. It hunts prey and scavenges on carrion.
Although devils are usually solitary, they sometimes eat and defecate together in a communal location. Unlike most other dasyurids, the devil thermoregulates effectively, and is active during the middle of the day without overheating. Despite its rotund appearance, it is capable of surprising speed and endurance, and can climb trees and swim across rivers. Devils are not monogamous. Males fight one another for females, and guard their partners to prevent female infidelity. Females can ovulate three times in as many weeks during the mating season, and 80% of two-year-old females are seen to be pregnant during the annual mating season.
Females average four breeding seasons in their life, and give birth to 20 to 30 live young after three weeks' gestation. The newborn are pink, lack fur, have indistinct facial features, and weigh around 0.20 g (0.0071 oz) at birth. As there are only four nipples in the pouch, competition is fierce, and few newborns survive. The young grow rapidly, and are ejected from the pouch after around 100 days, weighing roughly 200 g (7.1 oz). The young become independent after around nine months.
In 1941, devils became officially protected. Since the late 1990s, the devil facial tumour disease (DFTD) has drastically reduced the population and now threatens the survival of the species, which in 2008 was declared to be endangered. Starting in 2013, Tasmanian devils are again being sent to zoos around the world as part of the Australian government's Save the Tasmanian Devil Program. The devil is an iconic symbol of Tasmania and many organisations, groups and products associated with the state use the animal in their logos. It is seen as an important attractor of tourists to Tasmania and has come to worldwide attention through the Looney Tunes character of the same name.",Wikipedia (https://en.wikipedia.org/wiki/Sarcophilus_harrisii),https://images.ala.org.au/store/d/5/9/2/d5922423-956a-4ac4-b36b-2da270eaeb72/thumbnail_large,Atlas of Living Australia (ALA) via https://bie.ala.org.au/species/,,done,
49,tasmanian-masked-owl,Tasmanian Masked Owl,Tyto novaehollandiae castanops,bird,,,medium,,,,,FALSE,,FALSE,,FALSE,,in_progress,https://biodiversity.org.au/afd/taxa/2c30d58b-572b-4dab-8644-b222c28eb0ec,,,,,"The Tasmanian masked owl (Tyto novaehollandiae castanops) is a bird in the barn owl family Tytonidae that is endemic to the island state of Tasmania, Australia. It is the largest subspecies of the Australian masked owl, the largest Tyto owl in the world, and is sometimes considered a full species. The subspecific name castanops, meaning ""chestnut-faced"", comes from the colouring of the facial disc. It was first described by John Gould (as Strix castanops), who wrote about it in his Handbook to the Birds of Australia as:

""…a species distinguished from all the other members of its genus by its great size and powerful form. Probably few of the Raptorial birds, with the exception of the Eagles, are more formidable or more sanguinary in disposition.""
""Forests of large but thinly scattered trees, skirting plains and open districts, constitute its natural habitat. Strictly nocturnal in its habits, as night approaches it sallies forth from the hollows of the large gum-trees, and flaps slowly and noiselessly over the plains and swamps in search of its prey, which consists of rats and small quadrupeds generally.""",Wikipedia (https://en.wikipedia.org/wiki/Tyto_novaehollandiae_castanops),,,,done,
50,tasmanian-wedge-tailed-eagle,Tasmanian Wedge-tailed Eagle,Aquila audax fleayi,bird,,,high,,,,,FALSE,,FALSE,,FALSE,,in_progress,https://biodiversity.org.au/afd/taxa/135f338b-bfd8-4b3f-b9ec-609e06a07848,,,,,The Tasmanian wedge-tailed eagle (Aquila audax fleayi) is an endangered bird of Tasmania. It is a subspecies of the more common wedge-tailed eagle.,Wikipedia (https://en.wikipedia.org/wiki/Aquila_audax_fleayi),,,,done,
51,wedge-tailed-eagle,Wedge-tailed Eagle,Aquila audax,bird,,,high,,,,,FALSE,,FALSE,,TRUE,https://www.dcceew.gov.au/sites/default/files/documents/national-risk-scores-h5-bird-flu-native-birds-mammals.pdf,in_progress,https://biodiversity.org.au/afd/taxa/135f338b-bfd8-4b3f-b9ec-609e06a07848,,,,,"The wedge-tailed eagle (Aquila audax) is the largest bird of prey in the continent of Australia. It is also found in southern New Guinea to the north and is distributed as far south as the state of Tasmania. Adults of the species have long, broad wings, fully feathered legs, an unmistakable wedge-shaped tail, an elongated upper mandible, a strong beak and powerful feet. The wedge-tailed eagle is one of 12 species of large, predominantly dark-coloured booted eagles in the genus Aquila found worldwide. Genetic research has clearly indicated that the wedge-tailed eagle is fairly closely related to other, generally large members of the Aquila genus. A large brown-to-black bird of prey, it has a maximum reported wingspan of 2.84 m (9 ft 4 in) and a length of up to 1.06 m (3 ft 6 in).
The wedge-tailed eagle is one of its native continent's most generalised birds of prey. They reside in most habitats present in Australia, ranging from desert and semi-desert to plains to mountainous areas to forest, even sometimes tropical rainforests. Preferred habitats, however, tend towards those that have a fairly varied topography including rocky areas, some open terrain and native woodlots such as Eucalyptus stands.
The wedge-tailed eagle is one of the world's most powerful avian predators. Although a true generalist, which hunts a wide range of prey, including birds, reptiles and, rarely, other taxa, the species is, by and large, a mammal predator. The introduction of the European rabbit (Oryctolagus cuniculus) has been a boon to the wedge-tailed eagle and they hunt these and other invasive species in large volume, although the wedge-tailed eagle otherwise generally lives on marsupials, including many surprisingly large macropods. Additionally, wedge-tailed eagles often eat carrion, especially while young. The species tends to pair for several years, possibly mating for life.
Wedge-tailed eagles usually construct a large stick nest in an ample tree, normally the largest in a stand, and lay one to four eggs, though typically only two. Usually, breeding efforts manage to produce one or two fledglings which, after a few months more, tend to disperse widely. Nesting failures are usually attributable to human interference, such as logging activity and other alterations, which both degrade habitats and cause disturbances. The species is known to be highly sensitive to human disturbance at the nest, which may lead to abandonment of the young.
Although historically heavily persecuted by humans through poisoning and shooting, mostly for alleged predation on sheep, wedge-tailed eagles have proved to be exceptionally resilient, and their numbers have quickly rebounded to being similar or even higher numbers than before European colonisation, thanks in part to humans inadvertently providing several food sources, such as rabbits and a large volume of roadkill.",Wikipedia (https://en.wikipedia.org/wiki/Aquila_audax),,,,done,
52,western-ground-parrot,Western Ground Parrot,Pezoporus flaviventris,bird,,,high,,,,,FALSE,,FALSE,,FALSE,,in_progress,https://biodiversity.org.au/afd/taxa/bfeb0f1a-5581-4034-ba30-e330fe233af6,,,,,"The ground parrot (Pezoporus wallicus) is a parrot endemic to Australia. It is one of only four ground-dwelling parrots in the world, the others being the closely related night parrot (Pezoporus occidentalis), the Antipodes parakeet (Cyanoramphus unicolor), and the flightless kākāpō (Strigops habroptilus) from New Zealand.
The colouration of the two Pezoporus species and the kākāpō is similar – yellowish green with darker barring, somewhat reminiscent of the head and back of the wild-type budgerigar. 
When disturbed, a ground parrot flies swiftly just above the ground before dropping back into the vegetation. The presence of the bird is often only revealed by its characteristic dusk and dawn call, a clear whistling sequence of notes which rise in pitch before fading. It is silent in flight.
The IOC World Bird List currently recognises three subspecies; the eastern ground parrot (subsp. wallicus), the western ground parrot or Kyloring (subsp. flaviventris) and the Tasmanian ground parrot. (subsp. leachi).",Wikipedia (https://en.wikipedia.org/wiki/Pezoporus_flaviventris),https://images.ala.org.au/store/0/f/5/a/0f5a4c86-86f4-4291-885e-a5c2e75d7cf9/thumbnail_large,Atlas of Living Australia (ALA) via https://bie.ala.org.au/species/,,done,
53,anous-tenuirostris-melanops,Houtman Abrolhos Lesser Noddy,Anous tenuirostris melanops,bird,,,very_high,,,,,FALSE,,FALSE,,TRUE,https://www.dcceew.gov.au/sites/default/files/documents/national-risk-scores-h5-bird-flu-native-birds-mammals.pdf,in_progress,https://biodiversity.org.au/afd/taxa/64b6b0d7-9358-4e0c-8f28-220f069b0d0e,,,,,No summary available on Wikipedia for this species.,Wikipedia (https://en.wikipedia.org/wiki/Anous_tenuirostris_melanops),,,,done,
54,pterodroma-heraldica,Herald Petrel,Pterodroma heraldica,bird,,,very_high,,,,,FALSE,,FALSE,,TRUE,https://www.dcceew.gov.au/sites/default/files/documents/national-risk-scores-h5-bird-flu-native-birds-mammals.pdf,not_started,,,,,,,,,,,done,
55,leucocarbo-atriceps-nivalis,"Imperial Shag (Heard Island), Heard Shag",Leucocarbo atriceps nivalis,bird,,,very_high,,,,,FALSE,,FALSE,,TRUE,https://www.dcceew.gov.au/sites/default/files/documents/national-risk-scores-h5-bird-flu-native-birds-mammals.pdf,in_progress,https://biodiversity.org.au/afd/taxa/a9fa919f-b99d-4dd9-ac34-cf4599776c73,,,,,"The Heard Island shag (Leucocarbo nivalis), or Heard Island cormorant, is a marine cormorant native to the Australian territory comprising the Heard and McDonald Islands in the Southern Ocean, which is about 4,100 km south-west of Perth, Western Australia.",Wikipedia (https://en.wikipedia.org/wiki/Leucocarbo_atriceps_nivalis),,,,done,
56,leucocarbo-atriceps-purpurascens,Imperial Shag (Macquarie Island),Leucocarbo atriceps purpurascens,bird,,,very_high,,,,,FALSE,,FALSE,,TRUE,https://www.dcceew.gov.au/sites/default/files/documents/national-risk-scores-h5-bird-flu-native-birds-mammals.pdf,in_progress,https://biodiversity.org.au/afd/taxa/92d9e655-49c1-4ba7-a8b3-4e5cc0adda6c,,,,,"The Macquarie shag (Leucocarbo purpurascens), Macquarie Island shag or Macquarie Island cormorant, is a marine cormorant native to Macquarie Island in the Southern Ocean, about halfway between Australia and Antarctica.",Wikipedia (https://en.wikipedia.org/wiki/Leucocarbo_atriceps_purpurascens),,,,done,
57,stenella-longirostris,Long-snouted Spinner Dolphin,Stenella longirostris,mammal,,,high,,,,,FALSE,,FALSE,,TRUE,https://www.dcceew.gov.au/sites/default/files/documents/national-risk-scores-h5-bird-flu-native-birds-mammals.pdf,in_progress,https://biodiversity.org.au/afd/taxa/47768940-d139-46b4-8be1-e883afdef248,,,,,"The spinner dolphin (Stenella longirostris) is a small dolphin found in off-shore tropical waters around the world. It is famous for its acrobatic displays in which it rotates around its longitudinal axis as it leaps through the air. It is a member of the family Delphinidae of toothed whales.
The distribution of the spinner dolphin extends across the tropical and subtropical waters of all oceans. Spinner dolphins exhibit a diurnal schedule characterised by predictable daily geographic migrations, spending mornings resting and socialising in shallow coastal waters before travelling offshore to forage at night.
Concerns have been raised regarding the effects of anthropogenic activities on the species. Tourist vessels used for dolphin watching may disrupt normal behaviour, particularly when vessel numbers are high or when vessels approach dolphins more closely than permitted by local guidelines.",Wikipedia (https://en.wikipedia.org/wiki/Stenella_longirostris),https://images.ala.org.au/store/5/3/8/6/5386ee6f-f5f9-421a-8b57-aff0e13c7522/thumbnail_large,Atlas of Living Australia (ALA) via https://bie.ala.org.au/species/,,done,
58,steno-bredanensis,Rough-toothed Dolphin,Steno bredanensis,mammal,,,high,,,,,FALSE,,FALSE,,TRUE,https://www.dcceew.gov.au/sites/default/files/documents/national-risk-scores-h5-bird-flu-native-birds-mammals.pdf,in_progress,https://biodiversity.org.au/afd/taxa/1ea36593-b80c-4bb6-ad75-2508675c4c8e,,,,,"The rough-toothed dolphin (Steno bredanensis) is a species of dolphin that lives in deep warm and tropical waters around the world. It was first described by Georges Cuvier in 1823. The genus name Steno, of which it is the only member, comes from the Greek for 'narrow', referring to the animal's beak, which is a diagnostic characteristic of this dolphin. Its specific name honours van Breda, who studied Cuvier's writings. There are no recognised subspecies.",Wikipedia (https://en.wikipedia.org/wiki/Steno_bredanensis),https://images.ala.org.au/store/1/c/3/0/1c30df7f-68c8-41f2-9581-5c688921a58d/thumbnail_large,Atlas of Living Australia (ALA) via https://bie.ala.org.au/species/,,done,
59,lagenodelphis-hosei,Fraser's Dolphin,Lagenodelphis hosei,mammal,,,high,,,,,FALSE,,FALSE,,TRUE,https://www.dcceew.gov.au/sites/default/files/documents/national-risk-scores-h5-bird-flu-native-birds-mammals.pdf,in_progress,https://biodiversity.org.au/afd/taxa/9a3c1090-cf5f-40bf-a663-62a9a21509d6,,,,,Fraser's dolphin or the Sarawak dolphin (Lagenodelphis hosei) is a cetacean in the family Delphinidae found in deep waters in the Pacific Ocean and to a lesser extent in the Indian and Atlantic Oceans.,Wikipedia (https://en.wikipedia.org/wiki/Lagenodelphis_hosei),https://images.ala.org.au/store/9/0/2/8/902844bc-1c83-4fae-bcac-273c450d6b28/thumbnail_large,Atlas of Living Australia (ALA) via https://bie.ala.org.au/species/,,done,
60,lagenorhynchus-cruciger,Hourglass Dolphin,Lagenorhynchus cruciger,mammal,,,high,,,,,FALSE,,FALSE,,TRUE,https://www.dcceew.gov.au/sites/default/files/documents/national-risk-scores-h5-bird-flu-native-birds-mammals.pdf,in_progress,https://biodiversity.org.au/afd/taxa/38320416-8cdf-4292-bf3f-25d91b0ef3fa,,,,,"The hourglass dolphin (Cephalorhynchus cruciger) is a small dolphin in the family Delphinidae that inhabits offshore Antarctic and sub-Antarctic waters. It is commonly seen from ships crossing the Drake Passage but has a circumpolar distribution.
The species was identified as a new species by Jean René Constant Quoy and Joseph Paul Gaimard in 1824 from a drawing made in the South Pacific in 1820. It is the only cetacean to have been widely accepted as a species solely on witness accounts.",Wikipedia (https://en.wikipedia.org/wiki/Lagenorhynchus_cruciger),https://images.ala.org.au/store/3/c/4/9/3c4974c9-68cf-4b8f-afbb-577fa84d2b4d/thumbnail_large,Atlas of Living Australia (ALA) via https://bie.ala.org.au/species/,,done,
61,lissodelphis-peronii,Southern Right Whale Dolphin,Lissodelphis peronii,mammal,,,high,,,,,FALSE,,FALSE,,TRUE,https://www.dcceew.gov.au/sites/default/files/documents/national-risk-scores-h5-bird-flu-native-birds-mammals.pdf,in_progress,https://biodiversity.org.au/afd/taxa/d65a2ee8-6643-4178-b7a4-f669de9de7d6,,,,,"The southern right whale dolphin (Lissodelphis peronii) is a small and slender species of cetacean, found in cool waters of the Southern Hemisphere. It is one of two species of right whale dolphin (genus Lissodelphis). This genus is characterized by the lack of a dorsal fin. The other species, the northern right whale dolphin (Lissodelphis borealis), is found in deep oceans of the Northern Hemisphere and has a different pigmentation pattern than the southern right whale dolphin.",Wikipedia (https://en.wikipedia.org/wiki/Lissodelphis_peronii),,,,done,
62,peponocephala-electra,Melon-headed Whale,Peponocephala electra,mammal,,,high,,,,,FALSE,,FALSE,,TRUE,https://www.dcceew.gov.au/sites/default/files/documents/national-risk-scores-h5-bird-flu-native-birds-mammals.pdf,in_progress,https://biodiversity.org.au/afd/taxa/4cd3e7a7-e0da-4a19-8a11-ba86452d993f,,,,,"The melon-headed whale (Peponocephala electra), also known less commonly as the electra dolphin, little killer whale, or many-toothed blackfish, is a toothed whale of the oceanic dolphin family (Delphinidae). The common name is derived from the head shape. Melon-headed whales are widely distributed throughout deep tropical and subtropical waters worldwide, but they are rarely encountered at sea. They are found near shore mostly around oceanic islands, such as Hawaii, French Polynesia, and the Philippines.",Wikipedia (https://en.wikipedia.org/wiki/Peponocephala_electra),https://images.ala.org.au/store/6/b/1/6/6b1688b4-7e41-4bb5-a2fd-2730ef9cd72f/thumbnail_large,Atlas of Living Australia (ALA) via https://bie.ala.org.au/species/,,done,
63,stenella-attenuata,Pantropical Spotted Dolphin,Stenella attenuata,mammal,,,high,,,,,FALSE,,FALSE,,TRUE,https://www.dcceew.gov.au/sites/default/files/documents/national-risk-scores-h5-bird-flu-native-birds-mammals.pdf,in_progress,https://biodiversity.org.au/afd/taxa/be54a789-643e-4687-8f97-48361a4a045a,,,,,"The pantropical spotted dolphin (Stenella attenuata) is a species of dolphin found in all the world's temperate and tropical oceans. The species was beginning to come under threat due to the killing of millions of individuals in tuna purse seines. In the 1980s, the rise of ""dolphin-friendly"" tuna capture methods saved millions of the species in the eastern Pacific Ocean and it is now one of the most abundant dolphin species in the world.",Wikipedia (https://en.wikipedia.org/wiki/Stenella_attenuata),https://images.ala.org.au/store/0/8/1/1/08111e69-3e2a-4cd5-bc4c-40eb044f6f1c/thumbnail_large,Atlas of Living Australia (ALA) via https://bie.ala.org.au/species/,,done,
64,stenella-coeruleoalba,Striped Dolphin,Stenella coeruleoalba,mammal,,,high,,,,,FALSE,,FALSE,,TRUE,https://www.dcceew.gov.au/sites/default/files/documents/national-risk-scores-h5-bird-flu-native-birds-mammals.pdf,in_progress,https://biodiversity.org.au/afd/taxa/a45359db-a68d-4392-9526-e341dca39a99,,,,,"The striped dolphin (Stenella coeruleoalba) is a dolphin found in temperate and tropical waters of all the world's oceans. It is a member of the oceanic dolphin family, Delphinidae.",Wikipedia (https://en.wikipedia.org/wiki/Stenella_coeruleoalba),https://images.ala.org.au/store/8/1/8/5/81854576-48c5-40e5-8459-b6e3fcadd72b/thumbnail_large,Atlas of Living Australia (ALA) via https://bie.ala.org.au/species/,,done,
65,delphinus-delphis,Common Dolphin,Delphinus delphis,mammal,,,very_high,,,,,FALSE,,FALSE,,TRUE,https://www.dcceew.gov.au/sites/default/files/documents/national-risk-scores-h5-bird-flu-native-birds-mammals.pdf,in_progress,https://biodiversity.org.au/afd/taxa/d499cc7e-8cd7-4b5b-9ed7-a7af04cdac2d,,,,,"The common dolphin (Delphinus delphis) is the most abundant cetacean in the world, with an estimated global population of about six million. It is currently the only member of the genus Delphinus, the type genus of the subfamily Delphininae. This places it as a close relative of the bottlenose dolphin, humpback dolphin, striped dolphin, spinner dolphin, Clymene dolphin, spotted dolphin, Fraser's dolphin, the tucuxi, and the Guiana dolphin.
The common dolphin was once divided into two different species, the short-beaked common dolphin and the long-beaked common dolphin. These are now generally regarded as ecotypes. Recent research shows that many long-beaked populations worldwide are not closely related to one another, often originating from short-beaked ancestors, and they do not consistently share the same derived traits. For this reason, these forms are no longer classified as separate species.
Despite its name, the common dolphin is not widely considered the ""archetypal"" dolphin; that role is more often associated with the bottlenose dolphin, largely because of its frequent appearances in aquaria and the media. Nevertheless, the common dolphin held cultural significance in antiquity and frequently appeared in Greek and Roman art, such as in murals created by the Minoan civilization.",Wikipedia (https://en.wikipedia.org/wiki/Delphinus_delphis),https://images.ala.org.au/store/0/5/2/d/052da11e-41cb-42f6-b55d-c35e56b22c34/thumbnail_large,Atlas of Living Australia (ALA) via https://bie.ala.org.au/species/,,done,
66,feresa-attenuata,Pygmy Killer Whale,Feresa attenuata,mammal,,,high,,,,,FALSE,,FALSE,,TRUE,https://www.dcceew.gov.au/sites/default/files/documents/national-risk-scores-h5-bird-flu-native-birds-mammals.pdf,in_progress,https://biodiversity.org.au/afd/taxa/9399cf1b-3b76-4a81-aea2-253f078c0a7f,,,,,"The pygmy killer whale (Feresa attenuata) is a poorly known and rarely seen oceanic dolphin. It is the only species in the genus Feresa. It derives its common name from sharing some physical characteristics with the orca, also known as the killer whale. It is the smallest cetacean species that has  the word ""whale"" in its common name. Although the species has been known to be extremely aggressive in captivity, this aggressive behavior has not been observed in the wild.
The species had been described by John Gray in 1874, based on two skulls identified in 1827 and 1874. The next recorded sighting was in 1952 which led to its formal naming by Japanese cetologist Munesato Yamada in 1954.",Wikipedia (https://en.wikipedia.org/wiki/Feresa_attenuata),https://images.ala.org.au/store/7/c/0/1/7c01de4c-9b62-4116-8c79-06e677f489ad/thumbnail_large,Atlas of Living Australia (ALA) via https://bie.ala.org.au/species/,,done,
67,tursiops-truncatus,Bottlenose Dolphin,Tursiops truncatus,mammal,,,high,,,,,FALSE,,FALSE,,TRUE,https://www.dcceew.gov.au/sites/default/files/documents/national-risk-scores-h5-bird-flu-native-birds-mammals.pdf,in_progress,https://biodiversity.org.au/afd/taxa/4879e221-7361-44c7-bc71-1c16a4fc3125,,,,,"The common bottlenose dolphin or Atlantic bottlenose dolphin (Tursiops truncatus) is one of three species of bottlenose dolphin in the genus Tursiops. While formerly known simply as the bottlenose dolphin, this term is now applied to the genus Tursiops as a whole. As considerable genetic variation has been described within this species, even between neighboring populations, many experts think additional species may be recognized and split out.
The common bottlenose dolphin is a very familiar dolphin due to the wide exposure it receives in captivity in marine parks and dolphinariums, and in movies and television programs. Common bottlenose dolphins inhabit temperate and tropical oceans throughout the world, absent only from polar waters.",Wikipedia (https://en.wikipedia.org/wiki/Tursiops_truncatus),https://images.ala.org.au/store/f/5/d/c/f5dc67c8-d178-44cb-afb3-71608fbce0df/thumbnail_large,Atlas of Living Australia (ALA) via https://bie.ala.org.au/species/,,done,
68,cisticola-juncidis-normani,Normanton Zitting Cisticola,Cisticola juncidis normani,bird,,,high,,,,,FALSE,,FALSE,,TRUE,https://www.dcceew.gov.au/sites/default/files/documents/national-risk-scores-h5-bird-flu-native-birds-mammals.pdf,in_progress,https://biodiversity.org.au/afd/taxa/c6a2ca04-ad1a-4f32-a431-af33ba5d1c25,,,,,No summary available on Wikipedia for this species.,Wikipedia (https://en.wikipedia.org/wiki/Cisticola_juncidis_normani),,,,done,
69,phalacrocorax-carbo,Great Cormorant,Phalacrocorax carbo,bird,,,very_high,,,,,FALSE,,FALSE,,TRUE,https://www.dcceew.gov.au/sites/default/files/documents/national-risk-scores-h5-bird-flu-native-birds-mammals.pdf,in_progress,https://biodiversity.org.au/afd/taxa/29472c00-22e3-42c3-b562-107bd28d1bdc,,,,,"The great cormorant (Phalacrocorax carbo), also known as just cormorant in Britain, as black shag or kawau in New Zealand, formerly also known as the great black cormorant across the Northern Hemisphere, the black cormorant in Australia, and the large cormorant in India, is a widespread member of the cormorant family of seabirds. It breeds in much of the Old World, Australasia, and the Atlantic coast of North America.",Wikipedia (https://en.wikipedia.org/wiki/Phalacrocorax_carbo),https://images.ala.org.au/store/8/d/5/8/8d58f1f8-8b4c-4b01-8841-1911f1be92dc/thumbnail_large,Atlas of Living Australia (ALA) via https://bie.ala.org.au/species/,,done,
70,phalacrocorax-carbo-novaehollandiae,Great Cormorant,Phalacrocorax carbo novaehollandiae,bird,,,very_high,,,,,FALSE,,FALSE,,TRUE,https://www.dcceew.gov.au/sites/default/files/documents/national-risk-scores-h5-bird-flu-native-birds-mammals.pdf,in_progress,https://biodiversity.org.au/afd/taxa/fedb1dfe-37ad-4bd7-aa97-4509b2ac84be,,,,,"The great cormorant (Phalacrocorax carbo), also known as just cormorant in Britain, as black shag or kawau in New Zealand, formerly also known as the great black cormorant across the Northern Hemisphere, the black cormorant in Australia, and the large cormorant in India, is a widespread member of the cormorant family of seabirds. It breeds in much of the Old World, Australasia, and the Atlantic coast of North America.",Wikipedia (https://en.wikipedia.org/wiki/Phalacrocorax_carbo_novaehollandiae),,,,done,
71,phalacrocorax-varius,Pied Cormorant,Phalacrocorax varius,bird,,,very_high,,,,,FALSE,,FALSE,,TRUE,https://www.dcceew.gov.au/sites/default/files/documents/national-risk-scores-h5-bird-flu-native-birds-mammals.pdf,in_progress,https://biodiversity.org.au/afd/taxa/55994a9e-8ba7-4ff9-89a2-e22586ab25d1,,,,,"The Australian pied cormorant (Phalacrocorax varius), also known as the pied cormorant, pied shag, or great pied cormorant, is a medium-sized member of the cormorant family.  It is found around the coasts of Australasia.  In New Zealand, it is usually known either as the pied shag or by its Māori name of kāruhiruhi.  Older sources may refer to it as the ""yellow-faced cormorant"".",Wikipedia (https://en.wikipedia.org/wiki/Phalacrocorax_varius),https://images.ala.org.au/store/a/4/5/b/a45b4979-a6be-4897-8952-a89c153f69fd/thumbnail_large,Atlas of Living Australia (ALA) via https://bie.ala.org.au/species/,,done,
72,phalacrocorax-varius-hypoleucos,Australian Pied Cormorant,Phalacrocorax varius hypoleucos,bird,,,very_high,,,,,FALSE,,FALSE,,TRUE,https://www.dcceew.gov.au/sites/default/files/documents/national-risk-scores-h5-bird-flu-native-birds-mammals.pdf,in_progress,https://biodiversity.org.au/afd/taxa/b5bec09a-5ab1-4676-ad46-83642025bc76,,,,,No summary available on Wikipedia for this species.,Wikipedia (https://en.wikipedia.org/wiki/Phalacrocorax_varius_hypoleucos),,,,done,
73,phalacrocorax-sulcirostris,Little Black Cormorant,Phalacrocorax sulcirostris,bird,,,very_high,,,,,FALSE,,FALSE,,TRUE,https://www.dcceew.gov.au/sites/default/files/documents/national-risk-scores-h5-bird-flu-native-birds-mammals.pdf,in_progress,https://biodiversity.org.au/afd/taxa/c96b19fd-2a54-4361-a5cf-baecf741310e,,,,,"The little black cormorant (Phalacrocorax sulcirostris) is a member of the cormorant family of seabirds. It is common in smaller rivers and lakes throughout most areas of Australia and northern New Zealand, where it is known as the little black shag. It is around sixty centimetres long, and is all black with blue-green eyes.",Wikipedia (https://en.wikipedia.org/wiki/Phalacrocorax_sulcirostris),https://images.ala.org.au/store/7/0/8/0/7080f9dc-73d0-4a71-a91e-5a2e4f58475f/thumbnail_large,Atlas of Living Australia (ALA) via https://bie.ala.org.au/species/,,done,
74,microcarbo-melanoleucos,Little Pied Cormorant,Microcarbo melanoleucos,bird,,,very_high,,,,,FALSE,,FALSE,,TRUE,https://www.dcceew.gov.au/sites/default/files/documents/national-risk-scores-h5-bird-flu-native-birds-mammals.pdf,in_progress,https://biodiversity.org.au/afd/taxa/0b7c528a-4104-4a96-853e-05a37c327067,,,,,"The little pied cormorant, little shag or little pied shag (Microcarbo melanoleucos) (Māori: kawaupaka) is a common species of Australasian waterbird, found around the coasts, islands, estuaries, and inland waters of Australia, New Guinea, New Zealand, Timor-Leste and Indonesia, and around the islands of the south-western Pacific and the subantarctic. It is a small short-billed cormorant usually black above and white below with a yellow bill and small crest, although a mostly black white-throated form predominates in New Zealand. Three subspecies are recognised. Until recently, most authorities referred to this species as Phalacrocorax melanoleucos.",Wikipedia (https://en.wikipedia.org/wiki/Microcarbo_melanoleucos),https://images.ala.org.au/store/a/8/0/9/a809de6a-cb6c-4be4-9de1-06ffcb2d1567/thumbnail_large,Atlas of Living Australia (ALA) via https://bie.ala.org.au/species/,,done,
75,microcarbo-melanoleucos-melanoleucos,Australasian Little Pied Cormorant,Microcarbo melanoleucos melanoleucos,bird,,,very_high,,,,,FALSE,,FALSE,,TRUE,https://www.dcceew.gov.au/sites/default/files/documents/national-risk-scores-h5-bird-flu-native-birds-mammals.pdf,in_progress,https://biodiversity.org.au/afd/taxa/0e44df9f-a1fa-4fa2-a05d-1296a416d768,,,,,No summary available on Wikipedia for this species.,Wikipedia (https://en.wikipedia.org/wiki/Microcarbo_melanoleucos_melanoleucos),,,,done,
76,tribonyx-ventralis,Black-tailed Native-hen,Tribonyx ventralis,bird,,,very_high,,,,,FALSE,,FALSE,,TRUE,https://www.dcceew.gov.au/sites/default/files/documents/national-risk-scores-h5-bird-flu-native-birds-mammals.pdf,in_progress,https://biodiversity.org.au/afd/taxa/4491debc-214f-46a2-95cf-572fe0150d0d,,,,,The black-tailed nativehen (Tribonyx ventralis) is a rail native to Australia.,Wikipedia (https://en.wikipedia.org/wiki/Tribonyx_ventralis),https://images.ala.org.au/store/7/1/a/3/71a32cde-6bd6-46ef-bdbc-98a4920edb67/thumbnail_large,Atlas of Living Australia (ALA) via https://bie.ala.org.au/species/,,done,
77,antigone-rubicunda,Brolga,Antigone rubicunda,bird,,,very_high,,,,,FALSE,,FALSE,,TRUE,https://www.dcceew.gov.au/sites/default/files/documents/national-risk-scores-h5-bird-flu-native-birds-mammals.pdf,in_progress,https://biodiversity.org.au/afd/taxa/44746d45-d033-4d44-9d2c-73ca21109366,,,,,"The brolga (Antigone rubicunda), formerly known as the native companion, is a bird in the crane family. It has also been given the name Australian crane, a term coined in 1865 by well-known ornithologist John Gould in his Birds of Australia.
The brolga is a common, gregarious wetland bird species of tropical and south-eastern Australia and New Guinea. It is a tall, upright bird with a small head, long beak, slender neck, and long legs. Its plumage is mainly grey, with black wing tips, and it has an orange-red band on its head. The brolga's courting dance is similar to that of other cranes. The nest is built of wetland vegetation, either on an elevated piece of land or floating on shallow water in marshland, and usually two eggs are laid. Incubation takes 32 days, and the newly hatched young are precocial. The adult diet is omnivorous and includes plant matter, invertebrates, and small vertebrates.
Although the bird is not considered endangered over the majority of its range, populations are showing some decline, especially in southern Australia, and local action plans are being undertaken in some areas. It has featured on the Queensland coat of arms since 1977 and was formally declared as the bird emblem of the state in 1986.",Wikipedia (https://en.wikipedia.org/wiki/Antigone_rubicunda),https://images.ala.org.au/store/b/0/7/d/b07def6a-353f-45c3-84db-6b0d05065a67/thumbnail_large,Atlas of Living Australia (ALA) via https://bie.ala.org.au/species/,,done,
78,corvus-tasmanicus,Forest Raven,Corvus tasmanicus,bird,,,high,,,,,FALSE,,FALSE,,TRUE,https://www.dcceew.gov.au/sites/default/files/documents/national-risk-scores-h5-bird-flu-native-birds-mammals.pdf,in_progress,https://biodiversity.org.au/afd/taxa/ae55e04a-62da-4113-a28b-88d5bed604e2,,,,,"The forest raven (Corvus tasmanicus), also commonly known as the Tasmanian raven, is a passerine bird in the family Corvidae native to Tasmania and parts of southern Victoria, such as Wilsons Promontory and Portland. Populations are also found in parts of New South Wales, including Dorrigo and Armidale. Measuring 50–53 cm (20–21 in) in length, it has all-black plumage, beak and legs. As with the other two species of raven in Australia, its black feathers have grey bases. Adults have white irises; younger birds have dark brown and then hazel irises with an inner blue rim. New South Wales populations are recognised as a separate subspecies C. tasmanicus boreus, but appear to be nested within the Tasmanian subspecies genetically.
The forest raven lives in a wide variety of habitats in Tasmania but is restricted to more closed forest on mainland Australia. Breeding takes place in spring and summer, occurring later in Tasmania than in New South Wales. The nest is a bowl-shaped structure of sticks sited high in a tree. An omnivorous and opportunistic feeder, the forest raven eats a wide variety of plant and animal material, as well as food waste from urban areas and roadkill. It has been blamed for killing lambs and poultry and raiding orchards in Tasmania, and is unprotected under Tasmanian legislation. The forest raven is sedentary, with pairs generally bonding for life and establishing permanent territories.",Wikipedia (https://en.wikipedia.org/wiki/Corvus_tasmanicus),https://images.ala.org.au/store/3/3/6/4/3364e314-8ce8-4699-bf2d-606d710a8b38/thumbnail_large,Atlas of Living Australia (ALA) via https://bie.ala.org.au/species/,,done,
79,anous-albivitta-albivitta,Western Pacific Grey Noddy,Anous albivitta albivitta,bird,,,high,,,,,FALSE,,FALSE,,TRUE,https://www.dcceew.gov.au/sites/default/files/documents/national-risk-scores-h5-bird-flu-native-birds-mammals.pdf,in_progress,https://biodiversity.org.au/afd/taxa/9ba0729c-63a4-4808-a8ab-b920b902d235,,,,,No summary available on Wikipedia for this species.,Wikipedia (https://en.wikipedia.org/wiki/Anous_albivitta_albivitta),,,,done,
80,spatula-rhynchotis,Australasian Shoveler,Spatula rhynchotis,bird,,,very_high,,,,,FALSE,,FALSE,,TRUE,https://www.dcceew.gov.au/sites/default/files/documents/national-risk-scores-h5-bird-flu-native-birds-mammals.pdf,in_progress,https://biodiversity.org.au/afd/taxa/bdf18035-665d-47a1-bb8b-789aaf62223e,,,,,"The Australasian shoveler (Spatula rhynchotis) is a species of dabbling duck in the genus Spatula.  It ranges from 46 to 53 cm (18 to 21 in).  It lives in heavily vegetated swamps.  In Australia it is protected under the National Parks and Wildlife Act 1974.  They occur in southwestern and southeastern Australia, Tasmania, and New Zealand. The male has a blue-grey head with a vertical white crescent in front of the eyes.",Wikipedia (https://en.wikipedia.org/wiki/Spatula_rhynchotis),https://images.ala.org.au/store/4/0/5/8/40583e4f-4459-4b55-9700-1039e3068cd2/thumbnail_large,Atlas of Living Australia (ALA) via https://bie.ala.org.au/species/,,done,
81,cereopsis-novaehollandiae,Cape Barren Goose,Cereopsis novaehollandiae,bird,,,high,,,,,FALSE,,FALSE,,TRUE,https://www.dcceew.gov.au/sites/default/files/documents/national-risk-scores-h5-bird-flu-native-birds-mammals.pdf,in_progress,https://biodiversity.org.au/afd/taxa/761b6ef0-987e-4a10-88bb-fc704a5049cb,,,,,"The Cape Barren goose (Cereopsis novaehollandiae), sometimes also known as the pig goose, is a species of goose endemic to southern Australia. It is a distinctive large, grey bird that is mostly terrestrial and is not closely related to other extant members of the subfamily Anserinae.",Wikipedia (https://en.wikipedia.org/wiki/Cereopsis_novaehollandiae),https://images.ala.org.au/store/e/4/5/f/e45fcce0-7201-48b8-8c4f-b3db95bbcbba/thumbnail_large,Atlas of Living Australia (ALA) via https://bie.ala.org.au/species/,,done,
82,cereopsis-novaehollandiae-novaehollandiae,Eastern Cape Barren Goose,Cereopsis novaehollandiae novaehollandiae,bird,,,high,,,,,FALSE,,FALSE,,TRUE,https://www.dcceew.gov.au/sites/default/files/documents/national-risk-scores-h5-bird-flu-native-birds-mammals.pdf,in_progress,https://biodiversity.org.au/afd/taxa/758183e7-ad6f-4844-81fb-6f160ea08751,,,,,No summary available on Wikipedia for this species.,Wikipedia (https://en.wikipedia.org/wiki/Cereopsis_novaehollandiae_novaehollandiae),,,,done,
83,anas-eatoni,Eaton's pintail,Anas eatoni,bird,,,high,,,,,FALSE,,FALSE,,TRUE,https://www.dcceew.gov.au/sites/default/files/documents/national-risk-scores-h5-bird-flu-native-birds-mammals.pdf,not_started,,,,,,,,,,,done,
84,spatula-querquedula,Garganey,Spatula querquedula,bird,,,high,,,,,FALSE,,FALSE,,TRUE,https://www.dcceew.gov.au/sites/default/files/documents/national-risk-scores-h5-bird-flu-native-birds-mammals.pdf,in_progress,https://biodiversity.org.au/afd/taxa/a5a1af00-5927-4180-9c90-089a1c7854ae,,,,,"The garganey (Spatula querquedula) is a small dabbling duck. It breeds in much of Europe and across the Palearctic, but is strictly migratory, with the entire population moving to Africa, India (in particular Santragachi), Bangladesh (in the natural reservoirs of Sylhet district) and Australasia during the winter of the Northern hemisphere, where large flocks can occur. This species was first described by Carl Linnaeus in his landmark 1758 10th edition of Systema Naturae. Like other small ducks such as the Eurasian teal, this species rises easily from the water with a fast twisting wader-like flight.
Their breeding habitat is grassland adjacent to shallow marshes and steppe lakes.",Wikipedia (https://en.wikipedia.org/wiki/Spatula_querquedula),https://images.ala.org.au/store/2/9/7/0/29704fe2-5056-4a32-af8b-34ab3a51d70a/thumbnail_large,Atlas of Living Australia (ALA) via https://bie.ala.org.au/species/,,done,
85,anas-gracilis,Grey Teal,Anas gracilis,bird,,,very_high,,,,,FALSE,,FALSE,,TRUE,https://www.dcceew.gov.au/sites/default/files/documents/national-risk-scores-h5-bird-flu-native-birds-mammals.pdf,in_progress,https://biodiversity.org.au/afd/taxa/da09d4a3-450a-4c86-8338-8b843ed599e4,,,,,The grey teal (Anas gracilis) is a dabbling duck found in open wetlands in Australia and New Zealand.,Wikipedia (https://en.wikipedia.org/wiki/Anas_gracilis),,,,done,
86,anas-gracilis-gracilis,Anas gracilis gracilis,Anas gracilis gracilis,bird,,,very_high,,,,,FALSE,,FALSE,,TRUE,https://www.dcceew.gov.au/sites/default/files/documents/national-risk-scores-h5-bird-flu-native-birds-mammals.pdf,not_started,,,,,,,,,,,done,
87,aythya-australis,Hardhead,Aythya australis,bird,,,very_high,,,,,FALSE,,FALSE,,TRUE,https://www.dcceew.gov.au/sites/default/files/documents/national-risk-scores-h5-bird-flu-native-birds-mammals.pdf,not_started,,,,,,,,,,,done,
88,biziura-lobata,Musk Duck,Biziura lobata,bird,,,very_high,,,,,FALSE,,FALSE,,TRUE,https://www.dcceew.gov.au/sites/default/files/documents/national-risk-scores-h5-bird-flu-native-birds-mammals.pdf,in_progress,https://biodiversity.org.au/afd/taxa/53e2d734-5e33-44c2-92f7-edf444377380,,,,,"The musk duck (Biziura lobata) is a highly aquatic, stiff-tailed duck native to southern Australia. It is the only living member of the genus Biziura. An extinct relative, the New Zealand musk duck or de Lautour's duck (B. delautouri), once occurred on New Zealand, but is only known from prehistoric subfossil bones. It was about 8% longer than the living species, with a particularly large head.
This animal derives its common name from the peculiar musky odour it emanates during the breeding season. Musk ducks are moderately common through the Murray-Darling and Cooper Creek basins, and in the wetter, fertile areas in the south of the continent: the southwest corner of Western Australia, Victoria, and Tasmania.",Wikipedia (https://en.wikipedia.org/wiki/Biziura_lobata),https://images.ala.org.au/store/b/b/e/2/bbe26bbd-1660-4958-b077-bbf057118acf/thumbnail_large,Atlas of Living Australia (ALA) via https://bie.ala.org.au/species/,,done,
89,biziura-lobata-lobata,Musk Duck,Biziura lobata lobata,bird,,,very_high,,,,,FALSE,,FALSE,,TRUE,https://www.dcceew.gov.au/sites/default/files/documents/national-risk-scores-h5-bird-flu-native-birds-mammals.pdf,in_progress,https://biodiversity.org.au/afd/taxa/f66c8dfe-cef9-4e0f-8b44-6585d96331c4,,,,,No summary available on Wikipedia for this species.,Wikipedia (https://en.wikipedia.org/wiki/Biziura_lobata_lobata),,,,done,
90,biziura-lobata-menziesi,Musk Duck,Biziura lobata menziesi,bird,,,very_high,,,,,FALSE,,FALSE,,TRUE,https://www.dcceew.gov.au/sites/default/files/documents/national-risk-scores-h5-bird-flu-native-birds-mammals.pdf,in_progress,https://biodiversity.org.au/afd/taxa/f620540d-cd28-487e-ab16-602a36906082,,,,,No summary available on Wikipedia for this species.,Wikipedia (https://en.wikipedia.org/wiki/Biziura_lobata_menziesi),,,,done,
91,malacorhynchus-membranaceus,Pink-eared Duck,Malacorhynchus membranaceus,bird,,,very_high,,,,,FALSE,,FALSE,,TRUE,https://www.dcceew.gov.au/sites/default/files/documents/national-risk-scores-h5-bird-flu-native-birds-mammals.pdf,in_progress,https://biodiversity.org.au/afd/taxa/ed591036-06d9-46a3-840f-414b993a4a04,,,,,The pink-eared duck (Malacorhynchus membranaceus) is a species of duck found in Australia.,Wikipedia (https://en.wikipedia.org/wiki/Malacorhynchus_membranaceus),https://images.ala.org.au/store/5/a/a/8/5aa8d89e-7672-4453-8f9d-21d43747a69a/thumbnail_large,Atlas of Living Australia (ALA) via https://bie.ala.org.au/species/,,done,
92,dendrocygna-eytoni,Plumed Whistling-Duck,Dendrocygna eytoni,bird,,,very_high,,,,,FALSE,,FALSE,,TRUE,https://www.dcceew.gov.au/sites/default/files/documents/national-risk-scores-h5-bird-flu-native-birds-mammals.pdf,in_progress,https://biodiversity.org.au/afd/taxa/bff03204-824b-416c-98cd-89df714d62fe,,,,,"The plumed whistling duck (Dendrocygna eytoni), also called the grass whistling duck, is a species of bird in the whistling duck subfamily of the family Anatidae. It is resident and breeds in Australia, in a broad arc covering the northern half and most of the eastern third of the continent. There are also non-breeding and seasonally uncertain populations in New Zealand, the Solomon Islands, Indonesia and Papua New Guinea. It is a predominantly brown-coloured duck with a long neck and characteristic plumes arising from its flanks. The sexes are similar in appearance.",Wikipedia (https://en.wikipedia.org/wiki/Dendrocygna_eytoni),https://images.ala.org.au/store/b/4/8/7/b4876cee-05e7-4900-8a90-3d26c0afed60/thumbnail_large,Atlas of Living Australia (ALA) via https://bie.ala.org.au/species/,,done,
93,dendrocygna-guttata,Spotted Whistling-Duck,Dendrocygna guttata,bird,,,very_high,,,,,FALSE,,FALSE,,TRUE,https://www.dcceew.gov.au/sites/default/files/documents/national-risk-scores-h5-bird-flu-native-birds-mammals.pdf,in_progress,https://biodiversity.org.au/afd/taxa/89baac8f-ce05-4349-ba54-4e018319d85a,,,,,"The spotted whistling duck (Dendrocygna guttata) is a member of the duck family Anatidae. It is also referred to as the ""spotted tree duck"". This duck can be found in Indonesia, New Guinea, Australia and the Philippines. Spotted ducks are also held in captive populations.",Wikipedia (https://en.wikipedia.org/wiki/Dendrocygna_guttata),https://images.ala.org.au/store/e/0/7/c/e07c9594-0d31-4edb-817d-cb32533cf802/thumbnail_large,Atlas of Living Australia (ALA) via https://bie.ala.org.au/species/,,done,
94,dendrocygna-arcuata-australis,Torresian Wandering Whistling-Duck,Dendrocygna arcuata australis,bird,,,very_high,,,,,FALSE,,FALSE,,TRUE,https://www.dcceew.gov.au/sites/default/files/documents/national-risk-scores-h5-bird-flu-native-birds-mammals.pdf,in_progress,https://biodiversity.org.au/afd/taxa/e4162cc8-bab4-414e-b170-2a0a42f03870,,,,,No summary available on Wikipedia for this species.,Wikipedia (https://en.wikipedia.org/wiki/Dendrocygna_arcuata_australis),,,,done,
95,elanus-scriptus,Letter-winged Kite,Elanus scriptus,bird,,,high,,,,,FALSE,,FALSE,,TRUE,https://www.dcceew.gov.au/sites/default/files/documents/national-risk-scores-h5-bird-flu-native-birds-mammals.pdf,in_progress,https://biodiversity.org.au/afd/taxa/4a6524fb-b256-4790-a877-e5f10502da93,,,,,"The letter-winged kite (Elanus scriptus) is a small, rare and irruptive bird of prey that is found only in Australia. Measuring around 35 cm (14 in) in length with a wingspan of 84–100 cm (33–39 in), the adult letter-winged kite has predominantly pale grey and white plumage and prominent black rings around its red eyes. Its name derives from its highly distinctive black underwing pattern of a shallow 'M' or 'W' shape, visible when in flight. This distinguishes it from the otherwise similar black-shouldered kite. This species is also the only nocturnal species within the order Accipitriformes despite few differences found in its visual anatomy to other closely related kites.
The species begins breeding in response to rodent outbreaks, with pairs nesting in loose colonies of up to 50 birds each. Three to four eggs are laid and incubated for around thirty days, though the eggs may be abandoned if the food source disappears. Chicks are fledged within five weeks of hatching. Roosting in well-foliaged trees during the day, the letter-winged kite hunts mostly at night. It is a specialist predator of rodents, which it hunts by hovering above grasslands and fields. It is rated as near threatened on the International Union for Conservation of Nature (IUCN)'s Red List of Threatened Species.",Wikipedia (https://en.wikipedia.org/wiki/Elanus_scriptus),https://images.ala.org.au/store/5/e/1/8/5e1856aa-dd44-4c97-a29b-54276b658951/thumbnail_large,Atlas of Living Australia (ALA) via https://bie.ala.org.au/species/,,done,
96,dromaius-baudinianus,Kangaroo Island Emu,Dromaius baudinianus,bird,,,high,,,,,FALSE,,FALSE,,TRUE,https://www.dcceew.gov.au/sites/default/files/documents/national-risk-scores-h5-bird-flu-native-birds-mammals.pdf,in_progress,https://biodiversity.org.au/afd/taxa/cd5c5983-b843-4ebf-b332-484c8866f694,,,,,"The Kangaroo Island emu or dwarf emu (Dromaius novaehollandiae baudinianus) is an extinct subspecies of emu. It was restricted to Kangaroo Island, South Australia, which was known as Ile Decrés by the members of the Baudin expedition. It differed from the mainland emu mainly in its smaller size. The subspecies became extinct by about 1827.",Wikipedia (https://en.wikipedia.org/wiki/Dromaius_baudinianus),https://images.ala.org.au/store/5/4/1/d/541d3bdf-a8f7-4bb4-adbd-a19e3985cb4f/thumbnail_large,Atlas of Living Australia (ALA) via https://bie.ala.org.au/species/,,done,
97,dromaius-minor,King Island Emu,Dromaius minor,bird,,,high,,,,,FALSE,,FALSE,,TRUE,https://www.dcceew.gov.au/sites/default/files/documents/national-risk-scores-h5-bird-flu-native-birds-mammals.pdf,in_progress,https://biodiversity.org.au/afd/taxa/dadd0369-f5fe-4de0-8d37-6334f51e47f5,,,,,"The King Island emu (Dromaius novaehollandiae minor) is an extinct subspecies of emu that was endemic to King Island, in the Bass Strait between mainland Australia and Tasmania. Its closest relative may be the also extinct Tasmanian emu (D. n. diemenensis), as they belonged to a single population until less than 14,000 years ago, when Tasmania and King Island were still connected. The small size of the King Island emu may be an example of insular dwarfism. The King Island emu was the smallest of all known emus and had darker plumage than the mainland emu. It was black and brown and had naked blue skin on the neck, and its chicks were striped like those on the mainland. The subspecies was distinct from the likewise small and extinct Kangaroo Island emu (D. n. baudinianus) in a number of osteological details, including size. The behaviour of the King Island emu probably did not differ much from that of the mainland emu. The birds gathered in flocks to forage and during breeding time. They fed on berries, grass and seaweed. They ran swiftly and could defend themselves by kicking. The nest was shallow and consisted of dead leaves and moss. Seven to nine eggs were laid, which were incubated by both parents.
Europeans discovered the King Island emu in 1802 during early expeditions to the island, and most of what is known about the bird in life comes from an interview French naturalist François Péron conducted with a sealer there, as well as depictions by artist Charles Alexandre Lesueur. They had arrived on King Island in 1802 with Nicolas Baudin's expedition, and in 1804 several live and stuffed King and Kangaroo Island emus were sent to France. The two live King Island specimens were kept in the Jardin des Plantes, and the remains of these and the other birds are scattered throughout various museums in Europe today. The logbooks of the expedition did not specify from which island each captured bird originated, or even whether they were taxonomically distinct, so their status remained unclear until more than a century later. Hunting pressure and fires started by early settlers on King Island likely drove the wild population to extinction by 1805. The captive specimens in Paris both died in 1822 and are believed to have been the last of their kind.",Wikipedia (https://en.wikipedia.org/wiki/Dromaius_minor),,,,done,
98,fregata-ariel-ariel,Indo-Pacific Lesser Frigatebird,Fregata ariel ariel,bird,,,high,,,,,FALSE,,FALSE,,TRUE,https://www.dcceew.gov.au/sites/default/files/documents/national-risk-scores-h5-bird-flu-native-birds-mammals.pdf,in_progress,https://biodiversity.org.au/afd/taxa/b4453df0-ca97-4d67-8be7-a5fe73200c9a,,,,,No summary available on Wikipedia for this species.,Wikipedia (https://en.wikipedia.org/wiki/Fregata_ariel_ariel),,,,done,
99,sula-sula-rubripes,Indo-Pacific Red-footed Booby,Sula sula rubripes,bird,,,very_high,,,,,FALSE,,FALSE,,TRUE,https://www.dcceew.gov.au/sites/default/files/documents/national-risk-scores-h5-bird-flu-native-birds-mammals.pdf,in_progress,https://biodiversity.org.au/afd/taxa/98e74729-7a39-43a8-bf17-45073838588f,,,,,No summary available on Wikipedia for this species.,Wikipedia (https://en.wikipedia.org/wiki/Sula_sula_rubripes),,,,done,
100,anous-minutus-minutus,Indo-Pacific Black Noddy,Anous minutus minutus,bird,,,very_high,,,,,FALSE,,FALSE,,TRUE,https://www.dcceew.gov.au/sites/default/files/documents/national-risk-scores-h5-bird-flu-native-birds-mammals.pdf,in_progress,https://biodiversity.org.au/afd/taxa/b707cf61-0e1e-4182-9cac-111c9e174d04,,,,,No summary available on Wikipedia for this species.,Wikipedia (https://en.wikipedia.org/wiki/Anous_minutus_minutus),,,,done,
101,sterna-sumatrana-sumatrana,Black-naped Tern,Sterna sumatrana sumatrana,bird,,,very_high,,,,,FALSE,,FALSE,,TRUE,https://www.dcceew.gov.au/sites/default/files/documents/national-risk-scores-h5-bird-flu-native-birds-mammals.pdf,not_started,,,,,,,,,,,done,
102,sterna-hirundo-longipennis,Siberian Common Tern,Sterna hirundo longipennis,bird,,,high,,,,,FALSE,,FALSE,,TRUE,https://www.dcceew.gov.au/sites/default/files/documents/national-risk-scores-h5-bird-flu-native-birds-mammals.pdf,in_progress,https://biodiversity.org.au/afd/taxa/dfa2929d-f108-462e-a9ca-46093224652a,,,,,No summary available on Wikipedia for this species.,Wikipedia (https://en.wikipedia.org/wiki/Sterna_hirundo_longipennis),,,,done,
103,thalasseus-bergii-cristatus,Australasian Crested Tern,Thalasseus bergii cristatus,bird,,,very_high,,,,,FALSE,,FALSE,,TRUE,https://www.dcceew.gov.au/sites/default/files/documents/national-risk-scores-h5-bird-flu-native-birds-mammals.pdf,in_progress,https://biodiversity.org.au/afd/taxa/f302bb36-804a-41b5-86e8-d2e244b3f777,,,,,No summary available on Wikipedia for this species.,Wikipedia (https://en.wikipedia.org/wiki/Thalasseus_bergii_cristatus),,,,done,
104,thalasseus-bengalensis-torresii,Eastern Lesser Crested Tern,Thalasseus bengalensis torresii,bird,,,very_high,,,,,FALSE,,FALSE,,TRUE,https://www.dcceew.gov.au/sites/default/files/documents/national-risk-scores-h5-bird-flu-native-birds-mammals.pdf,in_progress,https://biodiversity.org.au/afd/taxa/aebc76b2-4fbf-401a-929e-0c9fcdb8f812,,,,,No summary available on Wikipedia for this species.,Wikipedia (https://en.wikipedia.org/wiki/Thalasseus_bengalensis_torresii),,,,done,
105,larus-pacificus-georgii,West Coast Pacific Gull,Larus pacificus georgii,bird,,,very_high,,,,,FALSE,,FALSE,,TRUE,https://www.dcceew.gov.au/sites/default/files/documents/national-risk-scores-h5-bird-flu-native-birds-mammals.pdf,in_progress,https://biodiversity.org.au/afd/taxa/0e44e02c-37c4-4565-9138-fbea2394f479,,,,,No summary available on Wikipedia for this species.,Wikipedia (https://en.wikipedia.org/wiki/Larus_pacificus_georgii),,,,done,
106,chroicocephalus-novaehollandiae-novaehollandiae,Australian Silver Gull,Chroicocephalus novaehollandiae novaehollandiae,bird,,,very_high,,,,,FALSE,,FALSE,,TRUE,https://www.dcceew.gov.au/sites/default/files/documents/national-risk-scores-h5-bird-flu-native-birds-mammals.pdf,in_progress,https://biodiversity.org.au/afd/taxa/538264b4-3ff3-4f31-b585-6b0ab96b991f,,,,,No summary available on Wikipedia for this species.,Wikipedia (https://en.wikipedia.org/wiki/Chroicocephalus_novaehollandiae_novaehollandiae),,,,done,
107,chlidonias-hybrida,Whiskered Tern,Chlidonias hybrida,bird,,,very_high,,,,,FALSE,,FALSE,,TRUE,https://www.dcceew.gov.au/sites/default/files/documents/national-risk-scores-h5-bird-flu-native-birds-mammals.pdf,not_started,,,,,,,,,,,done,
108,chlidonias-hybrida-javanicus,Eastern Whiskered Tern,Chlidonias hybrida javanicus,bird,,,very_high,,,,,FALSE,,FALSE,,TRUE,https://www.dcceew.gov.au/sites/default/files/documents/national-risk-scores-h5-bird-flu-native-birds-mammals.pdf,not_started,,,,,,,,,,,done,
109,chlidonias-leucopterus,White-winged Black Tern,Chlidonias leucopterus,bird,,,very_high,,,,,FALSE,,FALSE,,TRUE,https://www.dcceew.gov.au/sites/default/files/documents/national-risk-scores-h5-bird-flu-native-birds-mammals.pdf,in_progress,https://biodiversity.org.au/afd/taxa/383daf29-74b1-40b1-9014-51bbf3af8898,,,,,"The white-winged tern or white-winged black tern (Chlidonias leucopterus) is a species of tern in the family Laridae. It is a small species generally found in or near bodies of fresh water across much of the world, including Europe, Africa, Asia, and Australia. The genus name is from Ancient Greek khelidonios, ""swallow-like"", from khelidon, ""swallow"".
The name 'white-winged tern' is the standard in most English-speaking countries; in the United Kingdom, this name is also the one used by the formal ornithological recording authorities, but the older alternative 'white-winged black tern' is still frequent in popular use.",Wikipedia (https://en.wikipedia.org/wiki/Chlidonias_leucopterus),https://images.ala.org.au/store/1/b/4/c/1b4cfce0-2baf-4245-ae05-4af26e1d9b77/thumbnail_large,Atlas of Living Australia (ALA) via https://bie.ala.org.au/species/,,done,
110,ardea-alba,Great Egret,Ardea alba,bird,,,very_high,,,,,FALSE,,FALSE,,TRUE,https://www.dcceew.gov.au/sites/default/files/documents/national-risk-scores-h5-bird-flu-native-birds-mammals.pdf,in_progress,https://biodiversity.org.au/afd/taxa/143cc9f0-bc3c-45b7-8e1c-21fbe9319bba,,,,,"The great egret (Ardea alba), also known as the common egret, large egret, great white egret, or great white heron, is a large, widely distributed egret.  The four subspecies are found in Asia, Africa, the Americas, and southern Europe. Recently, it has also been spreading to more northern areas of Europe. Distributed across most of the tropical and warmer temperate regions of the world, it builds tree nests in colonies close to water.",Wikipedia (https://en.wikipedia.org/wiki/Ardea_alba),https://images.ala.org.au/store/6/4/f/7/64f728ac-f329-4cbb-b00d-4878312065f2/thumbnail_large,Atlas of Living Australia (ALA) via https://bie.ala.org.au/species/,,done,
111,ardea-alba-modesta,Eastern Great Egret,Ardea alba modesta,bird,,,very_high,,,,,FALSE,,FALSE,,TRUE,https://www.dcceew.gov.au/sites/default/files/documents/national-risk-scores-h5-bird-flu-native-birds-mammals.pdf,in_progress,https://biodiversity.org.au/afd/taxa/51e70463-b658-413e-9c25-ca074d95407f,,,,,"The eastern great egret (Ardea alba modesta) is a species of heron from the genus Ardea, usually considered a subspecies of the great egret (A. alba). In New Zealand it is known as the white heron or by its Māori name kōtuku. It was first described by British ornithologist John Edward Gray in 1831.",Wikipedia (https://en.wikipedia.org/wiki/Ardea_alba_modesta),,,,done,
112,butorides-striata-rogersi,Eastern Striated Heron,Butorides striata rogersi,bird,,,high,,,,,FALSE,,FALSE,,TRUE,https://www.dcceew.gov.au/sites/default/files/documents/national-risk-scores-h5-bird-flu-native-birds-mammals.pdf,in_progress,https://biodiversity.org.au/afd/taxa/8be99fc9-bd7d-4bed-994e-7a3cb6ddde82,,,,,No summary available on Wikipedia for this species.,Wikipedia (https://en.wikipedia.org/wiki/Butorides_striata_rogersi),,,,done,
113,butorides-striata-stagnatilis,Western Striated Heron,Butorides striata stagnatilis,bird,,,high,,,,,FALSE,,FALSE,,TRUE,https://www.dcceew.gov.au/sites/default/files/documents/national-risk-scores-h5-bird-flu-native-birds-mammals.pdf,in_progress,https://biodiversity.org.au/afd/taxa/069abd86-29eb-4e7c-8a04-3d669652da3a,,,,,No summary available on Wikipedia for this species.,Wikipedia (https://en.wikipedia.org/wiki/Butorides_striata_stagnatilis),,,,done,
114,egretta-novaehollandiae,White-faced Heron,Egretta novaehollandiae,bird,,,very_high,,,,,FALSE,,FALSE,,TRUE,https://www.dcceew.gov.au/sites/default/files/documents/national-risk-scores-h5-bird-flu-native-birds-mammals.pdf,in_progress,https://biodiversity.org.au/afd/taxa/8fd1977b-9edf-4ddf-b6cf-24a09db4d18c,,,,,"The white-faced heron (Egretta novaehollandiae) also known as the white-fronted heron, and incorrectly as the grey heron, or blue crane, is a common bird throughout most of Australasia, including New Guinea, the islands of Torres Strait, Indonesia, New Zealand, and all but the driest areas of Australia.
It is a medium-sized heron, pale, slightly bluish-grey, with yellow legs and white facial markings. It can be found almost anywhere near shallow water, fresh or salt, and although it is prompt to depart the scene on long, slow-beating wings if disturbed, it will boldly raid suburban fish ponds.",Wikipedia (https://en.wikipedia.org/wiki/Egretta_novaehollandiae),https://images.ala.org.au/store/2/2/a/5/22a5dca1-7838-417f-8332-e6af4b9e7e5f/thumbnail_large,Atlas of Living Australia (ALA) via https://bie.ala.org.au/species/,,done,
115,threskiornis-moluccus,Australian White Ibis,Threskiornis moluccus,bird,,,very_high,,,,,FALSE,,FALSE,,TRUE,https://www.dcceew.gov.au/sites/default/files/documents/national-risk-scores-h5-bird-flu-native-birds-mammals.pdf,in_progress,https://biodiversity.org.au/afd/taxa/f5f5ddd8-ae6a-431b-9e08-3e992b12fa64,,,,,"The Australian white ibis (Threskiornis molucca) is a wading bird of the family Threskiornithidae. It is widespread across much of Australia. It has a predominantly white plumage with a bare, black head, long downcurved bill, and black legs. While it is closely related to the African sacred ibis, the Australian white ibis is a native Australian bird. Contrary to urban myth, it is not a feral species introduced to Australia by people, and it does not come from Egypt.
Historically rare in urban areas, the Australian white ibis has established in urban areas of the east coast in increasing numbers since the late 1970s; it is now commonly seen in Wollongong, Sydney, Melbourne, Adelaide, Darwin, the Gold Coast, Brisbane and Townsville. In recent years, the bird has also become increasingly common in Perth, Western Australia, and surrounding towns in south-western Australia. Populations have disappeared from natural breeding areas such as the Macquarie Marshes in northern New South Wales. Management plans have been introduced to control problematic urban populations in Sydney.
Due to their commonality in urban areas, and their habit of rummaging in outside garbage, the species has acquired a variety of names, including  ""tip turkey"" and ""bin chicken"".",Wikipedia (https://en.wikipedia.org/wiki/Threskiornis_moluccus),https://images.ala.org.au/store/5/f/b/c/5fbc2474-3fc6-40e7-a3ff-123dd1cd3306/thumbnail_large,Atlas of Living Australia (ALA) via https://bie.ala.org.au/species/,,done,
116,threskiornis-moluccus-moluccus,Australian White Ibis,Threskiornis moluccus moluccus,bird,,,very_high,,,,,FALSE,,FALSE,,TRUE,https://www.dcceew.gov.au/sites/default/files/documents/national-risk-scores-h5-bird-flu-native-birds-mammals.pdf,in_progress,https://biodiversity.org.au/afd/taxa/dec9990b-db32-493a-9a85-6beb090ebf01,,,,,No summary available on Wikipedia for this species.,Wikipedia (https://en.wikipedia.org/wiki/Threskiornis_moluccus_moluccus),,,,done,
117,plegadis-falcinellus,Glossy Ibis,Plegadis falcinellus,bird,,,very_high,,,,,FALSE,,FALSE,,TRUE,https://www.dcceew.gov.au/sites/default/files/documents/national-risk-scores-h5-bird-flu-native-birds-mammals.pdf,in_progress,https://biodiversity.org.au/afd/taxa/da100481-e4a7-4d6e-8535-89a748cf52ad,,,,,"The glossy ibis (Plegadis falcinellus) is a water bird in the order Pelecaniformes and the ibis and spoonbill family Threskiornithidae. The scientific name derives from Ancient Greek plegados and Latin, falcis, both meaning ""sickle"" and referring to the distinctive shape of the bill.
The historical name black curlew was used for the glossy ibis in Norfolk at least until the early 19th century, and this name also appears in Anglo-Saxon literature. Yalden and Albarella do not mention this species as occurring in medieval England.",Wikipedia (https://en.wikipedia.org/wiki/Plegadis_falcinellus),https://images.ala.org.au/store/1/c/f/5/1cf57054-22ab-417b-9d86-4ae3bde0e23b/thumbnail_large,Atlas of Living Australia (ALA) via https://bie.ala.org.au/species/,,done,
118,platalea-regia,Royal Spoonbill,Platalea regia,bird,,,very_high,,,,,FALSE,,FALSE,,TRUE,https://www.dcceew.gov.au/sites/default/files/documents/national-risk-scores-h5-bird-flu-native-birds-mammals.pdf,in_progress,https://biodiversity.org.au/afd/taxa/47048109-474f-4e67-bf9d-b230f65f69b9,,,,,"The royal spoonbill (Platalea regia), also known as the black-billed spoonbill lives in intertidal flats and shallows of fresh and saltwater wetlands in Australia, New Zealand, Indonesia, Papua New Guinea, and the Solomon Islands. (In New Zealand, it is also known by the Māori name kōtuku ngutupapa.)  It has also been recorded as a vagrant in New Caledonia. It is one of 6 spoonbill species world wide. The royal spoonbill lives in wetlands and feeds on crustaceans, fish and small insects by sweeping its bill from side to side. It always flies with its head extended. Widespread throughout its large range, the royal spoonbill is evaluated as Least Concern on the IUCN Red List of Threatened Species.",Wikipedia (https://en.wikipedia.org/wiki/Platalea_regia),,,,done,
119,threskiornis-spinicollis,Straw-necked Ibis,Threskiornis spinicollis,bird,,,very_high,,,,,FALSE,,FALSE,,TRUE,https://www.dcceew.gov.au/sites/default/files/documents/national-risk-scores-h5-bird-flu-native-birds-mammals.pdf,in_progress,https://biodiversity.org.au/afd/taxa/c319dbaf-a363-4853-b333-75f14c47fc82,,,,,"The straw-necked ibis (Threskiornis spinicollis) is a bird of the ibis and spoonbill family Threskiornithidae. It can be found throughout Australia, New Guinea, and parts of Indonesia. Adults have distinctive straw-like feathers on their necks.",Wikipedia (https://en.wikipedia.org/wiki/Threskiornis_spinicollis),https://images.ala.org.au/store/1/6/c/2/16c24477-2112-4d8a-bc3d-4acd6f25972c/thumbnail_large,Atlas of Living Australia (ALA) via https://bie.ala.org.au/species/,,done,
120,platalea-flavipes,Yellow-billed Spoonbill,Platalea flavipes,bird,,,very_high,,,,,FALSE,,FALSE,,TRUE,https://www.dcceew.gov.au/sites/default/files/documents/national-risk-scores-h5-bird-flu-native-birds-mammals.pdf,in_progress,https://biodiversity.org.au/afd/taxa/038c3b33-0f3e-41bc-bf43-631c97cabc63,,,,,"The yellow-billed spoonbill (Platalea flavipes) is a gregarious wading bird of the ibis and spoonbill family, Threskiornithidae. It is native to Australia, and is a vagrant to New Zealand, Lord Howe Island and Norfolk Island.",Wikipedia (https://en.wikipedia.org/wiki/Platalea_flavipes),,,,done,
121,tyto-tenebricosa,Greater Sooty Owl,Tyto tenebricosa,bird,,,high,,,,,FALSE,,FALSE,,TRUE,https://www.dcceew.gov.au/sites/default/files/documents/national-risk-scores-h5-bird-flu-native-birds-mammals.pdf,in_progress,https://biodiversity.org.au/afd/taxa/645b287c-e547-4602-9275-ad3f972328bb,,,,,"The sooty owl or greater sooty owl (Tyto tenebricosa) is a medium to large owl  found in south-eastern Australia, Montane rainforests of New Guinea and have been seen on Flinders Island in the Bass Strait.  The lesser sooty owl (T. multipunctata), is sometimes considered to be conspecific with this species, in which case they are then together referred to as sooty owls. It is substantially smaller and occurs in the wet tropics region of North Queensland, Australia.",Wikipedia (https://en.wikipedia.org/wiki/Tyto_tenebricosa),https://images.ala.org.au/store/c/7/a/6/c7a6529c-e22c-48f9-ace1-99ac81f0831e/thumbnail_large,Atlas of Living Australia (ALA) via https://bie.ala.org.au/species/,,done,
122,tyto-tenebricosa-tenebricosa,Greater Sooty Owl,Tyto tenebricosa tenebricosa,bird,,,high,,,,,FALSE,,FALSE,,TRUE,https://www.dcceew.gov.au/sites/default/files/documents/national-risk-scores-h5-bird-flu-native-birds-mammals.pdf,in_progress,https://biodiversity.org.au/afd/taxa/f480fcad-383e-4366-9a0a-dd62f1d07d69,,,,,"The sooty owl or greater sooty owl (Tyto tenebricosa) is a medium to large owl  found in south-eastern Australia, Montane rainforests of New Guinea and have been seen on Flinders Island in the Bass Strait.  The lesser sooty owl (T. multipunctata), is sometimes considered to be conspecific with this species, in which case they are then together referred to as sooty owls. It is substantially smaller and occurs in the wet tropics region of North Queensland, Australia.",Wikipedia (https://en.wikipedia.org/wiki/Tyto_tenebricosa_tenebricosa),,,,done,
123,tyto-multipunctata,Lesser Sooty Owl,Tyto multipunctata,bird,,,high,,,,,FALSE,,FALSE,,TRUE,https://www.dcceew.gov.au/sites/default/files/documents/national-risk-scores-h5-bird-flu-native-birds-mammals.pdf,in_progress,https://biodiversity.org.au/afd/taxa/f695a51b-09c3-450d-b34d-76255cc2f573,,,,,"The lesser sooty owl (Tyto multipunctata) is a medium-sized masked owl endemic to the wet tropics region of Australia. Once considered a subspecies of the greater sooty owl, it is distinguished by its dark plumage, heavier spotting, and higher-pitched call. The lesser sooty owl has a limited range within northeastern Australia and primarily lives in dark, sheltered areas of the rainforest.",Wikipedia (https://en.wikipedia.org/wiki/Tyto_multipunctata),https://images.ala.org.au/store/f/d/5/5/fd55f910-f2c2-43d6-8d72-f89704598eef/thumbnail_large,Atlas of Living Australia (ALA) via https://bie.ala.org.au/species/,,done,
124,alectura-lathami-purpureicollis,Cape York Australian Brush-turkey,Alectura lathami purpureicollis,bird,,,high,,,,,FALSE,,FALSE,,TRUE,https://www.dcceew.gov.au/sites/default/files/documents/national-risk-scores-h5-bird-flu-native-birds-mammals.pdf,in_progress,https://biodiversity.org.au/afd/taxa/037af11d-7e7c-4eb6-9348-9d515c232010,,,,,No summary available on Wikipedia for this species.,Wikipedia (https://en.wikipedia.org/wiki/Alectura_lathami_purpureicollis),,,,done,
125,eudyptes-pachyrhynchus,Fiordland Penguin,Eudyptes pachyrhynchus,bird,,,high,,,,,FALSE,,FALSE,,TRUE,https://www.dcceew.gov.au/sites/default/files/documents/national-risk-scores-h5-bird-flu-native-birds-mammals.pdf,in_progress,https://biodiversity.org.au/afd/taxa/3418d2c5-3280-44b4-a146-730438a5255f,,,,,"The Fiordland penguin (Eudyptes pachyrhynchus), also known as the Fiordland crested penguin (in Māori, tawaki or pokotiwha), is a crested penguin species endemic to New Zealand. It currently breeds along the south-western coasts of New Zealand's South Island as well as on Stewart Island/Rakiura and its outlying islands. Because it originally ranged beyond Fiordland, it is sometimes referred to as the New Zealand crested penguin. It is occasionally found in Australia.",Wikipedia (https://en.wikipedia.org/wiki/Eudyptes_pachyrhynchus),https://images.ala.org.au/store/b/f/6/2/bf626fd5-38fc-43b2-a6d1-7b4eb28d446e/thumbnail_large,Atlas of Living Australia (ALA) via https://bie.ala.org.au/species/,,done,
126,pygoscelis-papua-papua,Subantarctic Gentoo Penguin,Pygoscelis papua papua,bird,,,high,,,,,FALSE,,FALSE,,TRUE,https://www.dcceew.gov.au/sites/default/files/documents/national-risk-scores-h5-bird-flu-native-birds-mammals.pdf,in_progress,https://biodiversity.org.au/afd/taxa/302438a6-9d7b-484f-ae18-d45437580fad,,,,,No summary available on Wikipedia for this species.,Wikipedia (https://en.wikipedia.org/wiki/Pygoscelis_papua_papua),,,,done,
127,eudyptes-chrysocome-chrysocome,South American Southern Rockhopper Penguin,Eudyptes chrysocome chrysocome,bird,,,high,,,,,FALSE,,FALSE,,TRUE,https://www.dcceew.gov.au/sites/default/files/documents/national-risk-scores-h5-bird-flu-native-birds-mammals.pdf,in_progress,https://biodiversity.org.au/afd/taxa/7e680332-e254-45b9-989f-414491ceabe2,,,,,No summary available on Wikipedia for this species.,Wikipedia (https://en.wikipedia.org/wiki/Eudyptes_chrysocome_chrysocome),,,,done,
128,eudyptes-chrysocome-filholi,Eastern Rockhopper Penguin,Eudyptes chrysocome filholi,bird,,,high,,,,,FALSE,,FALSE,,TRUE,https://www.dcceew.gov.au/sites/default/files/documents/national-risk-scores-h5-bird-flu-native-birds-mammals.pdf,in_progress,https://biodiversity.org.au/afd/taxa/a833a209-e85d-4ec2-849f-746d2f1e2de5,,,,,"The eastern rockhopper penguin (Eudyptes filholi), also known as the tawaki kaipiki toka (Māori: 'rock climber'), is a crested penguin with yellow crest feathers. It was formerly treated as conspecific with the  western rockhopper penguin with the name ""southern rockhopper penguin"" for the combined species. It is one of the smallest crested penguins and has distinctive pink margins around its bill. It breeds on islands in the Southern Indian and Pacific Oceans.",Wikipedia (https://en.wikipedia.org/wiki/Eudyptes_chrysocome_filholi),,,,done,
129,pachyptila-turtur-turtur,Northern Fairy Prion,Pachyptila turtur turtur,bird,,,very_high,,,,,FALSE,,FALSE,,TRUE,https://www.dcceew.gov.au/sites/default/files/documents/national-risk-scores-h5-bird-flu-native-birds-mammals.pdf,in_progress,https://biodiversity.org.au/afd/taxa/b9637f0a-eb20-40e7-b901-47ac6fc8efae,,,,,No summary available on Wikipedia for this species.,Wikipedia (https://en.wikipedia.org/wiki/Pachyptila_turtur_turtur),,,,done,
130,motacilla-alba,White Wagtail,Motacilla alba,bird,,,high,,,,,FALSE,,FALSE,,TRUE,https://www.dcceew.gov.au/sites/default/files/documents/national-risk-scores-h5-bird-flu-native-birds-mammals.pdf,in_progress,https://biodiversity.org.au/afd/taxa/47cfcaf1-588b-40bf-ad99-790019adb433,,,,,"The white wagtail (Motacilla alba) is a small passerine bird in the family Motacillidae, which also includes pipits and longclaws. The species breeds in the Palearctic zone in most of Europe and Asia and parts of North Africa; it also has a toehold in western Alaska as a scarce breeder. It is resident in the mildest parts of its range, but otherwise migrates to Africa. In total, there are between 9 and 11 subspecies of M. alba; in Ireland and Great Britain, the black-backed subspecies known as the pied wagtail (M. a. yarrellii) predominates.
The white wagtail is an insectivorous bird of open country, often near habitation and water. It prefers bare areas for feeding, where it can see and pursue its prey. In urban areas, it has adapted to foraging on paved areas such as car parks. It nests in crevices in stone walls and similar natural and human-made structures.
It is the national bird of Latvia and has featured on the stamps of several countries. It is listed as being 'of least concern' by IUCN.",Wikipedia (https://en.wikipedia.org/wiki/Motacilla_alba),https://images.ala.org.au/store/2/c/6/9/2c69444e-4a19-47e7-b84e-ac4185764b06/thumbnail_large,Atlas of Living Australia (ALA) via https://bie.ala.org.au/species/,,done,
131,motacilla-alba-leucopsis,Central Asian White Wagtail,Motacilla alba leucopsis,bird,,,high,,,,,FALSE,,FALSE,,TRUE,https://www.dcceew.gov.au/sites/default/files/documents/national-risk-scores-h5-bird-flu-native-birds-mammals.pdf,in_progress,https://biodiversity.org.au/afd/taxa/0f5e2cd2-7732-4807-8099-f966e991bc91,,,,,No summary available on Wikipedia for this species.,Wikipedia (https://en.wikipedia.org/wiki/Motacilla_alba_leucopsis),,,,done,
132,elseyornis-melanops,Black-fronted Dotterel,Elseyornis melanops,bird,,,very_high,,,,,FALSE,,FALSE,,TRUE,https://www.dcceew.gov.au/sites/default/files/documents/national-risk-scores-h5-bird-flu-native-birds-mammals.pdf,in_progress,https://biodiversity.org.au/afd/taxa/29cbe213-85a4-46b7-b373-4c503231f299,,,,,The black-fronted dotterel (Thinornis melanops) is a small plover in the family Charadriidae that is found throughout much of Australia and New Zealand.,Wikipedia (https://en.wikipedia.org/wiki/Elseyornis_melanops),https://images.ala.org.au/store/8/c/9/e/8c9e4408-c0bd-487e-9a4c-55abe6fb43f3/thumbnail_large,Atlas of Living Australia (ALA) via https://bie.ala.org.au/species/,,done,
133,erythrogonys-cinctus,Red-kneed Dotterel,Erythrogonys cinctus,bird,,,very_high,,,,,FALSE,,FALSE,,TRUE,https://www.dcceew.gov.au/sites/default/files/documents/national-risk-scores-h5-bird-flu-native-birds-mammals.pdf,in_progress,https://biodiversity.org.au/afd/taxa/1ed45f0a-8a3a-4a7e-8eca-43a86fb1688c,,,,,"The red-kneed dotterel (Erythrogonys cinctus) is a species of plover in a monotypic genus in the subfamily Vanellinae.  It is often gregarious and will associate with other waders of its own and different species, even when nesting.  It is nomadic and sometimes irruptive.",Wikipedia (https://en.wikipedia.org/wiki/Erythrogonys_cinctus),https://images.ala.org.au/store/c/c/5/e/cc5ed9b0-ef36-4f11-a7bd-495740719733/thumbnail_large,Atlas of Living Australia (ALA) via https://bie.ala.org.au/species/,,done,
134,cladorhynchus-leucocephalus,Banded Stilt,Cladorhynchus leucocephalus,bird,,,very_high,,,,,FALSE,,FALSE,,TRUE,https://www.dcceew.gov.au/sites/default/files/documents/national-risk-scores-h5-bird-flu-native-birds-mammals.pdf,in_progress,https://biodiversity.org.au/afd/taxa/1288a458-1631-40e5-837d-fd286679f866,,,,,"The banded stilt (Cladorhynchus leucocephalus) is a nomadic wader of the stilt and avocet family, Recurvirostridae, native to Australia. It belongs to the monotypic genus Cladorhynchus. It gets its name from the red-brown breast band found on breeding adults, though this is mottled or entirely absent in non-breeding adults and juveniles. Its remaining plumage is pied and the eyes are dark brown. Nestling banded stilts have white down, unlike any other species of wader.
Breeding is triggered by the filling of inland salt lakes by rainfall, creating large shallow lakes rich in tiny shrimp on which the birds feed. Banded stilts migrate to these lakes in large numbers and assemble in large breeding colonies. The female lays three to four brown- or black-splotched whitish eggs on a scrape. If conditions are favourable, a second brood might be laid, though if the lakes dry up prematurely the breeding colonies may be abandoned.
The banded stilt is considered to be a species of least concern by the International Union for Conservation of Nature (IUCN). Under the South Australian National Parks and Wildlife Act 1972, however, this bird is considered to be Vulnerable. This is due to the predation of it by silver gulls, which are considered to be a serious threat. Black falcons and wedge-tailed eagles are also predators, taking the banded stilt and its young.",Wikipedia (https://en.wikipedia.org/wiki/Cladorhynchus_leucocephalus),https://images.ala.org.au/store/8/b/7/e/8b7e1f71-2f61-4090-834f-6c8b7e5485ef/thumbnail_large,Atlas of Living Australia (ALA) via https://bie.ala.org.au/species/,,done,
135,strepera-graculina-robinsoni,Wet Tropics Pied Currawong,Strepera graculina robinsoni,bird,,,high,,,,,FALSE,,FALSE,,TRUE,https://www.dcceew.gov.au/sites/default/files/documents/national-risk-scores-h5-bird-flu-native-birds-mammals.pdf,in_progress,https://biodiversity.org.au/afd/taxa/f27e9722-9099-4ca4-9757-a32837ef7dc9,,,,,No summary available on Wikipedia for this species.,Wikipedia (https://en.wikipedia.org/wiki/Strepera_graculina_robinsoni),,,,done,
136,balaenoptera-borealis,Sei Whale,Balaenoptera borealis,mammal,,,high,,,,,FALSE,,FALSE,,TRUE,https://www.dcceew.gov.au/sites/default/files/documents/national-risk-scores-h5-bird-flu-native-birds-mammals.pdf,in_progress,https://biodiversity.org.au/afd/taxa/450bbdd2-cd50-4505-9466-15c1e24f7aa0,,,,,"The sei whale ( SAY, Norwegian: [sæɪ]; Balaenoptera borealis) is a baleen whale. It is one of ten rorqual species, and the third-largest member after the blue and fin whales. It can grow to 19.5 m (64 ft) in length and weigh as much as 28 t (28 long tons; 31 short tons). Two subspecies are recognized: B. b. borealis and B. b. schlegelii. The whale's ventral surface has sporadic markings ranging from light grey to white, and its body is usually dark steel grey in colour. It is among the fastest of all cetaceans, and can reach speeds of up to 50–55 km/h (31–34 mph) over short distances. 
It inhabits most oceans and adjoining seas, and prefers deep offshore waters. It avoids polar and tropical waters and semi-enclosed bodies of water. The sei whale migrates annually from cool, subpolar waters in summer to temperate, subtropical waters in winter with a lifespan of 70 years. It is a filter feeder, with its diet consisting primarily of copepods, krill, and other zooplankton. It is typically solitary or can be found in groups numbering half a dozen. During the breeding period, a mating pair will remain together. Sei whale vocalizations usually last approximately half a second, and occurs at 240–625 hertz.
Following large-scale commercial whaling during the late 19th and 20th centuries, when over 255,000 whales were killed, the sei whale is now internationally protected. It is listed as endangered on the IUCN Red List, though populations are increasing. The Northern Hemisphere population is listed under CITES Appendix II, which indicates they are not threatened with extinction, while the Southern Hemisphere population is listed under CITES Appendix I, indicating that they are threatened and are given the highest levels of protection.",Wikipedia (https://en.wikipedia.org/wiki/Balaenoptera_borealis),https://images.ala.org.au/store/9/4/7/a/947a94a9-5091-4426-b01b-c0bfdc453a67/thumbnail_large,Atlas of Living Australia (ALA) via https://bie.ala.org.au/species/,,done,
137,balaenoptera-musculus,Blue Whale,Balaenoptera musculus,mammal,,,high,,,,,FALSE,,FALSE,,TRUE,https://www.dcceew.gov.au/sites/default/files/documents/national-risk-scores-h5-bird-flu-native-birds-mammals.pdf,in_progress,https://biodiversity.org.au/afd/taxa/a2a8fc54-88b7-4b1c-8f1b-ad15998322cd,,,,,"The blue whale (Balaenoptera musculus) is a species of baleen whale and the largest marine mammal in the rorqual family Balaenopteridae. Reaching a maximum confirmed length of 29.9–30.5 m (98–100 ft) and weighing up to 190–200 t (190–200 long tons; 210–220 short tons), it is the largest animal known to have ever existed. The blue whale's long and slender body can be of various shades of greyish-blue on its upper surface and somewhat lighter underneath. Four subspecies are recognized: B. m. musculus in the North Atlantic and North Pacific, B. m. intermedia in the Southern Ocean, B. m. brevicauda (the pygmy blue whale) in the Indian Ocean and South Pacific Ocean, and B. m. indica in the Northern Indian Ocean. There is a population in the waters off Chile that may constitute a fifth subspecies.
In general, blue whale populations migrate between their summer feeding areas near the poles and their winter breeding grounds near the tropics. There is also evidence of year-round residencies, and partial or age- and sex-based migration. Blue whales are filter feeders; their diet consists almost exclusively of krill. They are generally solitary or gather in small groups, and have no well-defined social structure other than mother–calf bonds. Blue whales vocalize, with a fundamental frequency ranging from 8 to 25 Hz; their vocalizations may vary by region, season, behavior, and time of day.
The blue whale was abundant in nearly all the Earth's oceans until the end of the 19th century. It was hunted almost to the point of extinction by whalers until the International Whaling Commission banned all blue whale hunting in 1966. The International Union for Conservation of Nature has listed blue whales as endangered as of 2018. Blue whales continue to face numerous man-made threats such as ship strikes, pollution, ocean noise, and climate change.",Wikipedia (https://en.wikipedia.org/wiki/Balaenoptera_musculus),https://images.ala.org.au/store/8/5/5/0/85503fa0-72c5-4f51-9c17-8fb2ea1e7629/thumbnail_large,Atlas of Living Australia (ALA) via https://bie.ala.org.au/species/,,done,
138,balaenoptera-physalus,Fin Whale,Balaenoptera physalus,mammal,,,high,,,,,FALSE,,FALSE,,TRUE,https://www.dcceew.gov.au/sites/default/files/documents/national-risk-scores-h5-bird-flu-native-birds-mammals.pdf,in_progress,https://biodiversity.org.au/afd/taxa/4de14593-cecd-4216-af1b-6f9f3909dd25,,,,,"The fin whale (Balaenoptera physalus), also known as the finback whale or common rorqual, is a species of baleen whale and the second-longest cetacean after the blue whale. The biggest individual reportedly measured 26–27.3 m (85–90 ft) in length, with a maximum recorded weight of 65.5 to 120 tonnes (72.2 to 132.3 short tons; 64.5 to 118.1 long tons). The fin whale's body is long, slender, and brownish-gray in color, with a paler underside to appear less conspicuous from below (countershading).
At least two recognized subspecies exist, one in the North Atlantic and one across the Southern Hemisphere. The species is found in all the major oceans, from polar to tropical waters, and is absent only from waters close to the pack ice at the poles and relatively small areas of water away from the open ocean. The highest population density occurs in temperate and cool waters. Its prey mainly consists of smaller schooling fish, small squid, and crustaceans, including copepods and krill. Mating takes place in temperate, low-latitude seas during the winter. Fin whales are often observed in pods of 6–10 animals, with whom they communicate using frequency-modulated sounds, ranging from 16 to 40 hertz.
Like all other large whales, the fin whale was a prized kill during the ""heyday"" of whaling from 1840 to 1861. This remained so into the 20th century, but decades of overharvesting contributed to declining numbers through the late 20th century. Over 725,000 fin whales were reportedly taken from the Southern Hemisphere between 1905 and 1976. Postrecovery numbers of the southern subspecies are predicted to be less than 50% of the prewhaling population, even by 2010, due to long-lasting impacts of whaling and slow recovery rates. In the North Atlantic, it is considered to be fully recovered from past exploitation, while in other oceans, it is still in the process of recovery. As of 2018, it was assessed as vulnerable by the International Union for the Conservation of Nature.",Wikipedia (https://en.wikipedia.org/wiki/Balaenoptera_physalus),https://images.ala.org.au/store/3/c/5/4/3c54dab4-dd9f-431e-88b8-c545de4c89e8/thumbnail_large,Atlas of Living Australia (ALA) via https://bie.ala.org.au/species/,,done,
139,eubalaena-australis,Southern Right Whale,Eubalaena australis,mammal,,,high,,,,,FALSE,,FALSE,,TRUE,https://www.dcceew.gov.au/sites/default/files/documents/national-risk-scores-h5-bird-flu-native-birds-mammals.pdf,in_progress,https://biodiversity.org.au/afd/taxa/0c5bfca8-f73a-4c8e-be98-fa8c8556d06d,,,,,"The southern right whale (Eubalaena australis) is a large baleen whale and one of three species of right whale belonging to the genus Eubalaena. Found throughout the Southern Hemisphere, it inhabits oceans between the latitudes of 20° and 60° south. Like its northern relatives, the southern right whale is noted by its broad back without a dorsal fin, a long, arching mouth, and white growths on its head known as callosities. Previously hunted for hundreds of years, almost to extinction, the species is now protected and its global population was estimated to be around 13,600 (2009).
Each year, the southern right whale migrates. During the summer months, it feeds on zooplankton and krill in the cold waters of the Southern Ocean, often near Antarctica. In the winter, it travels northward to the warmer coastal waters off Argentina, Australia, Brazil, South Africa, and New Zealand to breed and calve. The whales are known for their active behavior at the surface, which includes breaching and a unique practice called ""tail sailing,"" where they use their flukes to catch the wind.
Historically, southern right whales were the primary target for whalers (thus the ""right"" whale to hunt), who killed tens of thousands from the 18th to the 20th century, decimating the population. International protection was established in 1937, though illegal whaling by the Soviet Union continued into the 1970s. Since cessation of industrialized whale slaughtering, the population has seen a steady increase, growing an estimated 7% per year. Today, the species is a focus for whale watching, though it continues to face threats from ship strikes, entanglement in fishing gear, and pollution.",Wikipedia (https://en.wikipedia.org/wiki/Eubalaena_australis),https://images.ala.org.au/store/5/4/e/7/54e773fe-0db7-4189-89d1-a7fb41f41099/thumbnail_large,Atlas of Living Australia (ALA) via https://bie.ala.org.au/species/,,done,
140,lagenorhynchus-obscurus,Dusky Dolphin,Lagenorhynchus obscurus,mammal,,,very_high,,,,,FALSE,,FALSE,,TRUE,https://www.dcceew.gov.au/sites/default/files/documents/national-risk-scores-h5-bird-flu-native-birds-mammals.pdf,in_progress,https://biodiversity.org.au/afd/taxa/c96da60f-c179-43b5-8b6b-438264a91f65,,,,,"The dusky dolphin (Aethalodelphis obscurus) is a small oceanic dolphin found in coastal waters of the Southern Hemisphere. It is most closely related to the Pacific white-sided dolphin. The dolphin's range is patchy, major populations occurring around South America, southwestern Africa, New Zealand, and several oceanic islands, with some sightings around southern Australia. It has a somewhat stocky body with a short beak and a curved dorsal fin and flippers. Like its closest relative, the dusky dolphin has a multi-coloured pigmentation of black, grey, and white.
The species prefers cool currents and inshore waters. It lives in a fission–fusion society where groups change size based on social and environmental conditions. The dolphin feeds on several fish and squid species and has flexible hunting tactics, including daytime bait ball herding and nightime feeding in layers of scattered organisms. Mating is promiscuous, and several males will chase after a single female, the fittest being able to catch her and reproduce. Females raise their young in nursery groups. The dusky dolphin is known for its acrobatics, displaying leaping behaviours which vary in complexity and may or may not create splashes. 
The dusky dolphin is classified as Least Concern by the IUCN Red List as many populations appear to be healthy and stable.  It has been caught in gill nets and killed to be used as bait. It is a popular tourist attraction and the object of whale watching tours. Both vessels and mussel farms can interfere with the dolphin's activities.",Wikipedia (https://en.wikipedia.org/wiki/Lagenorhynchus_obscurus),https://images.ala.org.au/store/f/7/a/9/f7a98b37-27a6-407f-9886-a9262e03ae7d/thumbnail_large,Atlas of Living Australia (ALA) via https://bie.ala.org.au/species/,,done,
141,pseudorca-crassidens,False Killer Whale,Pseudorca crassidens,mammal,,,high,,,,,FALSE,,FALSE,,TRUE,https://www.dcceew.gov.au/sites/default/files/documents/national-risk-scores-h5-bird-flu-native-birds-mammals.pdf,in_progress,https://biodiversity.org.au/afd/taxa/bb18f579-1c27-4ec5-a069-767f9c7a4a5d,,,,,"The false killer whale (Pseudorca crassidens) is a species of oceanic dolphin that is the only extant representative of the genus Pseudorca. It is found in oceans worldwide but mainly in tropical regions. It was first described in 1846 as a species of porpoise based on a skull, which was revised when the first carcasses were observed in 1861. The name ""false killer whale"" comes from having a skull similar to the orca or killer whale (Orcinus orca).
The false killer whale reaches a maximum length of 6 m (20 ft), though size can vary around the world. It is highly sociable, known to form pods of up to 50 members, and can also form pods with other dolphin species, such as the common bottlenose dolphin (Tursiops truncatus). It can form close bonds with other species, as well as have sexual interactions with them. But the false killer whale has also been known to eat other dolphins, though it typically eats squid and fish. It is a deep-diver; maximum known depth is 927.5 m (3,043 ft); maximum speed is around 30 km/h (19 mph).
Several aquariums around the world keep one or more false killer whales, though its aggression toward other dolphins makes it less desirable. It is threatened by fishing operations, as it can entangle in fishing gear. It is drive hunted in some Japanese villages. The false killer whale has a tendency to mass-strand given its highly social nature; the largest stranding consisted of over 800 beached at Mar del Plata, Argentina, in 1946. Most of what is known of this species comes from examining stranded individuals.",Wikipedia (https://en.wikipedia.org/wiki/Pseudorca_crassidens),https://images.ala.org.au/store/e/e/7/5/ee75ca37-23f3-499a-8e23-94db43352143/thumbnail_large,Atlas of Living Australia (ALA) via https://bie.ala.org.au/species/,,done,
142,physeter-macrocephalus,Sperm Whale,Physeter macrocephalus,mammal,,,high,,,,,FALSE,,FALSE,,TRUE,https://www.dcceew.gov.au/sites/default/files/documents/national-risk-scores-h5-bird-flu-native-birds-mammals.pdf,in_progress,https://biodiversity.org.au/afd/taxa/3b2acd1a-e4f6-4456-b33b-8027263a0e1e,,,,,"The sperm whale or cachalot (Physeter macrocephalus) is the largest of the toothed whales and the largest toothed predator. It is the only living member of the genus Physeter and one of three extant species in the sperm whale superfamily Physeteroidea, along with the pygmy sperm whale and dwarf sperm whale of the genus Kogia.
The sperm whale is a pelagic mammal with a worldwide range, and will migrate seasonally for feeding and breeding. Females and young males live together in groups, while mature males (bulls) live solitary lives outside of the mating season. The females cooperate to protect and nurse their young. Females give birth every four to twenty years and care for the calves for more than a decade. A mature, healthy sperm whale has no natural predators, although calves and weakened adults are sometimes killed by pods of orcas.
Mature males average 16 metres (52 ft) in length, with the head representing up to one-third of the animal's length. Plunging to 2,250 metres (7,380 ft), it is the third deepest diving mammal, exceeded only by the southern elephant seal and Cuvier's beaked whale. The sperm whale uses echolocation and vocalization with source level as loud as 236 decibels (re 1 μPa m) underwater, the loudest of any animal. It has the largest brain on Earth, more than five times heavier than a human's. Sperm whales can live 70 years or more.
Sperm whales' heads are filled with a waxy substance called ""spermaceti"" (sperm oil), from which the whale derives its name. Spermaceti was a prime target of the whaling industry and was sought after for use in oil lamps, lubricants, and candles. Ambergris, a solid waxy waste product sometimes present in its digestive system, is still highly valued as a fixative in perfumes, among other uses. Beachcombers look out for ambergris as flotsam. Sperm whaling was a major industry in the 19th century, depicted in the novel Moby-Dick. The species is protected by the International Whaling Commission moratorium, and is listed as vulnerable by the International Union for Conservation of Nature.",Wikipedia (https://en.wikipedia.org/wiki/Physeter_macrocephalus),https://images.ala.org.au/store/f/e/b/8/feb8c3db-dabf-40a9-8b70-4bdd19627522/thumbnail_large,Atlas of Living Australia (ALA) via https://bie.ala.org.au/species/,,done,
143,sterna-striata,White-fronted Tern,Sterna striata,bird,,,high,,,,,FALSE,,FALSE,,TRUE,https://www.dcceew.gov.au/sites/default/files/documents/national-risk-scores-h5-bird-flu-native-birds-mammals.pdf,in_progress,https://biodiversity.org.au/afd/taxa/f43f23ce-becd-4975-a1e2-ce06921734b2,,,,,"The white-fronted tern (Sterna striata), also known as tara, sea swallow, black-billed tern, kahawai bird, southern tern, or swallow tail, was first described by Johann Friedrich Gmelin in 1789. A medium-sized tern with an all-white body including underwing and forked tail, with pale grey hues on the mantle and upper side of the wing. In breeding adults a striking black cap covers the head from forehead to nape, leaving a small white strip above the black bill. 
This is the most abundant tern in New Zealand. It can be observed feeding on shoaling fish along the entire coastline and many of the smaller outlying islands. Breeding occurs from October to January on rocky cliffs, offshore islands and along the coast where pairs will nest on shingle, sand, shell or rock. Flocks may contain hundreds of breeding pairs that will nest in close proximity to one another. Large numbers of juveniles and some adults migrate to the south-east coast of Australia and parts of Tasmania in the autumn, with small numbers establishing breeding colonies on Flinders and Cape Barren Islands in the Bass Strait. 
Due to mammalian predators introduced to New Zealand, such as ferrets and stoats, the white-fronted tern has recently been given the New Zealand national conservation status of at risk/in decline.",Wikipedia (https://en.wikipedia.org/wiki/Sterna_striata),,,,done,
144,sterna-sumatrana,Black-naped Tern,Sterna sumatrana,bird,,,very_high,,,,,FALSE,,FALSE,,TRUE,https://www.dcceew.gov.au/sites/default/files/documents/national-risk-scores-h5-bird-flu-native-birds-mammals.pdf,in_progress,https://biodiversity.org.au/afd/taxa/9b47c4ce-7cfe-4117-9ef6-db0b38928f42,,,,,The black-naped tern (Sterna sumatrana) is an oceanic tern mostly found in tropical and subtropical areas of the Indian Ocean and western Pacific Ocean. They are rarely found inland. It was described from the islands around Sumatra. It is most closely related to roseate tern S. dougallii and white-fronted tern S. striata.,Wikipedia (https://en.wikipedia.org/wiki/Sterna_sumatrana),,,,done,
145,larus-dominicanus,Kelp Gull,Larus dominicanus,bird,,,very_high,,,,,FALSE,,FALSE,,TRUE,https://www.dcceew.gov.au/sites/default/files/documents/national-risk-scores-h5-bird-flu-native-birds-mammals.pdf,in_progress,https://biodiversity.org.au/afd/taxa/3af244a5-2205-48b9-b4b1-2b51721a20b2,,,,,"The  kelp gull (Larus dominicanus), also known as the Dominican gull, is a gull that breeds on coasts and islands through much of the Southern Hemisphere. The nominate L. d. dominicanus is the subspecies found around South America, parts of Australia (where it overlaps with the Pacific gull), and New Zealand (where it is known as the black-backed gull, the southern black-backed gull, mollyhawk – particularly the juveniles, or by its Māori name karoro). L. d. vetula (known as the Cape gull) is a subspecies occurring around Southern Africa.
The specific name comes from the Dominican Order of friars, who wear black and white habits.",Wikipedia (https://en.wikipedia.org/wiki/Larus_dominicanus),https://images.ala.org.au/store/e/1/4/9/e14945c6-7431-4fca-99ce-764e4dc0eba4/thumbnail_large,Atlas of Living Australia (ALA) via https://bie.ala.org.au/species/,,done,
146,larus-novaehollandiae,Silver Gull,Larus novaehollandiae,bird,,,very_high,,,,,FALSE,,FALSE,,TRUE,https://www.dcceew.gov.au/sites/default/files/documents/national-risk-scores-h5-bird-flu-native-birds-mammals.pdf,in_progress,ALA_DR31896_2147,,,,,"The silver gull (Chroicocephalus novaehollandiae) is a gull in Oceania. It is the most common gull of Australia. It has been found throughout the continent, but particularly at or near coastal areas. It is smaller than the Pacific gull (Larus pacificus), which also lives in Australia.
The silver gull should not be confused with the herring gull, which is called ""silver gull"" in many other languages (scientific name Larus argentatus, German Silbermöwe, French Goéland argenté, Dutch zilvermeeuw), but is a much larger, robust gull with no overlap in range.",Wikipedia (https://en.wikipedia.org/wiki/Larus_novaehollandiae),,,,done,
147,larus-pacificus,Pacific Gull,Larus pacificus,bird,,,very_high,,,,,FALSE,,FALSE,,TRUE,https://www.dcceew.gov.au/sites/default/files/documents/national-risk-scores-h5-bird-flu-native-birds-mammals.pdf,in_progress,https://biodiversity.org.au/afd/taxa/06d1981c-58a7-4370-9e9a-158dfb89d600,,,,,"The Pacific gull (Larus pacificus) is a gull, native to the coasts of Australia. It is moderately common in a band along the coast between Carnarvon, Western Australia, in the west, and Sydney in the east, as well as Tasmania and other islands off the continent's southern coast. It has, however, become scarce in some parts of the south-east, as a result of competition from the kelp gull.
Much larger than the ubiquitous silver gull, and much less common, Pacific gulls are usually seen alone or in pairs, loafing around the shoreline, steadily patrolling high above the edge of the water, or sometimes flying high on the breeze to drop a shellfish or sea urchin onto rocks.",Wikipedia (https://en.wikipedia.org/wiki/Larus_pacificus),https://images.ala.org.au/store/0/7/d/b/07db0ee2-0b3e-4caf-a0f7-a3d08c5a65bb/thumbnail_large,Atlas of Living Australia (ALA) via https://bie.ala.org.au/species/,,done,
148,sterna-bengalensis,Lesser Crested Tern,Sterna bengalensis,bird,,,very_high,,,,,FALSE,,FALSE,,TRUE,https://www.dcceew.gov.au/sites/default/files/documents/national-risk-scores-h5-bird-flu-native-birds-mammals.pdf,in_progress,https://biodiversity.org.au/afd/taxa/01eed03c-c78a-4909-974d-22dd53a8fc0a,,,,,The lesser crested tern (Thalasseus bengalensis) is a tern in the family Laridae.,Wikipedia (https://en.wikipedia.org/wiki/Sterna_bengalensis),,,,done,
149,pluvialis-squatarola,Grey Plover,Pluvialis squatarola,bird,,,high,,,,,FALSE,,FALSE,,TRUE,https://www.dcceew.gov.au/sites/default/files/documents/national-risk-scores-h5-bird-flu-native-birds-mammals.pdf,in_progress,https://biodiversity.org.au/afd/taxa/fd928615-5613-47eb-9cd4-7eb8e30a4993,,,,,"The grey plover or black-bellied plover (Pluvialis squatarola) is a large plover breeding in Arctic regions. It is a long-distance migrant, with a nearly worldwide coastal distribution when not breeding.",Wikipedia (https://en.wikipedia.org/wiki/Pluvialis_squatarola),https://images.ala.org.au/store/2/e/1/9/2e192bf4-7d82-4eba-ae03-1c20e143cd83/thumbnail_large,Atlas of Living Australia (ALA) via https://bie.ala.org.au/species/,,done,
150,recurvirostra-novaehollandiae,Red-necked Avocet,Recurvirostra novaehollandiae,bird,,,very_high,,,,,FALSE,,FALSE,,TRUE,https://www.dcceew.gov.au/sites/default/files/documents/national-risk-scores-h5-bird-flu-native-birds-mammals.pdf,in_progress,https://biodiversity.org.au/afd/taxa/c69e7308-527a-429d-a80d-143bd20b5100,,,,,"The red-necked avocet (Recurvirostra novaehollandiae) also known as the Australian avocet, cobbler, cobbler's awl, and painted lady, is a wader of the family Recurvirostridae that is endemic to Australia and is fairly common and widespread throughout, except for the north and north east coastal areas of the country. Closely related to the stilts, it shares their fragile slender elegance, however the deep red head and neck distinguish them. It appeared on a 13 cent postage stamp in 1966.",Wikipedia (https://en.wikipedia.org/wiki/Recurvirostra_novaehollandiae),https://images.ala.org.au/store/2/b/b/4/2bb4212c-d9a0-4593-8660-42ff49b62222/thumbnail_large,Atlas of Living Australia (ALA) via https://bie.ala.org.au/species/,,done,
151,charadrius-leschenaultii,Greater Sand Plover,Charadrius leschenaultii,bird,,,high,,,,,FALSE,,FALSE,,TRUE,https://www.dcceew.gov.au/sites/default/files/documents/national-risk-scores-h5-bird-flu-native-birds-mammals.pdf,in_progress,https://biodiversity.org.au/afd/taxa/31759c48-cb54-466e-a085-4622451f5bd8,,,,,"The greater sand plover (Anarhynchus leschenaultii) is a small wader in the plover family of birds. The spelling is often given as ""greater sandplover"" or ""greater sand-plover"", but the official IOC and British Ornithologists' Union spelling is ""Greater Sand Plover"". The specific leschenaultii commemorates the French botanist Jean Baptiste Leschenault de la Tour. Like most other species in the genus Anarhynchus, it was until recently included in the genus Charadrius.",Wikipedia (https://en.wikipedia.org/wiki/Charadrius_leschenaultii),,,,done,
152,charadrius-ruficapillus,Red-capped Plover,Charadrius ruficapillus,bird,,,very_high,,,,,FALSE,,FALSE,,TRUE,https://www.dcceew.gov.au/sites/default/files/documents/national-risk-scores-h5-bird-flu-native-birds-mammals.pdf,in_progress,https://biodiversity.org.au/afd/taxa/67400b27-54fb-4b8d-86f2-475df1520094,,,,,"The red-capped plover (Anarhynchus ruficapillus), also known as the red-capped dotterel, is a small species of plover.
It breeds in Australia. This species is closely related to (and sometimes considered conspecific with) the Kentish plover, Javan plover, and white-fronted plover.",Wikipedia (https://en.wikipedia.org/wiki/Charadrius_ruficapillus),,,,done,
153,falco-hypoleucos,Grey Falcon,Falco hypoleucos,bird,,,high,,,,,FALSE,,FALSE,,TRUE,https://www.dcceew.gov.au/sites/default/files/documents/national-risk-scores-h5-bird-flu-native-birds-mammals.pdf,in_progress,https://biodiversity.org.au/afd/taxa/3c72ec56-b1cd-4427-9422-4d2cd48df774,,,,,"The grey falcon (Falco hypoleucos) is a medium-sized falcon native to Australia, possibly the rarest. It is uncommon throughout its range and is currently classified as Vulnerable.",Wikipedia (https://en.wikipedia.org/wiki/Falco_hypoleucos),,,,done,
154,leipoa-ocellata,Malleefowl,Leipoa ocellata,bird,,,high,,,,,FALSE,,FALSE,,TRUE,https://www.dcceew.gov.au/sites/default/files/documents/national-risk-scores-h5-bird-flu-native-birds-mammals.pdf,in_progress,https://biodiversity.org.au/afd/taxa/c44c9098-c4fc-4f64-884c-e367389b194f,,,,,"The malleefowl (Leipoa ocellata) is a stocky ground-dwelling Australian bird about the size of a domestic chicken (to which it is distantly related). It is notable for the large nesting mounds constructed by the males and lack of parental care after the chicks hatch. It is the only living representative of the genus Leipoa, though the extinct giant malleefowl was a close relative.",Wikipedia (https://en.wikipedia.org/wiki/Leipoa_ocellata),https://images.ala.org.au/store/e/9/f/2/e9f21b8e-c360-42cb-ba6d-39797b520b59/thumbnail_large,Atlas of Living Australia (ALA) via https://bie.ala.org.au/species/,,done,
155,fregata-ariel,Lesser Frigatebird,Fregata ariel,bird,,,high,,,,,FALSE,,FALSE,,TRUE,https://www.dcceew.gov.au/sites/default/files/documents/national-risk-scores-h5-bird-flu-native-birds-mammals.pdf,in_progress,https://biodiversity.org.au/afd/taxa/5d4fdfee-25a2-4697-8237-5a755f0d19cc,,,,,"The lesser frigatebird (Fregata ariel) is a seabird of the frigatebird family Fregatidae. Around 75 cm (30 in) in length, it is the smallest species of frigatebird. It occurs over tropical and subtropical waters across the Indian and Pacific Oceans, as well as off the Atlantic coast of Brazil.
The lesser frigatebird is a lightly built seabird with brownish-black plumage, long, narrow wings, and a deeply forked tail. The male has a striking red gular sac, which he inflates to attract a mate. The female is slightly larger than the male and has a white breast and belly. Frigatebirds feed on fish taken in flight from the ocean's surface (often flying fish), and sometimes indulge in kleptoparasitism, harassing other birds to force them to regurgitate their food.",Wikipedia (https://en.wikipedia.org/wiki/Fregata_ariel),https://images.ala.org.au/store/7/0/c/1/70c1e7f6-16e9-4fd6-95fe-9c380cd93e86/thumbnail_large,Atlas of Living Australia (ALA) via https://bie.ala.org.au/species/,,done,
156,pelagodroma-marina,White-faced Storm-Petrel,Pelagodroma marina,bird,,,high,,,,,FALSE,,FALSE,,TRUE,https://www.dcceew.gov.au/sites/default/files/documents/national-risk-scores-h5-bird-flu-native-birds-mammals.pdf,in_progress,https://biodiversity.org.au/afd/taxa/040a46e2-135a-4993-8d50-73d3023add2b,,,,,"The white-faced storm petrel (Pelagodroma marina), (Māori: takahikare) also known as white-faced petrel or frigate petrel, is a small seabird of the austral storm petrel family Oceanitidae. It is the only member of the monotypic genus Pelagodroma. It is widely distributed across the northern and southern hemisphere, especially around the coastal and open ocean waters of southern Australia, New Zealand, Tristan da Cunha, Cabo Verde, the Canary islands and the Selvagens islands.",Wikipedia (https://en.wikipedia.org/wiki/Pelagodroma_marina),https://images.ala.org.au/store/e/d/5/3/ed53e733-2687-4045-944e-de39bbd89fe9/thumbnail_large,Atlas of Living Australia (ALA) via https://bie.ala.org.au/species/,,done,
157,sula-sula,Red-footed Booby,Sula sula,bird,,,very_high,,,,,FALSE,,FALSE,,TRUE,https://www.dcceew.gov.au/sites/default/files/documents/national-risk-scores-h5-bird-flu-native-birds-mammals.pdf,in_progress,https://biodiversity.org.au/afd/taxa/3b0d9a98-3512-4a4b-bc1f-51f0331aa337,,,,,"The red-footed booby (Sula sula) is a large seabird of the booby family, Sulidae. Adults always have red feet, but the colour of the plumage varies. They are powerful and agile fliers, harnessing the wind to fly efficiently, but they are clumsy in takeoffs and landings. They forage by catching flying fish from above the ocean's surface and by performing shallow dives. They are found widely in the tropics, and breed colonially in coastal regions, especially isolated islands such as St. Brandon, Mauritius (Cargados Carajos shoals), and the Chagos Archipelago. Although its population is declining, it is considered to be a least-concern species by the International Union for Conservation of Nature (IUCN). It faces threats  from climate change, competition with fisheries, human disturbance, and invasive species.",Wikipedia (https://en.wikipedia.org/wiki/Sula_sula),https://images.ala.org.au/store/8/f/5/2/8f52406e-cc33-43ba-a9c1-b2bcda93dd2a/thumbnail_large,Atlas of Living Australia (ALA) via https://bie.ala.org.au/species/,,done,
158,puffinus-pacificus,Wedge-tailed Shearwater,Puffinus pacificus,bird,,,high,,,,,FALSE,,FALSE,,TRUE,https://www.dcceew.gov.au/sites/default/files/documents/national-risk-scores-h5-bird-flu-native-birds-mammals.pdf,in_progress,https://biodiversity.org.au/afd/taxa/6fd53347-2a74-41a9-bffd-d6fc1335a3c0,,,,,"The wedge-tailed shearwater (Ardenna pacifica) (Uau Kani or Koto in Hawaiian) is a medium-large shearwater in the seabird family Procellariidae. It is one of the shearwater species that is sometimes referred to as a muttonbird, like the sooty shearwater of New Zealand and the short-tailed shearwater of Australia. It is found throughout the tropical Pacific and Indian Oceans, roughly between latitudes 35°N and 35°S. It breeds on the islands off Japan, on the Islas Revillagigedo, the Hawaiian Islands, the Seychelles, the Northern Mariana Islands, and off Eastern and Western Australia.
Its Hawaiian name ""Uau Kani"" reflects the sound of their bird call. Native Hawaiians had sometimes named birds after the nature of their melody.",Wikipedia (https://en.wikipedia.org/wiki/Puffinus_pacificus),,,,done,
159,pterodroma-macroptera,Great-winged Petrel,Pterodroma macroptera,bird,,,high,,,,,FALSE,,FALSE,,TRUE,https://www.dcceew.gov.au/sites/default/files/documents/national-risk-scores-h5-bird-flu-native-birds-mammals.pdf,in_progress,https://biodiversity.org.au/afd/taxa/2111db27-30c5-45a3-974f-ebfe2936a6d1,,,,,The great-winged petrel (Pterodroma macroptera) is a petrel living and breeding in the world's Southern Ocean.,Wikipedia (https://en.wikipedia.org/wiki/Pterodroma_macroptera),https://images.ala.org.au/store/3/8/9/1/3891d9a4-2b0b-4ea6-9437-e0d78e5faca5/thumbnail_large,Atlas of Living Australia (ALA) via https://bie.ala.org.au/species/,,done,
160,aptenodytes-patagonicus,King Penguin,Aptenodytes patagonicus,bird,,,high,,,,,FALSE,,FALSE,,TRUE,https://www.dcceew.gov.au/sites/default/files/documents/national-risk-scores-h5-bird-flu-native-birds-mammals.pdf,in_progress,https://biodiversity.org.au/afd/taxa/819e5794-f664-42b6-b51e-c23287fb0cfb,,,,,"The king penguin (Aptenodytes patagonicus) is the second largest species of penguin, smaller than but somewhat similar in appearance to the emperor penguin.
King penguins mainly eat lanternfish, squid, and krill. On foraging trips, king penguins repeatedly dive to over 100 metres (300 ft), and have been recorded at depths greater than 300 metres (1,000 ft). Predators of the king penguin include giant petrels, skuas, the snowy sheathbill, the leopard seal, and the orca.
The king penguin breeds on the subantarctic islands at the northern reaches of Antarctica, South Georgia, southern Argentina, and other temperate islands of the region. It also lives on Macquarie Island in the Southern Ocean and the Falkland Islands.
This bird was exploited commercially in the past for its blubber, oil, meat, and feathers. Today it is fully protected.",Wikipedia (https://en.wikipedia.org/wiki/Aptenodytes_patagonicus),https://images.ala.org.au/store/6/3/1/7/631723f3-8abb-4f3c-ad99-32feebc23b79/thumbnail_large,Atlas of Living Australia (ALA) via https://bie.ala.org.au/species/,,done,
161,pygoscelis-papua,Gentoo Penguin,Pygoscelis papua,bird,,,high,,,,,FALSE,,FALSE,,TRUE,https://www.dcceew.gov.au/sites/default/files/documents/national-risk-scores-h5-bird-flu-native-birds-mammals.pdf,in_progress,https://biodiversity.org.au/afd/taxa/56410d2b-5b99-45ff-bd4f-d856ce188e23,,,,,"The gentoo penguin ( JEN-too) (Pygoscelis papua) is a penguin species (or possibly a species complex) in the genus Pygoscelis, most closely related to the Adélie penguin (P. adeliae) and the Chinstrap penguin (P. antarcticus). The earliest scientific description was made in 1781 by Johann Reinhold Forster with a type locality in the Falkland Islands. The species calls in a variety of ways, but the most frequently heard is a loud, trumpeting call, emitted with the head thrown back.",Wikipedia (https://en.wikipedia.org/wiki/Pygoscelis_papua),https://images.ala.org.au/store/d/b/2/7/db270996-c495-4321-bc01-37e603360827/thumbnail_large,Atlas of Living Australia (ALA) via https://bie.ala.org.au/species/,,done,
162,tyto-novaehollandiae-kimberli,Northern Masked Owl,Tyto novaehollandiae kimberli,bird,,,high,,,,,FALSE,,FALSE,,TRUE,https://www.dcceew.gov.au/sites/default/files/documents/national-risk-scores-h5-bird-flu-native-birds-mammals.pdf,in_progress,https://biodiversity.org.au/afd/taxa/d1a27333-c288-46d5-a034-f42920ddb1b8,,,,,"The northern masked owl (Tyto novaehollandiae kimberli) is a large forest owl in the family Tytonidae. The northern kimberli subspecies was identified as a novel race of the Australian masked owl by the Australian ornithologist  Gregory Macalister Mathews in his 1912 reference list of Australian birds. The northern masked owl occurs in forest and woodland habitats in northern Australia, ranging from the northern Kimberley region  to the northern mainland area of the Northern Territory and the western Gulf of Carpentaria. While the Australian masked owl is recognized as the largest species in the family Tytonidae (barn owls), the northern masked owl is one of the smallest of the Australian masked owl subspecies.",Wikipedia (https://en.wikipedia.org/wiki/Tyto_novaehollandiae_kimberli),,,,done,
163,phocoena-dioptrica,Spectacled Porpoise,Phocoena dioptrica,mammal,,,high,,,,,FALSE,,FALSE,,TRUE,https://www.dcceew.gov.au/sites/default/files/documents/national-risk-scores-h5-bird-flu-native-birds-mammals.pdf,in_progress,ALA_DR30473_5,,,,,"The spectacled porpoise (Phocoena dioptrica) is a small to midsize porpoise indigenous to the Southern Ocean. It is one of the most poorly studied cetaceans, partly due to its remote range in the Southern Ocean. What little is known about this porpoise species has been gathered mainly from stranded individuals, and a few observations of living animals made at sea.
The species was first described in 1912 by Fernando Lahille.",Wikipedia (https://en.wikipedia.org/wiki/Phocoena_dioptrica),,,,done,
164,balaenoptera-bonaerensis,Antarctic Minke Whale,Balaenoptera bonaerensis,mammal,,,high,,,,,FALSE,,FALSE,,TRUE,https://www.dcceew.gov.au/sites/default/files/documents/national-risk-scores-h5-bird-flu-native-birds-mammals.pdf,in_progress,https://biodiversity.org.au/afd/taxa/c179befb-7c52-4009-8f40-b9dd8940f493,,,,,"The Antarctic minke whale or southern minke whale (Balaenoptera bonaerensis) is a species of minke whale within the suborder of baleen whales. It is the second smallest rorqual after the common minke whale and the third smallest baleen whale. Although first scientifically described in the mid-19th century, it was not recognized as a distinct species until the 1990s. Once ignored by the whaling industry due to its small size and low oil yield, the Antarctic minke was able to avoid the fate of other baleen whales and maintained a large population into the 21st century, numbering in the hundreds of thousands. Surviving to become the most abundant baleen whale in the world, it is now one of the mainstays of the industry alongside its cosmopolitan counterpart the common minke. It is primarily restricted to the Southern Hemisphere (although vagrants have been reported in the North Atlantic) and feeds mainly on euphausiids.",Wikipedia (https://en.wikipedia.org/wiki/Balaenoptera_bonaerensis),https://images.ala.org.au/store/8/5/5/5/8555406e-a432-44c9-ab32-fe8b4688fad6/thumbnail_large,Atlas of Living Australia (ALA) via https://bie.ala.org.au/species/,,done,
165,orcaella-heinsohni,Australian Snubfin Dolphin,Orcaella heinsohni,mammal,,,high,,,,,FALSE,,FALSE,,TRUE,https://www.dcceew.gov.au/sites/default/files/documents/national-risk-scores-h5-bird-flu-native-birds-mammals.pdf,in_progress,https://biodiversity.org.au/afd/taxa/70d0cb6f-e664-4b6c-9b8b-2b6c34143ad6,,,,,"The Australian snubfin dolphin (Orcaella heinsohni) is a dolphin found off the northern coasts of Australia. It closely resembles the Irrawaddy dolphin (of the same genus, Orcaella) and was not described as a separate species until 2005.  The closest relative to the genus Orcaella is the killer whale, Orcinus orca. The Australian snubfin has three colors on its skin, while the Irrawaddy dolphin only has two. The skull and the fins also show minor differences between the two species.",Wikipedia (https://en.wikipedia.org/wiki/Orcaella_heinsohni),https://images.ala.org.au/store/1/0/c/2/10c2409b-0085-40e7-8dfc-2e5d54c910ca/thumbnail_large,Atlas of Living Australia (ALA) via https://bie.ala.org.au/species/,,done,
166,puffinus-griseus,Sooty Shearwater,Puffinus griseus,bird,,,high,,,,,FALSE,,FALSE,,TRUE,https://www.dcceew.gov.au/sites/default/files/documents/national-risk-scores-h5-bird-flu-native-birds-mammals.pdf,not_started,,,,,,,,,,,done,
167,sterna-bergii,Greater Crested Tern,Sterna bergii,bird,,,very_high,,,,,FALSE,,FALSE,,TRUE,https://www.dcceew.gov.au/sites/default/files/documents/national-risk-scores-h5-bird-flu-native-birds-mammals.pdf,in_progress,https://biodiversity.org.au/afd/taxa/ddc178b3-465b-42a4-a0ed-32711cb52f7e,,,,,"The greater crested tern (Thalasseus bergii), also called crested tern, swift tern, or great crested tern, is a tern in the family Laridae that nests in dense colonies on coastlines and islands in the tropical and subtropical Old World. Its four or five subspecies breed in the area from South Africa around the Indian Ocean to the central Pacific and Australia, all populations dispersing widely from the breeding range after nesting. This large tern is closely related to other species in its genus, but can be distinguished by its darker, battleship-grey upperparts, white forehead even in full breeding plumage, and greenish-tinged yellow (not orange or black) bill colour.
The greater crested tern has dark grey upperparts, white underparts, a yellow bill, and a shaggy black crest that recedes in winter. Its young have a distinctive appearance, with strongly patterned grey, brown and white plumage, and rely on their parents for food for several months after they have fledged. Like all members of the genus Thalasseus, the greater crested tern feeds by plunge diving for fish, usually in marine environments; the male offers fish to the female as part of the courtship ritual.
This is an adaptable species that has learned to follow fishing boats for jettisoned  bycatch, and to use unusual nest sites such as the roofs of buildings and artificial islands in salt pans and sewage works. Its eggs and young are taken by gulls and ibises, and human activities such as fishing, shooting and egg harvesting have caused local population declines. There are no global conservation concerns for this bird, which has a stable total population of more than 500,000 individuals.",Wikipedia (https://en.wikipedia.org/wiki/Sterna_bergii),,,,done,
168,sousa-sahulensis,Australian Hump-backed Dolphin,Sousa sahulensis,mammal,,,high,,,,,FALSE,,FALSE,,TRUE,https://www.dcceew.gov.au/sites/default/files/documents/national-risk-scores-h5-bird-flu-native-birds-mammals.pdf,in_progress,https://biodiversity.org.au/afd/taxa/4deec9e6-772f-41c6-8910-1a17eef68598,,,,,"The Australian humpback dolphin (Sousa sahulensis) is a species of humpback dolphin and the fourth recognized humpback dolphin species chronologically. The specific name sahulensis is derived from the Sahul Shelf, located between northern Australia and southern New Guinea, where the Australian humpback dolphins occur.
The species was scientifically described on 31 July 2014 in the journal Marine Mammal Science. This vulnerable species' population was estimated to be fewer than 10,000 mature individuals in 2015, with numbers declining because of habitat destruction.",Wikipedia (https://en.wikipedia.org/wiki/Sousa_sahulensis),https://images.ala.org.au/store/2/6/f/e/26fea9c8-347c-42fe-a8a0-09f366086cd5/thumbnail_large,Atlas of Living Australia (ALA) via https://bie.ala.org.au/species/,,done,
169,anous-albivitta,Grey noddy,Anous albivitta,bird,,,high,,,,,FALSE,,FALSE,,TRUE,https://www.dcceew.gov.au/sites/default/files/documents/national-risk-scores-h5-bird-flu-native-birds-mammals.pdf,in_progress,https://biodiversity.org.au/afd/taxa/22443b20-18c1-49a6-afe5-3bdddd2b7a71,,,,,The grey noddy or grey ternlet (Anous albivitta) is a seabird belonging to the family Laridae. It was once regarded as a pale morph of the blue noddy (Anous ceruleus) but is now usually considered to be a separate species.,Wikipedia (https://en.wikipedia.org/wiki/Anous_albivitta),https://images.ala.org.au/store/1/c/0/7/1c07fdaa-558d-4e58-b9cf-5fefb4ff700f/thumbnail_large,Atlas of Living Australia (ALA) via https://bie.ala.org.au/species/,,done,
170,tyto-novaehollandiae-castanops-tasmanian-population,Tasmanian Masked Owl,Tyto novaehollandiae castanops (Tasmanian population),bird,,,high,,,,,FALSE,,FALSE,,TRUE,https://www.dcceew.gov.au/sites/default/files/documents/national-risk-scores-h5-bird-flu-native-birds-mammals.pdf,in_progress,ALA_DR30474_1454,,,,,No summary available on Wikipedia for this species.,Wikipedia (https://en.wikipedia.org/wiki/Tyto_novaehollandiae_castanops_%28Tasmanian_population%29),,,,done,
171,balaenoptera-omura,Omura's Whale,Balaenoptera omura,mammal,,,high,,,,,FALSE,,FALSE,,TRUE,https://www.dcceew.gov.au/sites/default/files/documents/national-risk-scores-h5-bird-flu-native-birds-mammals.pdf,not_started,,,,,,,,,,,done,
172,ephippiorhynchus-asiaticus,Black-necked Stork,Ephippiorhynchus asiaticus,bird,,,very_high,,,,,FALSE,,FALSE,,TRUE,https://www.dcceew.gov.au/sites/default/files/documents/national-risk-scores-h5-bird-flu-native-birds-mammals.pdf,in_progress,https://biodiversity.org.au/afd/taxa/0ad01ce6-346b-4c2b-8c81-0881cb1e42b1,,,,,"The black-necked stork (Ephippiorhynchus asiaticus) is a tall, long-necked wading bird in the stork family. It is a resident species across the Indian subcontinent and Southeast Asia with a disjunct population in Australia. It lives in wetland habitats and near fields of certain crops such as rice and wheat where it forages for a wide range of animal prey. Adult birds of both sexes have a heavy bill and are patterned in white and irridescent blacks, but the sexes differ in the colour of the iris with females sporting yellow irises and males having dark-coloured irises. In Australia, it is known as a jabiru, although that name also refers to a stork species found in the Americas. It is one of the few storks that are strongly territorial when feeding and breeding.",Wikipedia (https://en.wikipedia.org/wiki/Ephippiorhynchus_asiaticus),https://images.ala.org.au/store/a/0/6/1/a061975b-fa42-451a-bf8d-c81e22383924/thumbnail_large,Atlas of Living Australia (ALA) via https://bie.ala.org.au/species/,,done,
173,balaenoptera-acutorostrata,Dwarf Minke Whale,Balaenoptera acutorostrata,mammal,,,high,,,,,FALSE,,FALSE,,TRUE,https://www.dcceew.gov.au/sites/default/files/documents/national-risk-scores-h5-bird-flu-native-birds-mammals.pdf,in_progress,https://biodiversity.org.au/afd/taxa/b9efa510-2299-418d-a15e-4b59de8cef85,,,,,"The common minke whale or northern minke whale (Balaenoptera acutorostrata) is a species of minke whale within the suborder of baleen whales.
It is the smallest species of the rorquals and the second smallest species of baleen whale. Although first ignored by whalers due to its small size and low oil yield, it began to be exploited by various countries beginning in the early 20th century. As other species declined, larger numbers of common minke whales were caught, largely for their meat. It is now one of the primary targets of the whaling industry. There is a dwarf form in the Southern Hemisphere.
This species is known in the fossil record from the Pliocene epoch to the Quaternary period (age range: 4.7 million years ago to present day).",Wikipedia (https://en.wikipedia.org/wiki/Balaenoptera_acutorostrata),https://images.ala.org.au/store/b/8/9/4/b8941382-5279-40b0-934e-7d1cad7ffade/thumbnail_large,Atlas of Living Australia (ALA) via https://bie.ala.org.au/species/,,done,
174,berardius-arnuxii,Arnoux's Beaked Whale,Berardius arnuxii,mammal,,,high,,,,,FALSE,,FALSE,,TRUE,https://www.dcceew.gov.au/sites/default/files/documents/national-risk-scores-h5-bird-flu-native-birds-mammals.pdf,in_progress,https://biodiversity.org.au/afd/taxa/5817b6ea-b746-48dd-b604-ce262d6b5d62,,,,,"Arnoux's beaked whale (Berardius arnuxii), also called the southern four-toothed whale, southern beaked whale, New Zealand beaked whale, southern giant bottlenose whale and southern porpoise whale is one of the species of Berardius. Arnoux's and Baird's beaked whales are so similar that researchers debated whether or not they are simply two populations of the same species, until genetic evidence and their wide geographical separation led them to be classified as separate. Little is known about their behavior due to infrequent encounters with live individuals.",Wikipedia (https://en.wikipedia.org/wiki/Berardius_arnuxii),,,,done,
175,turnix-castanotus,Chestnut-backed Button-quail,Turnix castanotus,bird,,,high,,,,,FALSE,,FALSE,,TRUE,https://www.dcceew.gov.au/sites/default/files/documents/national-risk-scores-h5-bird-flu-native-birds-mammals.pdf,not_started,,,,,,,,,,,done,
176,turnix-velox,Little Button-quail,Turnix velox,bird,,,high,,,,,FALSE,,FALSE,,TRUE,https://www.dcceew.gov.au/sites/default/files/documents/national-risk-scores-h5-bird-flu-native-birds-mammals.pdf,in_progress,https://biodiversity.org.au/afd/taxa/9ccb2cdd-96d2-43b1-8623-10a5948bd99d,,,,,"The little buttonquail (Turnix velox) is a species of buttonquail, part of a small family of  birds which resemble, but are unrelated to, the true quails. This species is resident in Australia, where it is one of the more common buttonquails.
The species is found in grassland habitats.
The female is an unmarked pale colour below, and straw-brown above with white streaking; the male is similar but less neatly marked. The species has a large pale bill, and pale eye.",Wikipedia (https://en.wikipedia.org/wiki/Turnix_velox),,,,done,
177,turnix-varius,Painted Button-quail,Turnix varius,bird,,,high,,,,,FALSE,,FALSE,,TRUE,https://www.dcceew.gov.au/sites/default/files/documents/national-risk-scores-h5-bird-flu-native-birds-mammals.pdf,not_started,,,,,,,,,,,done,
178,turnix-varius-varius,Australian Painted Button-quail,Turnix varius varius,bird,,,high,,,,,FALSE,,FALSE,,TRUE,https://www.dcceew.gov.au/sites/default/files/documents/national-risk-scores-h5-bird-flu-native-birds-mammals.pdf,not_started,,,,,,,,,,,done,
179,turnix-maculosus,Red-backed Button-quail,Turnix maculosus,bird,,,high,,,,,FALSE,,FALSE,,TRUE,https://www.dcceew.gov.au/sites/default/files/documents/national-risk-scores-h5-bird-flu-native-birds-mammals.pdf,not_started,,,,,,,,,,,done,
180,turnix-maculosus-melanotus,Red-backed Button-quail,Turnix maculosus melanotus,bird,,,high,,,,,FALSE,,FALSE,,TRUE,https://www.dcceew.gov.au/sites/default/files/documents/national-risk-scores-h5-bird-flu-native-birds-mammals.pdf,not_started,,,,,,,,,,,done,
181,turnix-pyrrhothorax,Red-chested Button-quail,Turnix pyrrhothorax,bird,,,high,,,,,FALSE,,FALSE,,TRUE,https://www.dcceew.gov.au/sites/default/files/documents/national-risk-scores-h5-bird-flu-native-birds-mammals.pdf,in_progress,https://biodiversity.org.au/afd/taxa/83222654-3360-4649-af4a-6f8304ce0744,,,,,"The red-chested buttonquail (Turnix pyrrhothorax) is a species of bird in the family Turnicidae.
It is endemic to Australia. The species is generally regarded as widespread, although uncommon, in New South Wales, Queensland, northern Western Australia and the Northern Territory, and classified as Vulnerable in Victoria.
The red-chested buttonquail is a small reddish-brown, ground-running bird, which avoids flying. The female is brighter and slightly larger in size and weight. The female is polyandrous, initiating courtship among several males and expelling rival females from her territory.",Wikipedia (https://en.wikipedia.org/wiki/Turnix_pyrrhothorax),https://images.ala.org.au/store/9/c/b/f/9cbff27b-87a1-4146-a487-bf96d4ab5cce/thumbnail_large,Atlas of Living Australia (ALA) via https://bie.ala.org.au/species/,,done,
182,cisticola-exilis,Golden-headed Cisticola,Cisticola exilis,bird,,,high,,,,,FALSE,,FALSE,,TRUE,https://www.dcceew.gov.au/sites/default/files/documents/national-risk-scores-h5-bird-flu-native-birds-mammals.pdf,in_progress,https://biodiversity.org.au/afd/taxa/53475503-df32-4121-9bb5-b5a013ee8985,,,,,"The golden-headed cisticola (Cisticola exilis), also known as the bright-capped cisticola, is a species of warbler in the family Cisticolidae, found in Australia and thirteen Asian countries. Growing to 9–11.5 cm (3.5–4.5 in) long, it is usually brown and cream in colour, but has a different appearance during the mating season, with a gold-coloured body and a much shorter tail. It is an omnivore and frequently makes a variety of vocalizations. Known as the ""finest tailor of all birds"", it constructs nests out of plants and spider threads. It mates in the rainy season. It has a very large range and population, which is thought to be increasing.",Wikipedia (https://en.wikipedia.org/wiki/Cisticola_exilis),https://images.ala.org.au/store/f/0/e/a/f0ea439f-b008-4394-bf21-dbe5fe7a6692/thumbnail_large,Atlas of Living Australia (ALA) via https://bie.ala.org.au/species/,,done,
183,cisticola-exilis-alexandrae,Northern Golden-headed Cisticola,Cisticola exilis alexandrae,bird,,,high,,,,,FALSE,,FALSE,,TRUE,https://www.dcceew.gov.au/sites/default/files/documents/national-risk-scores-h5-bird-flu-native-birds-mammals.pdf,in_progress,https://biodiversity.org.au/afd/taxa/b3d22567-11d3-4b77-9144-788198462d73,,,,,No summary available on Wikipedia for this species.,Wikipedia (https://en.wikipedia.org/wiki/Cisticola_exilis_alexandrae),,,,done,
184,cisticola-exilis-diminuta,North-eastern Golden-headed Cisticola,Cisticola exilis diminuta,bird,,,high,,,,,FALSE,,FALSE,,TRUE,https://www.dcceew.gov.au/sites/default/files/documents/national-risk-scores-h5-bird-flu-native-birds-mammals.pdf,in_progress,https://biodiversity.org.au/afd/taxa/7f1a59e2-0770-4a55-9f36-b09813e788cb,,,,,No summary available on Wikipedia for this species.,Wikipedia (https://en.wikipedia.org/wiki/Cisticola_exilis_diminuta),,,,done,
185,cisticola-exilis-exilis,South-eastern Golden-headed Cisticola,Cisticola exilis exilis,bird,,,high,,,,,FALSE,,FALSE,,TRUE,https://www.dcceew.gov.au/sites/default/files/documents/national-risk-scores-h5-bird-flu-native-birds-mammals.pdf,in_progress,https://biodiversity.org.au/afd/taxa/a0dd68c7-2cd3-4b48-9594-cb6d57880abf,,,,,No summary available on Wikipedia for this species.,Wikipedia (https://en.wikipedia.org/wiki/Cisticola_exilis_exilis),,,,done,
186,cisticola-exilis-lineocapilla,North-western Golden-headed Cisticola,Cisticola exilis lineocapilla,bird,,,high,,,,,FALSE,,FALSE,,TRUE,https://www.dcceew.gov.au/sites/default/files/documents/national-risk-scores-h5-bird-flu-native-birds-mammals.pdf,in_progress,https://biodiversity.org.au/afd/taxa/189d2c65-336f-45a3-a291-7a454b0da9d4,,,,,No summary available on Wikipedia for this species.,Wikipedia (https://en.wikipedia.org/wiki/Cisticola_exilis_lineocapilla),,,,done,
187,cisticola-juncidis,Zitting Cisticola,Cisticola juncidis,bird,,,high,,,,,FALSE,,FALSE,,TRUE,https://www.dcceew.gov.au/sites/default/files/documents/national-risk-scores-h5-bird-flu-native-birds-mammals.pdf,in_progress,https://biodiversity.org.au/afd/taxa/fd0197bb-6428-45b7-9859-6b67aabd8006,,,,,"The zitting cisticola, formerly also fan-tailed warbler or streaked fantail warbler (Cisticola juncidis), is a widely distributed Old World warbler in the family Cisticolidae, whose breeding range includes western and southern Europe, Africa outside the deserts and rainforest, and southern Asia down to northern Australia. A small bird found mainly in grasslands, it is best identified by its rufous rump; in addition it lacks any gold on the collar and the brownish tail is tipped with white. During the breeding season males have a zigzagging flight display accompanied by regular ""zit"" calls that give it its English name. They build their pouch nest suspended within a clump of grass.",Wikipedia (https://en.wikipedia.org/wiki/Cisticola_juncidis),https://images.ala.org.au/store/3/8/1/e/381e7f12-268a-4762-9c9f-186501c4f1d7/thumbnail_large,Atlas of Living Australia (ALA) via https://bie.ala.org.au/species/,,done,
188,cisticola-juncidis-laveryi,Eastern Zitting Cisticola,Cisticola juncidis laveryi,bird,,,high,,,,,FALSE,,FALSE,,TRUE,https://www.dcceew.gov.au/sites/default/files/documents/national-risk-scores-h5-bird-flu-native-birds-mammals.pdf,in_progress,https://biodiversity.org.au/afd/taxa/fd274aaf-981c-41ca-95b3-75a7d7391c4f,,,,,No summary available on Wikipedia for this species.,Wikipedia (https://en.wikipedia.org/wiki/Cisticola_juncidis_laveryi),,,,done,
189,cisticola-juncidis-leanyeri,Top End Zitting Cisticola,Cisticola juncidis leanyeri,bird,,,high,,,,,FALSE,,FALSE,,TRUE,https://www.dcceew.gov.au/sites/default/files/documents/national-risk-scores-h5-bird-flu-native-birds-mammals.pdf,in_progress,https://biodiversity.org.au/afd/taxa/241296cc-3ba1-4b97-848c-8692812a711f,,,,,No summary available on Wikipedia for this species.,Wikipedia (https://en.wikipedia.org/wiki/Cisticola_juncidis_leanyeri),,,,done,
190,fulica-atra-australis,Australian Eurasian Coot,Fulica atra australis,bird,,,high,,,,,FALSE,,FALSE,,TRUE,https://www.dcceew.gov.au/sites/default/files/documents/national-risk-scores-h5-bird-flu-native-birds-mammals.pdf,in_progress,https://biodiversity.org.au/afd/taxa/834a994a-839f-40e6-a4f1-f3940e95e047,,,,,"The Eurasian coot (Fulica atra), also known as the common coot or Australian coot, is a member of the rail and crake bird family, the Rallidae. It is found in Europe, Asia, Australia, New Zealand and parts of North Africa. It has a slaty-black body, a glossy black head and a white bill with a white frontal shield. The sexes are similar in appearance.",Wikipedia (https://en.wikipedia.org/wiki/Fulica_atra_australis),,,,done,
191,porphyrio-porphyrio,Purple Swamphen,Porphyrio porphyrio,bird,,,high,,,,,FALSE,,FALSE,,TRUE,https://www.dcceew.gov.au/sites/default/files/documents/national-risk-scores-h5-bird-flu-native-birds-mammals.pdf,in_progress,https://biodiversity.org.au/afd/taxa/f6e66971-4a08-4eab-a14c-496528a33e3e,,,,,"The western swamphen (Porphyrio porphyrio) is a species of swamphen in the rail family Rallidae, one of the six species of purple swamphen. This chicken-sized bird, with its large feet, bright plumage and red bill and frontal shield is easily recognisable in its native range. It used to be considered the nominate subspecies of the purple swamphen, but is now recognised as a separate species. The western swamphen is found in wetlands in Spain (where the largest population lives), Portugal, southeastern France, Italy (Sardinia and Sicily) and northwestern Africa (Morocco, Algeria and Tunisia).",Wikipedia (https://en.wikipedia.org/wiki/Porphyrio_porphyrio),,,,done,
192,corvus-coronoides,Australian Raven,Corvus coronoides,bird,,,high,,,,,FALSE,,FALSE,,TRUE,https://www.dcceew.gov.au/sites/default/files/documents/national-risk-scores-h5-bird-flu-native-birds-mammals.pdf,in_progress,https://biodiversity.org.au/afd/taxa/8117f68b-5460-4626-8400-e171464e08ad,,,,,"The Australian raven (Corvus coronoides) is a passerine corvid bird native to Australia. Measuring 46–53 centimetres (18–21 in) in length, it has an all-black plumage, beak and mouth, as well as strong, greyish-black legs and feet. The upperparts of its body are glossy, with a purple-blue, greenish sheen; its black feathers have grey bases. The Australian raven is distinguished from the Australian crow, and other related corvids, by its long chest feathers, or throat hackles, which are prominent in mature birds. Older individuals and subadults have white irises, while the younger birds' eyes display blue inner rims; hatchlings and young birds have brown, dark irises until about fifteen months of age, at which point their irises become hazel-coloured, with an inner blue rim around each pupil, this lasting until they are roughly 2.5 to 3 years of age. Nicholas Aylward Vigors and Thomas Horsfield described the Australian raven in 1827, its species name coronoides highlighting its similarity with the carrion crow (C. corone). Two subspecies are recognised, which differ slightly in their vocalisations, and are quite divergent, genetically.
The preferred habitat of the Australian raven includes open woodlands and transitional zones, in addition to cities and towns; it has adapted well to human settlements and other urban environments, and is a commonly sighted bird in several major cities, including Sydney, Canberra, Perth, Adelaide and Brisbane. The Australian raven is territorial, with pairs generally bonding for life. Breeding takes place between July and September, with almost no variation across its range. The nest is a bowl-shaped structure of sticks sited high in a tree, or occasionally in a man-made structure such as a windmill or other building. 
An omnivorous and opportunistic feeder, the Australian raven eats a wide variety of plant and animal material, from fruits and seeds to lizards, chicks of other bird species, and small mammals; they will also scour waste bins and disposal sites for human food waste, such as various produce, meats, seafood, eggs, etc. The ravens living in eastern Australia are often associated with sheep farms, and have been blamed for the killing of lambs; however, this is an exceedingly rare occurrence, as the ravens are likely seeking the afterbirth from ewes that may have recently given birth. Additionally, ravens aid in environmental ""cleanup""—much like vultures on other continents—by helping rid the area of potentially dangerous pathogens which could deploy on carrion, stillborn farm animals (or other deceased mammals and birds), even scavenging newborn mammalian faeces.",Wikipedia (https://en.wikipedia.org/wiki/Corvus_coronoides),https://images.ala.org.au/store/9/5/4/b/954b0053-56fc-4d9a-8ff3-701d940e128f/thumbnail_large,Atlas of Living Australia (ALA) via https://bie.ala.org.au/species/,,done,
193,corvus-coronoides-coronoides,Eastern Australian Raven,Corvus coronoides coronoides,bird,,,high,,,,,FALSE,,FALSE,,TRUE,https://www.dcceew.gov.au/sites/default/files/documents/national-risk-scores-h5-bird-flu-native-birds-mammals.pdf,in_progress,https://biodiversity.org.au/afd/taxa/f3469d10-1651-4a1b-b14f-0247ed0f8215,,,,,No summary available on Wikipedia for this species.,Wikipedia (https://en.wikipedia.org/wiki/Corvus_coronoides_coronoides),,,,done,
194,corvus-coronoides-perplexus,Western Australian Raven,Corvus coronoides perplexus,bird,,,high,,,,,FALSE,,FALSE,,TRUE,https://www.dcceew.gov.au/sites/default/files/documents/national-risk-scores-h5-bird-flu-native-birds-mammals.pdf,in_progress,https://biodiversity.org.au/afd/taxa/35b8ae86-78f9-4c49-acad-c28c12199acf,,,,,No summary available on Wikipedia for this species.,Wikipedia (https://en.wikipedia.org/wiki/Corvus_coronoides_perplexus),,,,done,
195,corvus-tasmanicus-boreus,New England Forest Raven,Corvus tasmanicus boreus,bird,,,high,,,,,FALSE,,FALSE,,TRUE,https://www.dcceew.gov.au/sites/default/files/documents/national-risk-scores-h5-bird-flu-native-birds-mammals.pdf,in_progress,https://biodiversity.org.au/afd/taxa/0bd8ff00-6c85-4e50-a95a-fbeef9fddffc,,,,,No summary available on Wikipedia for this species.,Wikipedia (https://en.wikipedia.org/wiki/Corvus_tasmanicus_boreus),,,,done,
196,corvus-tasmanicus-tasmanicus,Southern Forest Raven,Corvus tasmanicus tasmanicus,bird,,,high,,,,,FALSE,,FALSE,,TRUE,https://www.dcceew.gov.au/sites/default/files/documents/national-risk-scores-h5-bird-flu-native-birds-mammals.pdf,in_progress,https://biodiversity.org.au/afd/taxa/a92ed577-2f1e-4570-bdb6-bcf0054a4876,,,,,No summary available on Wikipedia for this species.,Wikipedia (https://en.wikipedia.org/wiki/Corvus_tasmanicus_tasmanicus),,,,done,
197,corvus-bennetti,Little Crow,Corvus bennetti,bird,,,high,,,,,FALSE,,FALSE,,TRUE,https://www.dcceew.gov.au/sites/default/files/documents/national-risk-scores-h5-bird-flu-native-birds-mammals.pdf,in_progress,https://biodiversity.org.au/afd/taxa/351ef0f8-f560-43d6-b784-f393edb97df9,,,,,"The little crow (Corvus bennetti) is an Australian species of crow, very similar to the Torresian crow in having white bases to the neck and head feathers (shown when ruffled in strong wind) but slightly smaller (38–45 cm in length) and with a slightly smaller bill. It has the same white iris that distinguish the Australian species from all other Corvus except a few island species to the north of Australia. The western jackdaw (now Coloeus monedula) shares that trait; but while formerly considered members of Corvus, the jackdaws are now commonly put into their own genus Coloeus. Like the Australian raven, the little crow has a blue ring around the pupil.",Wikipedia (https://en.wikipedia.org/wiki/Corvus_bennetti),https://images.ala.org.au/store/a/8/a/a/a8aaf930-08c7-42fb-90f9-b74820462fbc/thumbnail_large,Atlas of Living Australia (ALA) via https://bie.ala.org.au/species/,,done,
198,corvus-mellori,Little Raven,Corvus mellori,bird,,,high,,,,,FALSE,,FALSE,,TRUE,https://www.dcceew.gov.au/sites/default/files/documents/national-risk-scores-h5-bird-flu-native-birds-mammals.pdf,in_progress,https://biodiversity.org.au/afd/taxa/713303da-f7b7-47a9-8ba1-2880941f9d28,,,,,"The little raven (Corvus mellori) is a species of the family Corvidae that is native to southeastern Australia. An adult individual is about 48–50 cm (19–19.5 in) in length, with completely black plumage, beak, and legs; as with all Australian species of Corvus, the black feathers have a grey base, and the iris of the adult bird is white (typical also of some related species from islands to the north of Australia). Although the little raven was first named by Gregory Mathews in 1912, it was only in 1967 that there was consensus to separate it from the Australian raven (C. coronoides) as a distinct species.",Wikipedia (https://en.wikipedia.org/wiki/Corvus_mellori),https://images.ala.org.au/store/4/2/e/d/42ed3af8-5f17-4a0e-aa66-a059d6c12154/thumbnail_large,Atlas of Living Australia (ALA) via https://bie.ala.org.au/species/,,done,
199,corvus-orru,Torresian Crow,Corvus orru,bird,,,high,,,,,FALSE,,FALSE,,TRUE,https://www.dcceew.gov.au/sites/default/files/documents/national-risk-scores-h5-bird-flu-native-birds-mammals.pdf,in_progress,https://biodiversity.org.au/afd/taxa/2c5fd509-d4d6-4adb-9566-96280ff9e6af,,,,,"The Torresian crow (Corvus orru), also called the Australian crow or Papuan crow, is a passerine bird in the crow family native to the north and west of Australia and nearby islands in Indonesia and Papua New Guinea. The species has a black plumage, beak and mouth with white irises. The base of the feathers on the head and neck are white. The Torresian crow is slightly larger with a more robust bill than the morphologically similar little crow.
Although widespread over northern Australia and some nearby islands, the common name ""Torresian"" refers to the Australian Shire of Torres.",Wikipedia (https://en.wikipedia.org/wiki/Corvus_orru),https://images.ala.org.au/store/4/3/a/4/43a4ef9c-9a75-4c9f-b257-c31441a6fb10/thumbnail_large,Atlas of Living Australia (ALA) via https://bie.ala.org.au/species/,,done,
200,corvus-orru-cecilae,Australian Torresian Crow,Corvus orru cecilae,bird,,,high,,,,,FALSE,,FALSE,,TRUE,https://www.dcceew.gov.au/sites/default/files/documents/national-risk-scores-h5-bird-flu-native-birds-mammals.pdf,in_progress,https://biodiversity.org.au/afd/taxa/93a5f5de-58bd-4ac9-a191-8749cb515e79,,,,,"The Torresian crow (Corvus orru), also called the Australian crow or Papuan crow, is a passerine bird in the crow family native to the north and west of Australia and nearby islands in Indonesia and Papua New Guinea. The species has a black plumage, beak and mouth with white irises. The base of the feathers on the head and neck are white. The Torresian crow is slightly larger with a more robust bill than the morphologically similar little crow.
Although widespread over northern Australia and some nearby islands, the common name ""Torresian"" refers to the Australian Shire of Torres.",Wikipedia (https://en.wikipedia.org/wiki/Corvus_orru_cecilae),,,,done,
201,anhinga-novaehollandiae,Australasian Darter,Anhinga novaehollandiae,bird,,,high,,,,,FALSE,,FALSE,,TRUE,https://www.dcceew.gov.au/sites/default/files/documents/national-risk-scores-h5-bird-flu-native-birds-mammals.pdf,in_progress,https://biodiversity.org.au/afd/taxa/c1d3308d-b6d6-496c-81b0-97c689259d3a,,,,,"The Australasian darter or Australian darter (Anhinga novaehollandiae) is a species of bird in the darter family, Anhingidae. It is found in Australia, Indonesia, and Papua New Guinea. It weighs around 2.6 kg and spans 86–94 cm (34–37 in) in length.",Wikipedia (https://en.wikipedia.org/wiki/Anhinga_novaehollandiae),https://images.ala.org.au/store/3/f/9/4/3f947fc4-7e75-4f32-ac2a-cae8015b9b46/thumbnail_large,Atlas of Living Australia (ALA) via https://bie.ala.org.au/species/,,done,
202,anhinga-novaehollandiae-novaehollandiae,Australian Darter,Anhinga novaehollandiae novaehollandiae,bird,,,high,,,,,FALSE,,FALSE,,TRUE,https://www.dcceew.gov.au/sites/default/files/documents/national-risk-scores-h5-bird-flu-native-birds-mammals.pdf,in_progress,https://biodiversity.org.au/afd/taxa/9560f55d-26da-4f86-922a-ad5e1649ba13,,,,,No summary available on Wikipedia for this species.,Wikipedia (https://en.wikipedia.org/wiki/Anhinga_novaehollandiae_novaehollandiae),,,,done,
203,canis-familiaris,Dingo,Canis familiaris,mammal,,,high,,,,,FALSE,,FALSE,,TRUE,https://www.dcceew.gov.au/sites/default/files/documents/national-risk-scores-h5-bird-flu-native-birds-mammals.pdf,in_progress,https://biodiversity.org.au/afd/taxa/c2056f1b-fcde-45b9-904b-1cab280368d1,,,,,"The dog (Canis familiaris or Canis lupus familiaris) is a domesticated descendant of wolves. Also called the domestic dog, it was selectively bred during the Late Pleistocene by hunter-gatherers. Dogs and the modern gray wolf share a common ancestor. Dogs were the first species to be domesticated over 14,000 years ago, before the development of agriculture, though genetic studies suggest the domestication process may have begun over 25,000 years ago. Due to their long association with humans, dogs have gained the ability to thrive on a starch-rich diet that would be inadequate for other canids.
Dogs have been bred for desired behaviors, sensory capabilities, and physical attributes. Dog breeds vary widely in shape, size, and color. They have the same number of bones (with the exception of the tail), powerful jaws that house around 42 teeth, and well-developed senses of smell, hearing, and sight. Compared to humans, dogs possess a superior sense of smell and hearing, but inferior visual acuity. Dogs perform many roles for humans, such as hunting, herding, pulling loads, protection, companionship, therapy, aiding disabled people, and assisting police and the military.
Communication in dogs includes eye gaze, facial expression, vocalization, body posture (including movements of bodies and limbs), and chemical communication (scents, pheromones, and taste). They mark their territories by urinating on them, which is more likely when entering a new environment. Over the millennia, dogs have uniquely adapted to human behavior; this adaptation includes being able to understand and communicate with humans. As such, the human–canine bond has been a topic of frequent study, and dogs' influence on human society has given them the sobriquet of ""man's best friend"".
The global dog population is estimated at 700 million to 1 billion, distributed around the world. The dog is the most popular pet in the United States, present in 34–40% of households. Developed countries make up approximately 20% of the global dog population, while around 75% of dogs are estimated to be from developing countries, mainly in the form of feral and street dogs.",Wikipedia (https://en.wikipedia.org/wiki/Canis_familiaris),https://images.ala.org.au/store/0/b/3/7/0b37659a-ee51-444b-aa3e-27a316e06fa2/thumbnail_large,Atlas of Living Australia (ALA) via https://bie.ala.org.au/species/,,done,
204,tadorna-tadornoides,Australian Shelduck,Tadorna tadornoides,bird,,,high,,,,,FALSE,,FALSE,,TRUE,https://www.dcceew.gov.au/sites/default/files/documents/national-risk-scores-h5-bird-flu-native-birds-mammals.pdf,in_progress,https://biodiversity.org.au/afd/taxa/4cf61405-f90d-4212-a402-35d8e812a552,,,,,"The Australian shelduck (Tadorna tadornoides), also known as the chestnut-breasted shelduck or mountain duck, is a shelduck, a group of large goose-like ducks part of the bird family Anatidae. The genus name Tadorna comes from Celtic roots and means ""pied waterfowl"". They have a striking chestnut-coloured breast and black body. They are protected under the National Parks and Wildlife Act 1974.",Wikipedia (https://en.wikipedia.org/wiki/Tadorna_tadornoides),,,,done,
205,chenonetta-jubata,Australian Wood Duck,Chenonetta jubata,bird,,,high,,,,,FALSE,,FALSE,,TRUE,https://www.dcceew.gov.au/sites/default/files/documents/national-risk-scores-h5-bird-flu-native-birds-mammals.pdf,in_progress,https://biodiversity.org.au/afd/taxa/31944e98-202b-4c14-b480-6508740dde58,,,,,"The Australian wood duck, maned duck, or maned goose (Chenonetta jubata) is a dabbling duck found throughout much of Australia. It is the only living species in the genus Chenonetta.",Wikipedia (https://en.wikipedia.org/wiki/Chenonetta_jubata),https://images.ala.org.au/store/d/a/c/8/dac8e3a9-e092-4130-a031-29d8afdcf25d/thumbnail_large,Atlas of Living Australia (ALA) via https://bie.ala.org.au/species/,,done,
206,anas-castanea,Chestnut Teal,Anas castanea,bird,,,high,,,,,FALSE,,FALSE,,TRUE,https://www.dcceew.gov.au/sites/default/files/documents/national-risk-scores-h5-bird-flu-native-birds-mammals.pdf,not_started,,,,,,,,,,,done,
207,nettapus-coromandelianus,Cotton Pygmy-goose,Nettapus coromandelianus,bird,,,high,,,,,FALSE,,FALSE,,TRUE,https://www.dcceew.gov.au/sites/default/files/documents/national-risk-scores-h5-bird-flu-native-birds-mammals.pdf,not_started,,,,,,,,,,,done,
208,nettapus-coromandelianus-albipennis,Australian Cotton Pygmy-goose,Nettapus coromandelianus albipennis,bird,,,high,,,,,FALSE,,FALSE,,TRUE,https://www.dcceew.gov.au/sites/default/files/documents/national-risk-scores-h5-bird-flu-native-birds-mammals.pdf,not_started,,,,,,,,,,,done,
209,stictonetta-naevosa,Freckled Duck,Stictonetta naevosa,bird,,,high,,,,,FALSE,,FALSE,,TRUE,https://www.dcceew.gov.au/sites/default/files/documents/national-risk-scores-h5-bird-flu-native-birds-mammals.pdf,in_progress,https://biodiversity.org.au/afd/taxa/4788c00f-9f49-40c2-8b28-71b3e28d71fd,,,,,"The freckled duck (Stictonetta naevosa) is a waterfowl species endemic to Australia. The freckled duck has also been referred to as the monkey duck or oatmeal duck. These birds are usually present in mainland Australia, but disperse to coastal and subcoastal wetlands in the dry period. During such times it is common for the freckled duck population to congregate in flocks in the same area, giving the impression that they are more common than they really are.
The freckled duck population is at risk of further reduction from habitat destruction, droughts and game hunting. Often habitat destruction and drought can lead to an increase in hunting, as the freckled duck is forced to disperse into more coastal ranges where they may not be recognised as being a protected species.
In the past few decades, several institutions have established breeding programs to aid in supplementation of the freckled duck population. Such establishments included, but are not restricted to the Hunter Wetlands Centre Australia, Slimbridge Wetlands, Melbourne Zoo, Bronx Zoo, Adelaide Zoo, Healesville Sanctuary, and Tidbinbilla Nature Reserve. The success of these institutes has been variable, with some failing to establish self-maintaining colonies.",Wikipedia (https://en.wikipedia.org/wiki/Stictonetta_naevosa),https://images.ala.org.au/store/1/2/5/1/1251e05d-3653-440e-97d2-14bc55afcf8d/thumbnail_large,Atlas of Living Australia (ALA) via https://bie.ala.org.au/species/,,done,
210,nettapus-pulchellus,Green Pygmy-goose,Nettapus pulchellus,bird,,,high,,,,,FALSE,,FALSE,,TRUE,https://www.dcceew.gov.au/sites/default/files/documents/national-risk-scores-h5-bird-flu-native-birds-mammals.pdf,in_progress,https://biodiversity.org.au/afd/taxa/34801c21-a4a3-4be3-812d-21f7ce50590a,,,,,The green pygmy goose (Nettapus pulchellus) is a small perching duck which breeds in southern New Guinea and northern Australia.,Wikipedia (https://en.wikipedia.org/wiki/Nettapus_pulchellus),,,,done,
211,anas-superciliosa,Pacific Black Duck,Anas superciliosa,bird,,,high,,,,,FALSE,,FALSE,,TRUE,https://www.dcceew.gov.au/sites/default/files/documents/national-risk-scores-h5-bird-flu-native-birds-mammals.pdf,in_progress,https://biodiversity.org.au/afd/taxa/241dd5c6-1235-4eb9-b3d5-a44af6b0d444,,,,,"The Pacific black duck (Anas superciliosa), commonly known as the PBD, is a dabbling duck found in much of Indonesia, New Guinea, Australia, New Zealand, and many islands in the southwestern Pacific, reaching to the Caroline Islands in the north and French Polynesia in the east. It is usually called the grey duck in New Zealand, where it is also known by its Māori name, pārera.",Wikipedia (https://en.wikipedia.org/wiki/Anas_superciliosa),https://images.ala.org.au/store/4/1/b/f/41bfec60-54cc-42ff-ac07-755e9280e562/thumbnail_large,Atlas of Living Australia (ALA) via https://bie.ala.org.au/species/,,done,
212,anas-superciliosa-superciliosa,Pacific Black Duck,Anas superciliosa superciliosa,bird,,,high,,,,,FALSE,,FALSE,,TRUE,https://www.dcceew.gov.au/sites/default/files/documents/national-risk-scores-h5-bird-flu-native-birds-mammals.pdf,in_progress,https://biodiversity.org.au/afd/taxa/281539dc-ced5-468d-9fa4-05d28bd271b5,,,,,"The Pacific black duck (Anas superciliosa), commonly known as the PBD, is a dabbling duck found in much of Indonesia, New Guinea, Australia, New Zealand, and many islands in the southwestern Pacific, reaching to the Caroline Islands in the north and French Polynesia in the east. It is usually called the grey duck in New Zealand, where it is also known by its Māori name, pārera.",Wikipedia (https://en.wikipedia.org/wiki/Anas_superciliosa_superciliosa),,,,done,
213,radjah-radjah,Radjah Shelduck,Radjah radjah,bird,,,high,,,,,FALSE,,FALSE,,TRUE,https://www.dcceew.gov.au/sites/default/files/documents/national-risk-scores-h5-bird-flu-native-birds-mammals.pdf,in_progress,https://biodiversity.org.au/afd/taxa/5924aa38-983b-405a-92b6-292486572de5,,,,,"The radjah shelduck (Radjah radjah) is a species of shelduck found mostly in New Guinea and Australia, and also on some of the Moluccas. It is known alternatively as the raja shelduck, black-backed shelduck, or in Australia as the Burdekin duck.",Wikipedia (https://en.wikipedia.org/wiki/Radjah_radjah),https://images.ala.org.au/store/9/9/7/6/99761c2f-23c0-4cd6-92ae-765952ecb06e/thumbnail_large,Atlas of Living Australia (ALA) via https://bie.ala.org.au/species/,,done,
214,radjah-radjah-rufitergum,Torresian Radjah Shelduck,Radjah radjah rufitergum,bird,,,high,,,,,FALSE,,FALSE,,TRUE,https://www.dcceew.gov.au/sites/default/files/documents/national-risk-scores-h5-bird-flu-native-birds-mammals.pdf,in_progress,https://biodiversity.org.au/afd/taxa/e0cb2728-32b8-4353-9cea-9b59fc520941,,,,,No summary available on Wikipedia for this species.,Wikipedia (https://en.wikipedia.org/wiki/Radjah_radjah_rufitergum),,,,done,
215,milvus-migrans,Black Kite,Milvus migrans,bird,,,high,,,,,FALSE,,FALSE,,TRUE,https://www.dcceew.gov.au/sites/default/files/documents/national-risk-scores-h5-bird-flu-native-birds-mammals.pdf,in_progress,https://biodiversity.org.au/afd/taxa/46b7236e-c41f-4148-847b-31e64fc5c789,,,,,"The black kite or fire kite (Milvus migrans) is a medium-sized bird of prey in the family Accipitridae, which also includes many other diurnal raptors. It is thought to be the world's most abundant species of Accipitridae, although some populations have experienced dramatic declines or fluctuations. Current global population estimates run up to 6.7 million individuals.
Unlike others of the group, black kites are opportunistic hunters and are more likely to scavenge. They spend much of their time gliding in thermals in search of food. Their angled wing and distinctive forked tail make them easy to identify. They are vociferous with a distinct shrill whinnying call.
The black kite is widely distributed through temperate and tropical parts of Eurasia and parts of Australasia and Oceania. Temperate populations tend to be migratory. Several subspecies are recognized, with several having previously had English names. The European populations are small, but the South Asian population is comparatively very large.",Wikipedia (https://en.wikipedia.org/wiki/Milvus_migrans),https://images.ala.org.au/store/2/3/1/b/231bf9a1-5b7f-4e1b-961e-93cb3311da58/thumbnail_large,Atlas of Living Australia (ALA) via https://bie.ala.org.au/species/,,done,
216,milvus-migrans-affinis,Torresian Black Kite,Milvus migrans affinis,bird,,,high,,,,,FALSE,,FALSE,,TRUE,https://www.dcceew.gov.au/sites/default/files/documents/national-risk-scores-h5-bird-flu-native-birds-mammals.pdf,in_progress,https://biodiversity.org.au/afd/taxa/78cef066-c87f-447a-98fe-97bb7878fff0,,,,,No summary available on Wikipedia for this species.,Wikipedia (https://en.wikipedia.org/wiki/Milvus_migrans_affinis),,,,done,
217,hamirostra-melanosternon,Black-breasted Buzzard,Hamirostra melanosternon,bird,,,high,,,,,FALSE,,FALSE,,TRUE,https://www.dcceew.gov.au/sites/default/files/documents/national-risk-scores-h5-bird-flu-native-birds-mammals.pdf,in_progress,https://biodiversity.org.au/afd/taxa/96e35cba-e86c-47dd-848e-056377227209,,,,,"The black-breasted buzzard (Hamirostra melanosternon) is a large raptor endemic to mainland Australia. First described by John Gould in 1841, it forms part of the family Accipitridae (hawks and eagles) and is most closely related to the square-tailed kite (Lophoictinia isura). It is a versatile hunter known for its special skill in cracking eggs. The species is common throughout most of its range.",Wikipedia (https://en.wikipedia.org/wiki/Hamirostra_melanosternon),https://images.ala.org.au/store/8/4/3/d/843d3770-99d8-4abc-828c-be5c9333c9c7/thumbnail_large,Atlas of Living Australia (ALA) via https://bie.ala.org.au/species/,,done,
218,elanus-axillaris,Black-shouldered Kite,Elanus axillaris,bird,,,high,,,,,FALSE,,FALSE,,TRUE,https://www.dcceew.gov.au/sites/default/files/documents/national-risk-scores-h5-bird-flu-native-birds-mammals.pdf,in_progress,https://biodiversity.org.au/afd/taxa/e382a431-801d-4a24-9a5a-03a262be9279,,,,,"The black-shouldered kite (Elanus axillaris), also known as the Australian black-shouldered kite, is a small raptor found in open habitats throughout Australia. It resembles similar species found in Africa, Eurasia and North America, including the black-winged kite, a species that has in the past also been called ""black-shouldered kite"". Measuring around 35 cm (14 in) in length, with a wingspan of 80–100 cm (31–39 in), the adult black-shouldered kite has predominantly grey-white plumage and prominent black markings above its red eyes. It gains its name from the black patches on its wings. The primary call is a clear whistle, uttered in flight and while hovering. It can be confused with the related letter-winged kite in Australia, which is distinguished by the striking black markings under its wings.
The species forms monogamous pairs, breeding between August and January. The birds engage in aerial courtship displays which involve high circling flight and ritualised feeding mid-air. Three or four eggs are laid and incubated for around thirty days. Chicks are fully fledged within five weeks of hatching and can hunt for mice within a week of leaving the nest. Juveniles disperse widely from their home territory. The black-shouldered kite hunts in open grasslands, searching for its prey by hovering and systematically scanning the ground. It mainly eats small rodents, particularly the introduced house mouse, and has benefitted from the modification of the Australian landscape by agriculture. It is rated as least concern on the International Union for Conservation of Nature (IUCN)'s Red List of Threatened Species.",Wikipedia (https://en.wikipedia.org/wiki/Elanus_axillaris),https://images.ala.org.au/store/b/e/5/f/be5f4e7e-3c66-462b-8b1a-32cb016e89f9/thumbnail_large,Atlas of Living Australia (ALA) via https://bie.ala.org.au/species/,,done,
219,haliastur-indus,Brahminy Kite,Haliastur indus,bird,,,high,,,,,FALSE,,FALSE,,TRUE,https://www.dcceew.gov.au/sites/default/files/documents/national-risk-scores-h5-bird-flu-native-birds-mammals.pdf,in_progress,https://biodiversity.org.au/afd/taxa/fbe52b77-570e-4e79-958f-97c193f6c6ea,,,,,No summary available on Wikipedia for this species.,Wikipedia (https://en.wikipedia.org/wiki/Haliastur_indus),https://images.ala.org.au/store/6/d/3/6/6d36978b-a342-4f03-8881-775a8bf875a8/thumbnail_large,Atlas of Living Australia (ALA) via https://bie.ala.org.au/species/,,done,
220,haliastur-indus-girrenera,Torresian Brahminy Kite,Haliastur indus girrenera,bird,,,high,,,,,FALSE,,FALSE,,TRUE,https://www.dcceew.gov.au/sites/default/files/documents/national-risk-scores-h5-bird-flu-native-birds-mammals.pdf,in_progress,https://biodiversity.org.au/afd/taxa/683f56f9-7d5a-47ac-9008-80665401abf1,,,,,No summary available on Wikipedia for this species.,Wikipedia (https://en.wikipedia.org/wiki/Haliastur_indus_girrenera),,,,done,
221,accipiter-fasciatus,Brown Goshawk,Accipiter fasciatus,bird,,,high,,,,,FALSE,,FALSE,,TRUE,https://www.dcceew.gov.au/sites/default/files/documents/national-risk-scores-h5-bird-flu-native-birds-mammals.pdf,not_started,,,,,,,,,,,done,
222,accipiter-fasciatus-didimus,Northern Brown Goshawk,Accipiter fasciatus didimus,bird,,,high,,,,,FALSE,,FALSE,,TRUE,https://www.dcceew.gov.au/sites/default/files/documents/national-risk-scores-h5-bird-flu-native-birds-mammals.pdf,not_started,,,,,,,,,,,done,
223,accipiter-fasciatus-fasciatus,Southern Brown Goshawk,Accipiter fasciatus fasciatus,bird,,,high,,,,,FALSE,,FALSE,,TRUE,https://www.dcceew.gov.au/sites/default/files/documents/national-risk-scores-h5-bird-flu-native-birds-mammals.pdf,not_started,,,,,,,,,,,done,
224,accipiter-cirrocephalus,Collared Sparrowhawk,Accipiter cirrocephalus,bird,,,high,,,,,FALSE,,FALSE,,TRUE,https://www.dcceew.gov.au/sites/default/files/documents/national-risk-scores-h5-bird-flu-native-birds-mammals.pdf,in_progress,https://biodiversity.org.au/afd/taxa/973058bb-cc30-4ce3-a988-f5e1513670ac,,,,,"The collared sparrowhawk (Tachyspiza cirrocephala) is a small, slim bird of prey in the family Accipitridae  found in Australia, New Guinea and nearby smaller islands. It was formerly placed in the genus Accipiter. As its name implies the collared sparrowhawk is a specialist in hunting small birds. It is characterised by its slight brow ridges and slender feet. The last segment of their middle toe projects beyond the claws of the other toes.",Wikipedia (https://en.wikipedia.org/wiki/Accipiter_cirrocephalus),,,,done,
225,accipiter-cirrocephalus-cirrocephalus,Collared Sparrowhawk,Accipiter cirrocephalus cirrocephalus,bird,,,high,,,,,FALSE,,FALSE,,TRUE,https://www.dcceew.gov.au/sites/default/files/documents/national-risk-scores-h5-bird-flu-native-birds-mammals.pdf,not_started,,,,,,,,,,,done,
226,accipiter-novaehollandiae,Grey Goshawk,Accipiter novaehollandiae,bird,,,high,,,,,FALSE,,FALSE,,TRUE,https://www.dcceew.gov.au/sites/default/files/documents/national-risk-scores-h5-bird-flu-native-birds-mammals.pdf,not_started,,,,,,,,,,,done,
227,hieraaetus-morphnoides,Little Eagle,Hieraaetus morphnoides,bird,,,high,,,,,FALSE,,FALSE,,TRUE,https://www.dcceew.gov.au/sites/default/files/documents/national-risk-scores-h5-bird-flu-native-birds-mammals.pdf,in_progress,https://biodiversity.org.au/afd/taxa/b47a4ecd-416b-458c-886a-1dc3490e8175,,,,,The little eagle (Hieraaetus morphnoides) is a very small eagle endemic to Australia.,Wikipedia (https://en.wikipedia.org/wiki/Hieraaetus_morphnoides),https://images.ala.org.au/store/1/d/b/9/1db9be17-70c2-4cd9-a2b7-84d75b3771b8/thumbnail_large,Atlas of Living Australia (ALA) via https://bie.ala.org.au/species/,,done,
228,hieraaetus-morphnoides-morphnoides,Little Eagle,Hieraaetus morphnoides morphnoides,bird,,,high,,,,,FALSE,,FALSE,,TRUE,https://www.dcceew.gov.au/sites/default/files/documents/national-risk-scores-h5-bird-flu-native-birds-mammals.pdf,in_progress,https://biodiversity.org.au/afd/taxa/8c178318-773f-4ddf-a4c1-01967698054c,,,,,No summary available on Wikipedia for this species.,Wikipedia (https://en.wikipedia.org/wiki/Hieraaetus_morphnoides_morphnoides),,,,done,
229,himantopus-himantopus-leucocephalus,Little Eagle,Himantopus himantopus leucocephalus,bird,,,high,,,,,FALSE,,FALSE,,TRUE,https://www.dcceew.gov.au/sites/default/files/documents/national-risk-scores-h5-bird-flu-native-birds-mammals.pdf,in_progress,https://biodiversity.org.au/afd/taxa/f4231e76-e3a9-4787-b392-1e3b6a449ce5,,,,,No summary available on Wikipedia for this species.,Wikipedia (https://en.wikipedia.org/wiki/Himantopus_himantopus_leucocephalus),,,,done,
230,aviceda-subcristata,Pacific Baza,Aviceda subcristata,bird,,,high,,,,,FALSE,,FALSE,,TRUE,https://www.dcceew.gov.au/sites/default/files/documents/national-risk-scores-h5-bird-flu-native-birds-mammals.pdf,in_progress,https://biodiversity.org.au/afd/taxa/3e9ecc98-1d7c-4de0-b574-53351bdd3b3e,,,,,"The Pacific baza (Aviceda subcristata), also known as the crested hawk, crested baza, and Pacific cuckoo-falcon, is a slender, medium-sized species of hawk in the family Accipitridae. It is mostly grey, brown, and white coloured and grows to a length of 35–46 centimetres (14–18 in). It is an omnivore and usually does not migrate. The breeding season for the species lasts from September to at least February, during which time specimens commonly fly and vocalise for display. It lives in Australia, Indonesia, Papua New Guinea, Solomon Islands, and East Timor, in forests, savannas, and freshwater bodies. The International Union for Conservation of Nature lists it as a least concern species.",Wikipedia (https://en.wikipedia.org/wiki/Aviceda_subcristata),https://images.ala.org.au/store/5/6/2/c/562c9ba9-ca5d-41f7-9f50-2da0ad9fd60d/thumbnail_large,Atlas of Living Australia (ALA) via https://bie.ala.org.au/species/,,done,
231,aviceda-subcristata-subcristata,Australian Pacific Baza,Aviceda subcristata subcristata,bird,,,high,,,,,FALSE,,FALSE,,TRUE,https://www.dcceew.gov.au/sites/default/files/documents/national-risk-scores-h5-bird-flu-native-birds-mammals.pdf,in_progress,https://biodiversity.org.au/afd/taxa/93f15133-b853-4bb8-8f83-8052905b1ff6,,,,,No summary available on Wikipedia for this species.,Wikipedia (https://en.wikipedia.org/wiki/Aviceda_subcristata_subcristata),,,,done,
232,circus-assimilis,Spotted Harrier,Circus assimilis,bird,,,high,,,,,FALSE,,FALSE,,TRUE,https://www.dcceew.gov.au/sites/default/files/documents/national-risk-scores-h5-bird-flu-native-birds-mammals.pdf,in_progress,https://biodiversity.org.au/afd/taxa/694a8fde-c6b1-4947-bae1-801541614999,,,,,"The spotted harrier (Circus assimilis) also known as the smoke hawk, is a large Australasian bird of prey belonging to the family Accipitridae.",Wikipedia (https://en.wikipedia.org/wiki/Circus_assimilis),https://images.ala.org.au/store/a/0/3/e/a03e4fd2-46b9-4f05-9ad7-61578694eae8/thumbnail_large,Atlas of Living Australia (ALA) via https://bie.ala.org.au/species/,,done,
233,lophoictinia-isura,Square-tailed Kite,Lophoictinia isura,bird,,,high,,,,,FALSE,,FALSE,,TRUE,https://www.dcceew.gov.au/sites/default/files/documents/national-risk-scores-h5-bird-flu-native-birds-mammals.pdf,in_progress,https://biodiversity.org.au/afd/taxa/715a2874-1942-4762-866c-1194990e7a91,,,,,"The square-tailed kite (Lophoictinia isura) is a medium-sized bird of prey in the family Accipitridae, which also includes many other diurnal raptors such as kites, eagles and harriers.",Wikipedia (https://en.wikipedia.org/wiki/Lophoictinia_isura),https://images.ala.org.au/store/2/1/5/9/2159f301-05b0-4100-ba44-9dd838c3a92f/thumbnail_large,Atlas of Living Australia (ALA) via https://bie.ala.org.au/species/,,done,
234,circus-approximans,Swamp Harrier,Circus approximans,bird,,,high,,,,,FALSE,,FALSE,,TRUE,https://www.dcceew.gov.au/sites/default/files/documents/national-risk-scores-h5-bird-flu-native-birds-mammals.pdf,in_progress,https://biodiversity.org.au/afd/taxa/c568921e-f800-4a6e-b88c-6d409def1e20,,,,,"The swamp harrier (Circus approximans), also known as the Australasian marsh harrier or Australasian harrier, is a large, slim bird of prey widely distributed across Australasia. In New Zealand, it is also known by the Māori name kāhu. It arrived in New Zealand within the last 700 years, replacing the larger species, the extinct New Zealand endemic Eyles's harrier.
The swamp harrier belongs to the subfamily Circinae and genus Circus, which are represented worldwide, except Antarctica. The subfamily and genus are derived from the characteristic behaviour of circling flight during courtship and hawking.",Wikipedia (https://en.wikipedia.org/wiki/Circus_approximans),https://images.ala.org.au/store/e/d/d/a/edda4cc0-11ef-40d2-91d8-5a5d7d32ea85/thumbnail_large,Atlas of Living Australia (ALA) via https://bie.ala.org.au/species/,,done,
235,aquila-audax-audax,Mainland Wedge-tailed Eagle,Aquila audax audax,bird,,,high,,,,,FALSE,,FALSE,,TRUE,https://www.dcceew.gov.au/sites/default/files/documents/national-risk-scores-h5-bird-flu-native-birds-mammals.pdf,not_started,,,,,,,,,,,done,
236,haliastur-sphenurus,Whistling Kite,Haliastur sphenurus,bird,,,high,,,,,FALSE,,FALSE,,TRUE,https://www.dcceew.gov.au/sites/default/files/documents/national-risk-scores-h5-bird-flu-native-birds-mammals.pdf,in_progress,https://biodiversity.org.au/afd/taxa/31113d80-ed4f-4bb0-9a65-48080e4c6dd1,,,,,"The whistling kite (Haliastur sphenurus) is a medium-sized diurnal raptor found throughout Australia (including coastal islands), New Caledonia and much of New Guinea (excluding the central mountains and the northwest). Also called the whistling eagle or whistling hawk, it is named for its loud whistling call, which it often gives in flight.  Some authorities put this species in the genus Milvus, despite marked differences in behaviour, voice and plumage between this species and other members of that genus.",Wikipedia (https://en.wikipedia.org/wiki/Haliastur_sphenurus),https://images.ala.org.au/store/e/b/4/a/eb4a2700-6386-4831-9f19-384fca23f6e2/thumbnail_large,Atlas of Living Australia (ALA) via https://bie.ala.org.au/species/,,done,
237,falco-longipennis,Australian Hobby,Falco longipennis,bird,,,high,,,,,FALSE,,FALSE,,TRUE,https://www.dcceew.gov.au/sites/default/files/documents/national-risk-scores-h5-bird-flu-native-birds-mammals.pdf,in_progress,https://biodiversity.org.au/afd/taxa/794d2b51-a56e-4113-9809-ea828bdfd2ae,,,,,"The Australian hobby (Falco longipennis), also known as the little falcon, is one of six Australian members of the family Falconidae. This predominantly diurnal bird of prey derives its name 'longipennis' from its long primary wing feathers. It occurs throughout Australia and other neighbouring countries with migrating individuals found on the islands of Indonesia and New Guinea.",Wikipedia (https://en.wikipedia.org/wiki/Falco_longipennis),,,,done,
238,falco-longipennis-longipennis,Southern Australian Hobby,Falco longipennis longipennis,bird,,,high,,,,,FALSE,,FALSE,,TRUE,https://www.dcceew.gov.au/sites/default/files/documents/national-risk-scores-h5-bird-flu-native-birds-mammals.pdf,in_progress,https://biodiversity.org.au/afd/taxa/042735b4-68b7-49a0-b9ec-8724ca9fd126,,,,,No summary available on Wikipedia for this species.,Wikipedia (https://en.wikipedia.org/wiki/Falco_longipennis_longipennis),,,,done,
239,falco-longipennis-murchisonianus,Inland Australian Hobby,Falco longipennis murchisonianus,bird,,,high,,,,,FALSE,,FALSE,,TRUE,https://www.dcceew.gov.au/sites/default/files/documents/national-risk-scores-h5-bird-flu-native-birds-mammals.pdf,in_progress,https://biodiversity.org.au/afd/taxa/b25d6791-5825-41b6-836e-b96910f72a36,,,,,No summary available on Wikipedia for this species.,Wikipedia (https://en.wikipedia.org/wiki/Falco_longipennis_murchisonianus),,,,done,
240,falco-subniger,Black Falcon,Falco subniger,bird,,,high,,,,,FALSE,,FALSE,,TRUE,https://www.dcceew.gov.au/sites/default/files/documents/national-risk-scores-h5-bird-flu-native-birds-mammals.pdf,in_progress,https://biodiversity.org.au/afd/taxa/f7ea91a6-352f-41ac-9b77-8a6f5aea62d6,,,,,The black falcon (Falco subniger) is a medium-large falcon that is endemic to Australia. It can be found in all mainland states and territories and yet is regarded as Australia's most under-studied falcon.,Wikipedia (https://en.wikipedia.org/wiki/Falco_subniger),,,,done,
241,falco-berigora,Brown Falcon,Falco berigora,bird,,,high,,,,,FALSE,,FALSE,,TRUE,https://www.dcceew.gov.au/sites/default/files/documents/national-risk-scores-h5-bird-flu-native-birds-mammals.pdf,in_progress,https://biodiversity.org.au/afd/taxa/b352a45c-7d13-44f5-b635-1d0e45dcfb20,,,,,"The brown falcon (Falco berigora) is a relatively large falcon native to Australia and New Guinea.
A number of plumage morphs occur, with the primary distinction being between the pale morph and the dark morph. Both morphs usually have dark brown upper parts and wing coverts. Dark morph birds have predominantly dark under parts, although some light streaking is common. Pale morph birds have white underparts that are varyingly streaked with brown, sometimes heavily so. Pale individuals may also have prominently white under tail coverts and these may be diagnostic. A distinctive aspect of their behaviour is shown in the breeding season when brown falcons make a loud, high pitched, cackle call (like a laying hen) and screeching while in flight.
The species name berigora has Aboriginal origins.",Wikipedia (https://en.wikipedia.org/wiki/Falco_berigora),,,,done,
242,falco-berigora-berigora,Australian Brown Falcon,Falco berigora berigora,bird,,,high,,,,,FALSE,,FALSE,,TRUE,https://www.dcceew.gov.au/sites/default/files/documents/national-risk-scores-h5-bird-flu-native-birds-mammals.pdf,not_started,,,,,,,,,,,done,
243,falco-berigora-novaeguineae,Brown Falcon,Falco berigora novaeguineae,bird,,,high,,,,,FALSE,,FALSE,,TRUE,https://www.dcceew.gov.au/sites/default/files/documents/national-risk-scores-h5-bird-flu-native-birds-mammals.pdf,not_started,,,,,,,,,,,done,
244,falco-berigora-occidentalis,Brown Falcon,Falco berigora occidentalis,bird,,,high,,,,,FALSE,,FALSE,,TRUE,https://www.dcceew.gov.au/sites/default/files/documents/national-risk-scores-h5-bird-flu-native-birds-mammals.pdf,not_started,,,,,,,,,,,done,
245,falco-berigora-tasmanica,Brown Falcon,Falco berigora tasmanica,bird,,,high,,,,,FALSE,,FALSE,,TRUE,https://www.dcceew.gov.au/sites/default/files/documents/national-risk-scores-h5-bird-flu-native-birds-mammals.pdf,not_started,,,,,,,,,,,done,
246,falco-cenchroides,Nankeen Kestrel,Falco cenchroides,bird,,,high,,,,,FALSE,,FALSE,,TRUE,https://www.dcceew.gov.au/sites/default/files/documents/national-risk-scores-h5-bird-flu-native-birds-mammals.pdf,in_progress,https://biodiversity.org.au/afd/taxa/bf4cdd24-a745-49eb-a158-63396ace53d3,,,,,"The nankeen kestrel (Falco cenchroides), also known as the Australian kestrel, is a raptor native to Australia and New Guinea. It is one of the smallest falcons, and unlike many, does not rely on speed to catch its prey. Instead, it simply perches in an exposed position, but it also has a distinctive technique of hovering over crop and grasslands.",Wikipedia (https://en.wikipedia.org/wiki/Falco_cenchroides),,,,done,
247,falco-cenchroides-cenchroides,Australasian Nankeen Kestrel,Falco cenchroides cenchroides,bird,,,high,,,,,FALSE,,FALSE,,TRUE,https://www.dcceew.gov.au/sites/default/files/documents/national-risk-scores-h5-bird-flu-native-birds-mammals.pdf,not_started,,,,,,,,,,,done,
248,falco-peregrinus,Peregrine Falcon,Falco peregrinus,bird,,,high,,,,,FALSE,,FALSE,,TRUE,https://www.dcceew.gov.au/sites/default/files/documents/national-risk-scores-h5-bird-flu-native-birds-mammals.pdf,in_progress,https://biodiversity.org.au/afd/taxa/c6668bb5-5b66-4fa2-98f1-d8815e36a121,,,,,"The peregrine falcon (Falco peregrinus), also referred to simply as the peregrine, is a bird of prey (raptor) in the family Falconidae known for its speed. A large, crow-sized falcon, it has a blue-grey back, barred white underparts and a black head. As is typical for bird-eating (avivore) raptors, peregrine falcons are sexually dimorphic, with females being considerably larger than males. Historically, the bird has also been known as the ""black-cheeked falcon"" in Australia and the ""duck hawk"" in North America.
The breeding range includes land regions from the Arctic tundra to the tropics. It can be found nearly everywhere on Earth, except extreme polar regions, very high mountains, and most tropical rainforests. The only major ice-free landmasses from which it is entirely absent are the islands of New Zealand, making it the world's most widespread raptor and one of the most widely found wild bird species. In fact, the only land-based bird species found over a larger geographic area, domestic and feral pigeons, owe their success to human-led introduction. Both are domesticated forms of the rock dove, and are a major prey species for peregrine populations. Due to their greater abundance in cities than most other birds, feral pigeons support many peregrine populations as a staple food source, especially in urban settings.
The peregrine is a highly successful example of urban wildlife in much of its range, taking advantage of tall buildings as nest sites, and an abundance of prey such as pigeons and ducks. Both the English and scientific names of the species mean ""wandering falcon"", referring to the migratory habits of many northern populations. A total of 18 or 19 regional subspecies are accepted, which vary in appearance. Disagreement existed in the past over whether the distinctive Barbary falcon was represented by two subspecies of Falco peregrinus or was a separate species, F. pelegrinoides, and several of the other subspecies were originally described as species. However, the difference in their appearance is very small, as is their genetic difference, being only about 0.6–0.8% genetically differentiated. That indicates the divergence is relatively recent, occurring during the Last Ice Age, and all major ornithological authorities now treat the Barbary falcon as a subspecies.
Although its diet consists almost exclusively of medium-sized birds, the peregrine will sometimes hunt small mammals, small reptiles, or even insects. Reaching sexual maturity at one year, it mates for life and nests in a scrape, normally on cliff edges or, in recent times, on tall human-made structures. The peregrine falcon became an endangered species in many areas because of the widespread use of various pesticides, especially DDT. Since the ban on DDT from the early 1970s, populations have recovered, supported by large-scale protection of nesting places and releases to the wild.
The peregrine falcon is a well-respected falconry bird due to its strong hunting ability, high trainability, versatility, and availability via captive breeding. It is effective on most game bird species, from small to large. It has also been used as a religious, royal, or national symbol across many eras and civilizations.",Wikipedia (https://en.wikipedia.org/wiki/Falco_peregrinus),,,,done,
249,falco-peregrinus-macropus,Australian Peregrine Falcon,Falco peregrinus macropus,bird,,,high,,,,,FALSE,,FALSE,,TRUE,https://www.dcceew.gov.au/sites/default/files/documents/national-risk-scores-h5-bird-flu-native-birds-mammals.pdf,not_started,,,,,,,,,,,done,
250,poodytes-gramineus,Little Grassbird,Poodytes gramineus,bird,,,high,,,,,FALSE,,FALSE,,TRUE,https://www.dcceew.gov.au/sites/default/files/documents/national-risk-scores-h5-bird-flu-native-birds-mammals.pdf,in_progress,https://biodiversity.org.au/afd/taxa/b4c2ec8d-918d-4fb4-8ef9-f6d5d3bbceda,,,,,"The little grassbird (Poodytes gramineus) is a species of Old World warbler in the family Locustellidae. It is found in Australia and in West Papua, Indonesia. These sexually monomorphic birds are found in reed beds, rushes, lignum swamps and salt marshes of Southeastern Australia.
The little grassbird is an inconspicuous and dull-coloured bird that is heard more regularly than it is seen, known for readily engaging in conversation with people. They feed on insects and small arthropods, usually remaining in densely covered areas of vegetation and living nomadically with no regular migration patterns.",Wikipedia (https://en.wikipedia.org/wiki/Poodytes_gramineus),https://images.ala.org.au/store/0/a/0/d/0a0df34f-a1f4-4ff3-9350-e8b2f6421830/thumbnail_large,Atlas of Living Australia (ALA) via https://bie.ala.org.au/species/,,done,
251,poodytes-gramineus-goulburni,Eastern Little Grassbird,Poodytes gramineus goulburni,bird,,,high,,,,,FALSE,,FALSE,,TRUE,https://www.dcceew.gov.au/sites/default/files/documents/national-risk-scores-h5-bird-flu-native-birds-mammals.pdf,in_progress,https://biodiversity.org.au/afd/taxa/14ebcfdb-af07-4225-9662-c0d3fcb475c2,,,,,No summary available on Wikipedia for this species.,Wikipedia (https://en.wikipedia.org/wiki/Poodytes_gramineus_goulburni),,,,done,
252,poodytes-gramineus-gramineus,Tasmanian Little Grassbird,Poodytes gramineus gramineus,bird,,,high,,,,,FALSE,,FALSE,,TRUE,https://www.dcceew.gov.au/sites/default/files/documents/national-risk-scores-h5-bird-flu-native-birds-mammals.pdf,in_progress,https://biodiversity.org.au/afd/taxa/5024e224-9df4-4e1e-9951-85a91be35658,,,,,No summary available on Wikipedia for this species.,Wikipedia (https://en.wikipedia.org/wiki/Poodytes_gramineus_gramineus),,,,done,
253,poodytes-gramineus-thomasi,Western Little Grassbird,Poodytes gramineus thomasi,bird,,,high,,,,,FALSE,,FALSE,,TRUE,https://www.dcceew.gov.au/sites/default/files/documents/national-risk-scores-h5-bird-flu-native-birds-mammals.pdf,in_progress,https://biodiversity.org.au/afd/taxa/60ad4ed6-2ff2-4489-a066-661723a325c5,,,,,No summary available on Wikipedia for this species.,Wikipedia (https://en.wikipedia.org/wiki/Poodytes_gramineus_thomasi),,,,done,
254,cincloramphus-timoriensis,Tawny Grassbird,Cincloramphus timoriensis,bird,,,high,,,,,FALSE,,FALSE,,TRUE,https://www.dcceew.gov.au/sites/default/files/documents/national-risk-scores-h5-bird-flu-native-birds-mammals.pdf,in_progress,https://biodiversity.org.au/afd/taxa/d935c91c-9c33-47bf-ac94-322d131fac27,,,,,"The tawny grassbird (Cincloramphus timoriensis) is a large songbird that is a member of the family Locustellidae commonly found in grassland and reedbed habitats. It is streaked above and has a distinctive rich brown cap. Its underside is paler and it has a long graduated tail. They call often with ""loud, grumpy churring calls and a longer call that starts tick-tick-tick-tick and ends with an explosive descending trill"".
The tawny grassbird has 10 identified sub-species found in Australia, Indonesia, Papua New Guinea and the Philippines.",Wikipedia (https://en.wikipedia.org/wiki/Cincloramphus_timoriensis),https://images.ala.org.au/store/1/1/5/a/115a6749-898a-457c-b8e7-ace2d74daca9/thumbnail_large,Atlas of Living Australia (ALA) via https://bie.ala.org.au/species/,,done,
255,cinclosoma-alisteri,Tawny Grassbird,Cinclosoma alisteri,bird,,,high,,,,,FALSE,,FALSE,,TRUE,https://www.dcceew.gov.au/sites/default/files/documents/national-risk-scores-h5-bird-flu-native-birds-mammals.pdf,in_progress,https://biodiversity.org.au/afd/taxa/71dce8d0-787c-487c-b80c-1f36e0dae59f,,,,,The Nullarbor quail-thrush (Cinclosoma alisteri) is a species of bird in the family Cinclosomatidae. It is the only Australian bird endemic to the Nullarbor Plain in southern Australia.,Wikipedia (https://en.wikipedia.org/wiki/Cinclosoma_alisteri),,,,done,
256,sterna-hirundo,Common Tern,Sterna hirundo,bird,,,high,,,,,FALSE,,FALSE,,TRUE,https://www.dcceew.gov.au/sites/default/files/documents/national-risk-scores-h5-bird-flu-native-birds-mammals.pdf,in_progress,https://biodiversity.org.au/afd/taxa/124b5a02-70b6-4afa-aed6-667574c40b04,,,,,"The common tern (Sterna hirundo) is a seabird in the family Laridae. This bird has a circumpolar distribution, its four subspecies breeding in temperate and subarctic regions of Europe, Asia and North America. It is strongly migratory, wintering in coastal tropical and subtropical regions. Breeding adults have light grey upperparts, white to very light grey underparts, a black cap, orange-red legs, and a narrow pointed bill. Depending on the subspecies, the bill may be mostly red with a black tip or all black. There are several similar species, including the partly sympatric Arctic tern, which can be separated on plumage details, leg and bill colour, or vocalisations.
Breeding in a wider range of habitats than any of its relatives, the common tern nests on any flat, poorly vegetated surface close to water, including beaches and islands, and it readily adapts to artificial substrates such as floating rafts. The nest may be a bare scrape in sand or gravel, but it is often lined or edged with whatever debris is available. Up to three eggs may be laid, their dull colours and blotchy patterns providing camouflage on the open beach. Incubation is by both sexes, and the eggs hatch in around 21–22 days, longer if the colony is disturbed by predators. The downy chicks fledge in 22–28 days. Like most terns, this species feeds by plunge-diving for fish, either in the sea or in freshwater, but molluscs, crustaceans and other invertebrate prey may form a significant part of the diet in some areas.
Eggs and young are vulnerable to predation by mammals such as rats, badgers and American mink, and large birds including gulls, owls and herons. Common terns may be infected by lice, parasitic worms, and mites, although blood parasites appear to be rare. Its large population and huge breeding range mean that this species is classed as being of least concern, although numbers in North America have declined sharply in recent decades. Despite international legislation protecting the common tern, in some areas, populations are threatened by habitat loss, pollution, or the disturbance of breeding colonies.",Wikipedia (https://en.wikipedia.org/wiki/Sterna_hirundo),https://images.ala.org.au/store/2/a/5/4/2a54fd48-4565-4f5c-b52d-bda61aff463e/thumbnail_large,Atlas of Living Australia (ALA) via https://bie.ala.org.au/species/,,done,
257,egretta-sacra,Eastern Reef Egret,Egretta sacra,bird,,,high,,,,,FALSE,,FALSE,,TRUE,https://www.dcceew.gov.au/sites/default/files/documents/national-risk-scores-h5-bird-flu-native-birds-mammals.pdf,in_progress,https://biodiversity.org.au/afd/taxa/c650dca9-69e3-4051-ace8-86444b0ee972,,,,,"The Pacific reef heron (Egretta sacra), also known as the eastern reef heron or eastern reef egret, is a species of heron found throughout southern Asia and Oceania. It occurs in two colour morphs with either slaty grey or pure white plumage. The sexes are similar in appearance.",Wikipedia (https://en.wikipedia.org/wiki/Egretta_sacra),https://images.ala.org.au/store/d/e/3/5/de35e29c-a0bb-40bf-8160-e4e16f2feaba/thumbnail_large,Atlas of Living Australia (ALA) via https://bie.ala.org.au/species/,,done,
258,egretta-sacra-sacra,Common Eastern Reef Egret,Egretta sacra sacra,bird,,,high,,,,,FALSE,,FALSE,,TRUE,https://www.dcceew.gov.au/sites/default/files/documents/national-risk-scores-h5-bird-flu-native-birds-mammals.pdf,in_progress,https://biodiversity.org.au/afd/taxa/812f3c79-1629-4480-8c61-23fd681c044f,,,,,No summary available on Wikipedia for this species.,Wikipedia (https://en.wikipedia.org/wiki/Egretta_sacra_sacra),,,,done,
259,ardea-pacifica,White-necked Heron,Ardea pacifica,bird,,,high,,,,,FALSE,,FALSE,,TRUE,https://www.dcceew.gov.au/sites/default/files/documents/national-risk-scores-h5-bird-flu-native-birds-mammals.pdf,in_progress,https://biodiversity.org.au/afd/taxa/cf8e02dd-2a6e-41dc-b14b-0e446444250a,,,,,"The white-necked heron or Pacific heron (Ardea pacifica) is a species of heron that is found on most of the Australian continent wherever freshwater habitats exist. It is also found in parts of Indonesia and New Guinea, but is uncommon in Tasmania. The populations of this species in Australia are known to be nomadic like most water birds in Australia, moving from one water source to another, often entering habitats they have not previously occupied, taking advantage of flooding and heavy rain where the surplus of food allows them to breed and raise their young. Irruptive movements may occur when environmental conditions are right in places where the species has been rare or absent.",Wikipedia (https://en.wikipedia.org/wiki/Ardea_pacifica),https://images.ala.org.au/store/f/2/e/b/f2eb8431-798c-45bc-9ffb-956f5af76978/thumbnail_large,Atlas of Living Australia (ALA) via https://bie.ala.org.au/species/,,done,
260,irediparra-gallinacea,Comb-crested Jacana,Irediparra gallinacea,bird,,,high,,,,,FALSE,,FALSE,,TRUE,https://www.dcceew.gov.au/sites/default/files/documents/national-risk-scores-h5-bird-flu-native-birds-mammals.pdf,in_progress,https://biodiversity.org.au/afd/taxa/11036a27-7acd-4e65-aaae-6b68fa303606,,,,,"The comb-crested jacana (Irediparra gallinacea), also known as the lotusbird or lilytrotter (though these names are sometimes used to describe Jacanidae as a whole), is the only species of jacana in the genus Irediparra.  Like other jacana species, it is adapted to the floating vegetation of tropical freshwater wetlands.",Wikipedia (https://en.wikipedia.org/wiki/Irediparra_gallinacea),https://images.ala.org.au/store/4/c/3/a/4c3aaf21-c520-4a27-8de7-e46c6848fab4/thumbnail_large,Atlas of Living Australia (ALA) via https://bie.ala.org.au/species/,,done,
261,irediparra-gallinacea-novaehollandiae,Australian Comb-crested Jacana,Irediparra gallinacea novaehollandiae,bird,,,high,,,,,FALSE,,FALSE,,TRUE,https://www.dcceew.gov.au/sites/default/files/documents/national-risk-scores-h5-bird-flu-native-birds-mammals.pdf,in_progress,https://biodiversity.org.au/afd/taxa/f41986f1-5ba3-404c-a1a9-30f817a72923,,,,,No summary available on Wikipedia for this species.,Wikipedia (https://en.wikipedia.org/wiki/Irediparra_gallinacea_novaehollandiae),,,,done,
262,tyto-javanica,Barn Owl,Tyto javanica,bird,,,high,,,,,FALSE,,FALSE,,TRUE,https://www.dcceew.gov.au/sites/default/files/documents/national-risk-scores-h5-bird-flu-native-birds-mammals.pdf,in_progress,https://biodiversity.org.au/afd/taxa/86fb93fd-4551-4b38-9a12-62b6b433729b,,,,,"The Eastern barn owl (Tyto javanica) is usually considered a subspecies group and together with the American barn owl group, the western barn owl group, and sometimes the Andaman masked owl make up the genus Tyto.  The cosmopolitan barn owl is recognized by most taxonomic authorities. A few (including the International Ornithologists' Union) separate them into distinct species, as is done here. The eastern barn owl is native to southeastern Asia, New Zealand, and Australasia.
The eastern barn owl is nocturnal over most of its range, but in some Pacific islands, it also hunts by day. They specialise in hunting animals on the ground, and nearly all of their food consists of small mammals which they locate by sound, their hearing being very acute. They mate for life unless one of the pair is killed, after which a new pair bond may be formed. Breeding takes place at varying times of year according to locality, with a clutch, averaging about four eggs, being laid in a nest in a tree hollow, old building or fissure in a cliff. The female does all the incubation, and she and the young chicks are reliant on the male for food. When large numbers of small prey are readily available, barn owl populations can expand rapidly.
König proposed that Tyto alba delicatula should be split off as a separate species, to be known as the eastern barn owl, which would include the subspecies T. d. sumbaensis, T. d. meeki, T. d. crassirostris and T. d. interposita.",Wikipedia (https://en.wikipedia.org/wiki/Tyto_javanica),https://images.ala.org.au/store/4/c/7/5/4c75e38d-0940-4435-b127-8b107a9ad766/thumbnail_large,Atlas of Living Australia (ALA) via https://bie.ala.org.au/species/,,done,
263,tyto-javanica-delicatula,Barn Owl,Tyto javanica delicatula,bird,,,high,,,,,FALSE,,FALSE,,TRUE,https://www.dcceew.gov.au/sites/default/files/documents/national-risk-scores-h5-bird-flu-native-birds-mammals.pdf,in_progress,https://biodiversity.org.au/afd/taxa/db869bb9-c25b-4c2e-b811-bd27a35b9842,,,,,No summary available on Wikipedia for this species.,Wikipedia (https://en.wikipedia.org/wiki/Tyto_javanica_delicatula),,,,done,
264,tyto-longimembris,Eastern Grass Owl,Tyto longimembris,bird,,,high,,,,,FALSE,,FALSE,,TRUE,https://www.dcceew.gov.au/sites/default/files/documents/national-risk-scores-h5-bird-flu-native-birds-mammals.pdf,in_progress,https://biodiversity.org.au/afd/taxa/272490b7-303d-4550-a4fb-f76c076539cd,,,,,"The eastern grass owl (Tyto longimembris), also known as Chinese grass owl or Australasian grass owl, is a species of owl in the family Tytonidae. They feed predominantly on small rodents.
Though some authorities consider this owl to be conspecific with the African grass owl, T. capensis, other consider it to be a valid species.",Wikipedia (https://en.wikipedia.org/wiki/Tyto_longimembris),https://images.ala.org.au/store/1/7/a/0/17a0b537-d557-46b3-9a66-b2ccff87deb9/thumbnail_large,Atlas of Living Australia (ALA) via https://bie.ala.org.au/species/,,done,
265,tyto-novaehollandiae,Masked Owl,Tyto novaehollandiae,bird,,,high,,,,,FALSE,,FALSE,,TRUE,https://www.dcceew.gov.au/sites/default/files/documents/national-risk-scores-h5-bird-flu-native-birds-mammals.pdf,in_progress,https://biodiversity.org.au/afd/taxa/f1c0ca04-8d30-40f4-ab25-103c74f430d2,,,,,"The Australian masked owl (Tyto novaehollandiae), also the Australasian masked owl or simply the masked owl, especially in Australia,  is a barn owl of Southern New Guinea and the non-desert areas of Australia.",Wikipedia (https://en.wikipedia.org/wiki/Tyto_novaehollandiae),https://images.ala.org.au/store/3/1/1/4/311472cf-842e-4fe9-b7d4-c2c49d6f5223/thumbnail_large,Atlas of Living Australia (ALA) via https://bie.ala.org.au/species/,,done,
266,tyto-novaehollandiae-galei,Masked Owl,Tyto novaehollandiae galei,bird,,,high,,,,,FALSE,,FALSE,,TRUE,https://www.dcceew.gov.au/sites/default/files/documents/national-risk-scores-h5-bird-flu-native-birds-mammals.pdf,in_progress,https://biodiversity.org.au/afd/taxa/b2c98f08-9071-4e10-844f-365720655c25,,,,,No summary available on Wikipedia for this species.,Wikipedia (https://en.wikipedia.org/wiki/Tyto_novaehollandiae_galei),,,,done,
267,tyto-novaehollandiae-novaehollandiae,Southern Masked Owl,Tyto novaehollandiae novaehollandiae,bird,,,high,,,,,FALSE,,FALSE,,TRUE,https://www.dcceew.gov.au/sites/default/files/documents/national-risk-scores-h5-bird-flu-native-birds-mammals.pdf,in_progress,https://biodiversity.org.au/afd/taxa/44488be2-0962-4887-a05f-03cd18fa41f9,,,,,No summary available on Wikipedia for this species.,Wikipedia (https://en.wikipedia.org/wiki/Tyto_novaehollandiae_novaehollandiae),,,,done,
268,alectura-lathami,Australian Brush-turkey,Alectura lathami,bird,,,high,,,,,FALSE,,FALSE,,TRUE,https://www.dcceew.gov.au/sites/default/files/documents/national-risk-scores-h5-bird-flu-native-birds-mammals.pdf,in_progress,https://biodiversity.org.au/afd/taxa/3c6fe522-90df-4447-ab21-1dd086461abc,,,,,"The Australian brushturkey, Australian brush-turkey, or gweela (Alectura lathami), also commonly called the bush turkey, scrub turkey, or just brushturkey, is a large mound-building bird of the family Megapodiidae. It is found in eastern Australia, ranging from Far North Queensland to the south coast of New South Wales, and has also been introduced to Kangaroo Island in South Australia. It is the largest living member of the Megapodiidae and one of three species native to Australia.
Despite its name and superficial resemblance to other birds, the Australian brushturkey is not closely related to the American turkey or the Australian bustard (which is also known locally as the bush turkey in central Australia). Its closest relatives are the wattled brushturkey, Waigeo brushturkey, and malleefowl.",Wikipedia (https://en.wikipedia.org/wiki/Alectura_lathami),https://images.ala.org.au/store/0/e/6/3/0e6373ec-8b99-428a-bad1-3551756ff861/thumbnail_large,Atlas of Living Australia (ALA) via https://bie.ala.org.au/species/,,done,
269,alectura-lathami-lathami,Southern Australian Brush-turkey,Alectura lathami lathami,bird,,,high,,,,,FALSE,,FALSE,,TRUE,https://www.dcceew.gov.au/sites/default/files/documents/national-risk-scores-h5-bird-flu-native-birds-mammals.pdf,in_progress,https://biodiversity.org.au/afd/taxa/17e5f70a-bc29-4e11-8f74-ad6b2f8ab7e2,,,,,No summary available on Wikipedia for this species.,Wikipedia (https://en.wikipedia.org/wiki/Alectura_lathami_lathami),https://images.ala.org.au/store/9/6/6/d/966d057f-2724-45bd-9f18-13f961ee85b8/thumbnail_large,Atlas of Living Australia (ALA) via https://bie.ala.org.au/species/,,done,
270,megapodius-reinwardt,Orange-footed Scrubfowl,Megapodius reinwardt,bird,,,high,,,,,FALSE,,FALSE,,TRUE,https://www.dcceew.gov.au/sites/default/files/documents/national-risk-scores-h5-bird-flu-native-birds-mammals.pdf,in_progress,https://biodiversity.org.au/afd/taxa/75d5ffae-c699-47b0-9625-ec976d04d7ca,,,,,"The orange-footed scrubfowl (Megapodius reinwardt), also known as orange-footed megapode or just scrubfowl, is a small megapode of the family Megapodiidae native to many islands in the Lesser Sunda Islands as well as southern New Guinea and northern Australia.",Wikipedia (https://en.wikipedia.org/wiki/Megapodius_reinwardt),,,,done,
271,megapodius-reinwardt-castanonotus,Southern Queensland Orange-footed Scrubfowl,Megapodius reinwardt castanonotus,bird,,,high,,,,,FALSE,,FALSE,,TRUE,https://www.dcceew.gov.au/sites/default/files/documents/national-risk-scores-h5-bird-flu-native-birds-mammals.pdf,in_progress,https://biodiversity.org.au/afd/taxa/ffd5cdfd-4a7c-4cec-9a9a-ba153bb297d6,,,,,No summary available on Wikipedia for this species.,Wikipedia (https://en.wikipedia.org/wiki/Megapodius_reinwardt_castanonotus),,,,done,
272,megapodius-reinwardt-tumulus,Western Orange-footed Scrubfowl,Megapodius reinwardt tumulus,bird,,,high,,,,,FALSE,,FALSE,,TRUE,https://www.dcceew.gov.au/sites/default/files/documents/national-risk-scores-h5-bird-flu-native-birds-mammals.pdf,in_progress,https://biodiversity.org.au/afd/taxa/7224511f-f6bb-45f3-8918-8286f2a7ed3e,,,,,No summary available on Wikipedia for this species.,Wikipedia (https://en.wikipedia.org/wiki/Megapodius_reinwardt_tumulus),,,,done,
273,megapodius-reinwardt-yorki,Cape York Orange-footed Scrubfowl,Megapodius reinwardt yorki,bird,,,high,,,,,FALSE,,FALSE,,TRUE,https://www.dcceew.gov.au/sites/default/files/documents/national-risk-scores-h5-bird-flu-native-birds-mammals.pdf,in_progress,https://biodiversity.org.au/afd/taxa/51118e06-a6af-4773-9577-4d278e42def6,,,,,No summary available on Wikipedia for this species.,Wikipedia (https://en.wikipedia.org/wiki/Megapodius_reinwardt_yorki),,,,done,
274,ducula-spilorrhoa,Torresian Imperial-Pigeon,Ducula spilorrhoa,bird,,,high,,,,,FALSE,,FALSE,,TRUE,https://www.dcceew.gov.au/sites/default/files/documents/national-risk-scores-h5-bird-flu-native-birds-mammals.pdf,not_started,,,,,,,,,,,done,
275,charadrius-bicinctus-bicinctus,New Zealand Double-banded Plover,Charadrius bicinctus bicinctus,bird,,,high,,,,,FALSE,,FALSE,,TRUE,https://www.dcceew.gov.au/sites/default/files/documents/national-risk-scores-h5-bird-flu-native-birds-mammals.pdf,in_progress,https://biodiversity.org.au/afd/taxa/391d9df2-001e-4237-9f80-7363c84f43c3,,,,,"The double-banded plover (Anarhynchus bicinctus), known as the banded dotterel or pohowera in New Zealand, is a species of bird in the plover family. Two subspecies are recognised: the nominate Anarhynchus bicinctus bicinctus, which breeds throughout New Zealand, including the Chatham Islands, and A. b. exilis, which breeds in New Zealand's subantarctic Auckland Islands.",Wikipedia (https://en.wikipedia.org/wiki/Charadrius_bicinctus_bicinctus),,,,done,
276,charadrius-leschenaultii-leschenaultii,Mongolian Greater Sand Plover,Charadrius leschenaultii leschenaultii,bird,,,high,,,,,FALSE,,FALSE,,TRUE,https://www.dcceew.gov.au/sites/default/files/documents/national-risk-scores-h5-bird-flu-native-birds-mammals.pdf,in_progress,https://biodiversity.org.au/afd/taxa/dced77e3-0137-4bb4-a4d3-bc95ac71e81b,,,,,No summary available on Wikipedia for this species.,Wikipedia (https://en.wikipedia.org/wiki/Charadrius_leschenaultii_leschenaultii),,,,done,
277,pluvialis-squatarola-squatarola,Eastern Grey Plover,Pluvialis squatarola squatarola,bird,,,high,,,,,FALSE,,FALSE,,TRUE,https://www.dcceew.gov.au/sites/default/files/documents/national-risk-scores-h5-bird-flu-native-birds-mammals.pdf,in_progress,https://biodiversity.org.au/afd/taxa/d915c1ed-f201-469e-a0de-98bccb39d42a,,,,,No summary available on Wikipedia for this species.,Wikipedia (https://en.wikipedia.org/wiki/Pluvialis_squatarola_squatarola),,,,done,
278,charadrius-mongolus-mongolus,Mongolian Lesser Sand Plover,Charadrius mongolus mongolus,bird,,,high,,,,,FALSE,,FALSE,,TRUE,https://www.dcceew.gov.au/sites/default/files/documents/national-risk-scores-h5-bird-flu-native-birds-mammals.pdf,in_progress,https://biodiversity.org.au/afd/taxa/bc2f1f65-2844-4e3c-a07e-b60717967b78,,,,,No summary available on Wikipedia for this species.,Wikipedia (https://en.wikipedia.org/wiki/Charadrius_mongolus_mongolus),,,,done,
279,charadrius-mongolus-stegmanni,Kamchatkan Lesser Sand Plover,Charadrius mongolus stegmanni,bird,,,high,,,,,FALSE,,FALSE,,TRUE,https://www.dcceew.gov.au/sites/default/files/documents/national-risk-scores-h5-bird-flu-native-birds-mammals.pdf,in_progress,https://biodiversity.org.au/afd/taxa/cd9aaa61-673f-401c-a01f-235c434da1a2,,,,,No summary available on Wikipedia for this species.,Wikipedia (https://en.wikipedia.org/wiki/Charadrius_mongolus_stegmanni),,,,done,
280,acrocephalus-australis,Australian Reed-Warbler,Acrocephalus australis,bird,,,high,,,,,FALSE,,FALSE,,TRUE,https://www.dcceew.gov.au/sites/default/files/documents/national-risk-scores-h5-bird-flu-native-birds-mammals.pdf,in_progress,https://biodiversity.org.au/afd/taxa/51829a26-3d88-4238-be5b-354de5174292,,,,,"The Australian reed warbler (Acrocephalus australis) is an Old World warbler in the genus Acrocephalus and is the only Acrocephalus species native to Australia.  It has also been observed in Papua New Guinea and nearby islands. The name Acrocephalus refers to the peaked crown found on reed warblers in this genus and can be translated to mean ""topmost head"" in Greek. The species name australis is translated to mean ""southern"" in Latin, and refers to the species range, Australia. In its western range the Australian reed warbler is also known as ""Koordjikotji"" (pronounced core'chee'caw'chee) in the local Aboriginal language of Perth and its surrounds.",Wikipedia (https://en.wikipedia.org/wiki/Acrocephalus_australis),https://images.ala.org.au/store/4/6/b/5/46b5c07e-9613-4e02-b068-7610ad7863c7/thumbnail_large,Atlas of Living Australia (ALA) via https://bie.ala.org.au/species/,,done,
281,acrocephalus-australis-australis,Eastern Australian Reed-Warbler,Acrocephalus australis australis,bird,,,high,,,,,FALSE,,FALSE,,TRUE,https://www.dcceew.gov.au/sites/default/files/documents/national-risk-scores-h5-bird-flu-native-birds-mammals.pdf,in_progress,https://biodiversity.org.au/afd/taxa/7275f161-6887-4909-9f5f-244b08c50e87,,,,,No summary available on Wikipedia for this species.,Wikipedia (https://en.wikipedia.org/wiki/Acrocephalus_australis_australis),,,,done,
282,acrocephalus-australis-gouldi,Western Australian Reed-Warbler,Acrocephalus australis gouldi,bird,,,high,,,,,FALSE,,FALSE,,TRUE,https://www.dcceew.gov.au/sites/default/files/documents/national-risk-scores-h5-bird-flu-native-birds-mammals.pdf,in_progress,https://biodiversity.org.au/afd/taxa/e3556250-67d9-4e6b-8a08-abbb326c7f56,,,,,No summary available on Wikipedia for this species.,Wikipedia (https://en.wikipedia.org/wiki/Acrocephalus_australis_gouldi),,,,done,
283,stercorarius-parasiticus,Arctic Jaeger,Stercorarius parasiticus,bird,,,high,,,,,FALSE,,FALSE,,TRUE,https://www.dcceew.gov.au/sites/default/files/documents/national-risk-scores-h5-bird-flu-native-birds-mammals.pdf,in_progress,https://biodiversity.org.au/afd/taxa/af4aa046-93bb-40b9-9114-71bbe1225eb5,,,,,"The parasitic jaeger or arctic skua (Stercorarius parasiticus), also known as the parasitic skua or arctic jaeger, is a seabird in the skua family Stercorariidae. It is a migratory species breeding in Northern Fennoscandia, Scotland, Iceland, Greenland, Northern Canada, Alaska, and Siberia and wintering across the southern hemisphere. Kleptoparasitism is a major source of food for this species during migration and winter, and is where the name is derived from.",Wikipedia (https://en.wikipedia.org/wiki/Stercorarius_parasiticus),https://images.ala.org.au/store/1/b/5/5/1b55d5e4-9110-4738-becd-12ee35a17bc0/thumbnail_large,Atlas of Living Australia (ALA) via https://bie.ala.org.au/species/,,done,
284,stercorarius-longicaudus,Long-tailed Jaeger,Stercorarius longicaudus,bird,,,high,,,,,FALSE,,FALSE,,TRUE,https://www.dcceew.gov.au/sites/default/files/documents/national-risk-scores-h5-bird-flu-native-birds-mammals.pdf,in_progress,https://biodiversity.org.au/afd/taxa/1df1b514-4e2d-45d7-b53d-146e265dc060,,,,,The long-tailed jaeger or long-tailed skua (Stercorarius longicaudus) is a seabird in the skua family Stercorariidae.,Wikipedia (https://en.wikipedia.org/wiki/Stercorarius_longicaudus),https://images.ala.org.au/store/1/8/b/9/18b95f6b-416f-4be3-b88b-68825dc3877f/thumbnail_large,Atlas of Living Australia (ALA) via https://bie.ala.org.au/species/,,done,
285,stercorarius-longicaudus-pallescens,Long-tailed Jaeger,Stercorarius longicaudus pallescens,bird,,,high,,,,,FALSE,,FALSE,,TRUE,https://www.dcceew.gov.au/sites/default/files/documents/national-risk-scores-h5-bird-flu-native-birds-mammals.pdf,in_progress,https://biodiversity.org.au/afd/taxa/06c4e4e0-bace-4b5c-8e75-3617f3affa39,,,,,No summary available on Wikipedia for this species.,Wikipedia (https://en.wikipedia.org/wiki/Stercorarius_longicaudus_pallescens),,,,done,
286,stercorarius-maccormicki,Long-tailed Jaeger,Stercorarius maccormicki,bird,,,high,,,,,FALSE,,FALSE,,TRUE,https://www.dcceew.gov.au/sites/default/files/documents/national-risk-scores-h5-bird-flu-native-birds-mammals.pdf,in_progress,https://biodiversity.org.au/afd/taxa/3320809b-5761-46db-8d60-e66586d98f8d,,,,,"The south polar skua (Stercorarius maccormicki) is a large seabird in the skua family, Stercorariidae. An older name for the bird is MacCormick's skua, after explorer and naval surgeon Robert McCormick, who first collected the type specimen. This species and the other large skuas, such as the great skua, are sometimes placed in a separate genus Catharacta.",Wikipedia (https://en.wikipedia.org/wiki/Stercorarius_maccormicki),https://images.ala.org.au/store/0/a/a/a/0aaa4027-bd11-449d-80db-c5e6839d311e/thumbnail_large,Atlas of Living Australia (ALA) via https://bie.ala.org.au/species/,,done,
287,stercorarius-pomarinus,Pomarine Jaeger,Stercorarius pomarinus,bird,,,high,,,,,FALSE,,FALSE,,TRUE,https://www.dcceew.gov.au/sites/default/files/documents/national-risk-scores-h5-bird-flu-native-birds-mammals.pdf,in_progress,https://biodiversity.org.au/afd/taxa/7980ad72-2f32-4d71-9d39-b8423c18d0f3,,,,,"The pomarine jaeger (Stercorarius pomarinus), pomarine skua, or pomatorhine skua, is a seabird in the skua family Stercorariidae. It is a migrant, wintering at sea in the tropical oceans.",Wikipedia (https://en.wikipedia.org/wiki/Stercorarius_pomarinus),https://images.ala.org.au/store/a/8/2/e/a82ef995-0e7e-4bcb-a30a-8ab5f3996ae3/thumbnail_large,Atlas of Living Australia (ALA) via https://bie.ala.org.au/species/,,done,
288,fringilla-coelebs-gengleri,European Common Chaffinch,Fringilla coelebs gengleri,bird,,,high,,,,,FALSE,,FALSE,,TRUE,https://www.dcceew.gov.au/sites/default/files/documents/national-risk-scores-h5-bird-flu-native-birds-mammals.pdf,in_progress,https://biodiversity.org.au/afd/taxa/bf195293-0ce9-4432-b7ea-a581a64d4d77,,,,,No summary available on Wikipedia for this species.,Wikipedia (https://en.wikipedia.org/wiki/Fringilla_coelebs_gengleri),,,,done,
289,oceanites-oceanicus-exasperatus,Antarctic Wilson's Storm-Petrel,Oceanites oceanicus exasperatus,bird,,,high,,,,,FALSE,,FALSE,,TRUE,https://www.dcceew.gov.au/sites/default/files/documents/national-risk-scores-h5-bird-flu-native-birds-mammals.pdf,in_progress,https://biodiversity.org.au/afd/taxa/a33d43d9-d464-41fc-bf9c-e96284da60c0,,,,,No summary available on Wikipedia for this species.,Wikipedia (https://en.wikipedia.org/wiki/Oceanites_oceanicus_exasperatus),,,,done,
290,oceanites-oceanicus-oceanicus,Subantarctic Wilson's Storm-Petrel,Oceanites oceanicus oceanicus,bird,,,high,,,,,FALSE,,FALSE,,TRUE,https://www.dcceew.gov.au/sites/default/files/documents/national-risk-scores-h5-bird-flu-native-birds-mammals.pdf,in_progress,https://biodiversity.org.au/afd/taxa/9a484bbc-ef0e-47a8-ab94-e8c5f66631c7,,,,,No summary available on Wikipedia for this species.,Wikipedia (https://en.wikipedia.org/wiki/Oceanites_oceanicus_oceanicus),,,,done,
291,ephippiorhynchus-asiaticus-australis,Torresian Black-necked Stork,Ephippiorhynchus asiaticus australis,bird,,,high,,,,,FALSE,,FALSE,,TRUE,https://www.dcceew.gov.au/sites/default/files/documents/national-risk-scores-h5-bird-flu-native-birds-mammals.pdf,in_progress,https://biodiversity.org.au/afd/taxa/a367906b-5fdd-4310-b611-6e59626dab0e,,,,,No summary available on Wikipedia for this species.,Wikipedia (https://en.wikipedia.org/wiki/Ephippiorhynchus_asiaticus_australis),,,,done,
292,phaethon-rubricauda-roseotinctus,Pacific Red-tailed Tropicbird,Phaethon rubricauda roseotinctus,bird,,,high,,,,,FALSE,,FALSE,,TRUE,https://www.dcceew.gov.au/sites/default/files/documents/national-risk-scores-h5-bird-flu-native-birds-mammals.pdf,in_progress,https://biodiversity.org.au/afd/taxa/1ab4535e-358d-4e06-ad72-15b787d03285,,,,,No summary available on Wikipedia for this species.,Wikipedia (https://en.wikipedia.org/wiki/Phaethon_rubricauda_roseotinctus),,,,done,
293,phaethon-lepturus-dorotheae,Pacific White-tailed Tropicbird,Phaethon lepturus dorotheae,bird,,,high,,,,,FALSE,,FALSE,,TRUE,https://www.dcceew.gov.au/sites/default/files/documents/national-risk-scores-h5-bird-flu-native-birds-mammals.pdf,in_progress,https://biodiversity.org.au/afd/taxa/aae503b4-a513-4dd4-a925-3a66c1791c0b,,,,,No summary available on Wikipedia for this species.,Wikipedia (https://en.wikipedia.org/wiki/Phaethon_lepturus_dorotheae),,,,done,
294,strepera-graculina,Pied Currawong,Strepera graculina,bird,,,high,,,,,FALSE,,FALSE,,TRUE,https://www.dcceew.gov.au/sites/default/files/documents/national-risk-scores-h5-bird-flu-native-birds-mammals.pdf,in_progress,https://biodiversity.org.au/afd/taxa/eb315a61-418b-4a12-bc98-9096fe17bde9,,,,,"The pied currawong (Strepera graculina) is a black passerine bird native to eastern Australia and Lord Howe Island. One of three currawong species in the genus Strepera, it is closely related to the butcherbirds and Australian magpie of the family Artamidae. Six subspecies are recognised. It is a robust crowlike bird averaging around 48 cm (19 in) in length, black or sooty grey-black in plumage with white undertail and wing patches, yellow irises, and a heavy bill. The male and female are similar in appearance. Known for its melodious calls, the species' name currawong is believed to be of indigenous origin.
Within its range, the pied currawong is generally sedentary, although populations at higher altitudes relocate to lower areas during the cooler months. It is omnivorous, with a diet that includes a wide variety of berries and seeds, invertebrates, bird eggs, juvenile birds and young marsupials. It is a predator which has adapted well to urbanisation and can be found in parks and gardens as well as rural woodland. The habitat includes every kind of forested area, although mature forests are preferred for breeding. Roosting, nesting and the bulk of foraging take place in trees, in contrast with the ground-foraging behaviour of its relative, the Australian magpie.",Wikipedia (https://en.wikipedia.org/wiki/Strepera_graculina),https://images.ala.org.au/store/b/5/e/d/b5edf902-bb5d-4e72-9ca4-2750233b1548/thumbnail_large,Atlas of Living Australia (ALA) via https://bie.ala.org.au/species/,,done,
295,strepera-graculina-ashbyi,Western Pied Currawong,Strepera graculina ashbyi,bird,,,high,,,,,FALSE,,FALSE,,TRUE,https://www.dcceew.gov.au/sites/default/files/documents/national-risk-scores-h5-bird-flu-native-birds-mammals.pdf,in_progress,https://biodiversity.org.au/afd/taxa/5f7610ce-8292-4dda-b3f8-f261da85f336,,,,,No summary available on Wikipedia for this species.,Wikipedia (https://en.wikipedia.org/wiki/Strepera_graculina_ashbyi),,,,done,
296,strepera-graculina-graculina,Pied Currawong,Strepera graculina graculina,bird,,,high,,,,,FALSE,,FALSE,,TRUE,https://www.dcceew.gov.au/sites/default/files/documents/national-risk-scores-h5-bird-flu-native-birds-mammals.pdf,in_progress,https://biodiversity.org.au/afd/taxa/62997f42-4870-4ea0-9658-cd8d2221357b,,,,,No summary available on Wikipedia for this species.,Wikipedia (https://en.wikipedia.org/wiki/Strepera_graculina_graculina),,,,done,
297,strepera-graculina-magnirostris,Cape York Pied Currawong,Strepera graculina magnirostris,bird,,,high,,,,,FALSE,,FALSE,,TRUE,https://www.dcceew.gov.au/sites/default/files/documents/national-risk-scores-h5-bird-flu-native-birds-mammals.pdf,in_progress,https://biodiversity.org.au/afd/taxa/3a872978-0993-46ed-8935-1532d51a7191,,,,,No summary available on Wikipedia for this species.,Wikipedia (https://en.wikipedia.org/wiki/Strepera_graculina_magnirostris),,,,done,
298,strepera-graculina-nebulosa,South-eastern Pied Currawong,Strepera graculina nebulosa,bird,,,high,,,,,FALSE,,FALSE,,TRUE,https://www.dcceew.gov.au/sites/default/files/documents/national-risk-scores-h5-bird-flu-native-birds-mammals.pdf,in_progress,https://biodiversity.org.au/afd/taxa/944bddd1-787d-41dc-b9df-9b765c589d5c,,,,,No summary available on Wikipedia for this species.,Wikipedia (https://en.wikipedia.org/wiki/Strepera_graculina_nebulosa),,,,done,
299,balaenoptera-edeni,Bryde's Whale,Balaenoptera edeni,mammal,,,high,,,,,FALSE,,FALSE,,TRUE,https://www.dcceew.gov.au/sites/default/files/documents/national-risk-scores-h5-bird-flu-native-birds-mammals.pdf,in_progress,https://biodiversity.org.au/afd/taxa/2f3ea648-36e2-4e5b-8d30-b6272a7efce4,,,,,"Bryde's whale  ( BRUU-dəz), or the Bryde's whale complex, putatively comprises three species of rorqual and possibly four. The ""complex"" means the number and classification remain unclear because of a lack of definitive information and research. The common Bryde's whale (Balaenoptera brydei, Olsen, 1913) is a larger form that occurs worldwide in warm temperate and tropical waters, and the Sittang or Eden's whale (Balaenoptera edeni, Anderson, 1879) is a smaller form that may be restricted to the Indo-Pacific. Also, a smaller, coastal form of B. brydei is found off southern Africa, and perhaps another form in the Indo-Pacific differs in skull morphology, tentatively referred to as the Indo-Pacific Bryde's whale. The recently described Omura's whale (B. omurai, Wada et al. 2003), was formerly thought to be a pygmy form of Bryde's, but is now recognized as a distinct species. Rice's whale (B. ricei), which makes its home solely in the Gulf of Mexico, was once considered a distinct population of Bryde's whale, but in 2021 it was described as a separate species.
B. brydei gets its specific and common name from Johan Bryde, Norwegian consul to South Africa, who helped establish the first modern whaling station in the country, while B. edeni gets its specific and common names from Sir Ashley Eden, former High Commissioner of Burma (Myanmar). Sittang whale refers to the type locality of the species.",Wikipedia (https://en.wikipedia.org/wiki/Balaenoptera_edeni),https://images.ala.org.au/store/c/5/7/7/c5770ba6-1d25-429a-a8ec-28b3418d3b24/thumbnail_large,Atlas of Living Australia (ALA) via https://bie.ala.org.au/species/,,done,
300,megaptera-novaeangliae,Humpback Whale,Megaptera novaeangliae,mammal,,,high,,,,,FALSE,,FALSE,,TRUE,https://www.dcceew.gov.au/sites/default/files/documents/national-risk-scores-h5-bird-flu-native-birds-mammals.pdf,in_progress,https://biodiversity.org.au/afd/taxa/5295f399-684a-47b9-95b8-ebc35119e338,,,,,"The humpback whale (Megaptera novaeangliae) is a species of baleen whale. It is a rorqual (a member of the family Balaenopteridae) and is the only species in the genus Megaptera. Adults range in length from 14–17 m (46–56 ft) and weigh up to 40 metric tons (44 short tons). The humpback has a distinctive body shape, with long pectoral fins and tubercles on its head. It is known for breaching and other distinctive surface behaviors, making it popular with whale watchers. Males produce a complex song that typically lasts from 4 to 33 minutes.
Found in oceans and seas around the world, humpback whales typically migrate between feeding areas towards the poles and breeding areas near the equator. Their diet consists mostly of krill and small fish, and they usually use bubbles to catch prey. They are polygynandrous breeders, with both sexes having multiple partners. Males will follow females and fight off rivals. Mothers give birth to calves in shallower water. Orcas are the main natural predators of humpback whales. The bodies of humpbacks host barnacles and whale lice.
Like other large whales, the humpback was a target for the whaling industry. Humans once hunted the species to the brink of extinction: its population fell to around 5,000 by the 1960s. Numbers have partially recovered to some 135,000 animals worldwide, but entanglement in fishing gear, collisions with ships, and noise pollution continue to affect the species.",Wikipedia (https://en.wikipedia.org/wiki/Megaptera_novaeangliae),https://images.ala.org.au/store/a/6/c/2/a6c2ebeb-6444-49c4-bd46-0460c0b5b0d2/thumbnail_large,Atlas of Living Australia (ALA) via https://bie.ala.org.au/species/,,done,
301,caperea-marginata,Pygmy Right Whale,Caperea marginata,mammal,,,high,,,,,FALSE,,FALSE,,TRUE,https://www.dcceew.gov.au/sites/default/files/documents/national-risk-scores-h5-bird-flu-native-birds-mammals.pdf,in_progress,https://biodiversity.org.au/afd/taxa/4d92cf23-f867-4815-b28e-4f5a8f2827e0,,,,,"The pygmy right whale (Caperea marginata) is a species of baleen whale. It may be a member of the cetotheres,  a family of baleen whales which until 2012 were thought to be extinct; C. marginata has otherwise been considered the sole member of the family Neobalaenidae and is the only member of the genus Caperea. First described by John Edward Gray in 1846, it is the smallest of the baleen whales, ranging between 6 and 6.5 metres (20 and 21 ft) in length and 3,000 and 3,500 kilograms (6,610 and 7,720 lb) in mass. Despite its name, the pygmy right whale may have more in common with the gray whale and rorquals than the bowhead and right whales.
The pygmy right whale is found in temperate waters of the Southern Hemisphere, and feeds on copepods and euphausiids. Little is known about its population or social habits. Unlike most other baleen whales, it has rarely been subject to exploitation.",Wikipedia (https://en.wikipedia.org/wiki/Caperea_marginata),https://images.ala.org.au/store/0/4/8/d/048dab0a-0ad8-403d-91d6-2a33fb07a500/thumbnail_large,Atlas of Living Australia (ALA) via https://bie.ala.org.au/species/,,done,
302,stiltia-isabella,Australian Pratincole,Stiltia isabella,bird,,,high,,,,,FALSE,,FALSE,,TRUE,https://www.dcceew.gov.au/sites/default/files/documents/national-risk-scores-h5-bird-flu-native-birds-mammals.pdf,in_progress,https://biodiversity.org.au/afd/taxa/2a9e3b87-7cc1-43fb-b236-bcc112da1dca,,,,,"The Australian pratincole (Glareola isabella) is a species of bird in the family Glareolidae. It breeds in Australia's interior and winters in northern and eastern parts of the continent, Indonesia and New Guinea. It is a medium-sized nomadic shorebird but is commonly found in arid inland Australia. It breeds predominantly from south-western Queensland to northern Victoria, and through central Australia to the Kimberley region in Western Australia. The Australian population is estimated at 60,000 individuals.
They are a migratory species that generally move to the southern parts of their distribution range to breed during spring and summer. During winter they migrate to northern Australia, New Guinea, Java, Sulawesi and southern Borneo. Although they are common, their occurrence is unpredictable and varies in location.",Wikipedia (https://en.wikipedia.org/wiki/Stiltia_isabella),https://images.ala.org.au/store/d/4/b/5/d4b5654d-88a3-4f09-864e-ae1580ff740d/thumbnail_large,Atlas of Living Australia (ALA) via https://bie.ala.org.au/species/,,done,
303,glareola-maldivarum,Oriental Pratincole,Glareola maldivarum,bird,,,high,,,,,FALSE,,FALSE,,TRUE,https://www.dcceew.gov.au/sites/default/files/documents/national-risk-scores-h5-bird-flu-native-birds-mammals.pdf,in_progress,https://biodiversity.org.au/afd/taxa/1265b13a-52b4-462f-8b28-0575df7ff68d,,,,,"The oriental pratincole (Glareola maldivarum), also known as the grasshopper-bird or swallow-plover, is a wader in the pratincole family, Glareolidae.",Wikipedia (https://en.wikipedia.org/wiki/Glareola_maldivarum),https://images.ala.org.au/store/1/a/b/7/1ab7e1a9-b95c-4ce4-9230-8c4719dc4f4d/thumbnail_large,Atlas of Living Australia (ALA) via https://bie.ala.org.au/species/,,done,
304,himantopus-himantopus,Little Eagle,Himantopus himantopus,bird,,,high,,,,,FALSE,,FALSE,,TRUE,https://www.dcceew.gov.au/sites/default/files/documents/national-risk-scores-h5-bird-flu-native-birds-mammals.pdf,in_progress,https://biodiversity.org.au/afd/taxa/ae8ff359-0981-4618-86a8-e64fb63b7adc,,,,,"The black-winged stilt (Himantopus himantopus) is a widely distributed, very long-legged wader in the avocet and stilt family Recurvirostridae. Its scientific name, Himantopus himantopus, is sometimes used to generalize a single, almost cosmopolitan species. Alternatively, it is restricted to the form that is widespread in Europe, Asia and Africa, which equals the nominate group of H. himantopus sensu lato. Meanwhile, the black-necked (H. mexicanus) and white-backed stilts (H. melanurus) both inhabit the Americas; the pied stilt (H. leucocephalus) ranges from Australia and New Zealand. Today, most sources accept between one and four actual species.",Wikipedia (https://en.wikipedia.org/wiki/Himantopus_himantopus),https://images.ala.org.au/store/8/2/9/0/8290ad84-5e99-4fbf-b660-5999671d4edd/thumbnail_large,Atlas of Living Australia (ALA) via https://bie.ala.org.au/species/,,done,
305,charadrius-veredus,Oriental Plover,Charadrius veredus,bird,,,high,,,,,FALSE,,FALSE,,TRUE,https://www.dcceew.gov.au/sites/default/files/documents/national-risk-scores-h5-bird-flu-native-birds-mammals.pdf,in_progress,https://biodiversity.org.au/afd/taxa/c1940e5e-17d9-48c2-a299-699030b50295,,,,,"The oriental plover (Anarhynchus veredus), also known as the oriental dotterel, is a medium-sized plover closely related to the Caspian plover. It breeds in parts of Mongolia and China, migrating southwards each year to spend its non-breeding season in Indonesia, New Guinea and northern Australia.",Wikipedia (https://en.wikipedia.org/wiki/Charadrius_veredus),,,,done,
306,charadrius-bicinctus,Double-banded Plover,Charadrius bicinctus,bird,,,high,,,,,FALSE,,FALSE,,TRUE,https://www.dcceew.gov.au/sites/default/files/documents/national-risk-scores-h5-bird-flu-native-birds-mammals.pdf,in_progress,https://biodiversity.org.au/afd/taxa/7357e364-9460-4b81-b720-7a29bf11c86d,,,,,"The double-banded plover (Anarhynchus bicinctus), known as the banded dotterel or pohowera in New Zealand, is a species of bird in the plover family. Two subspecies are recognised: the nominate Anarhynchus bicinctus bicinctus, which breeds throughout New Zealand, including the Chatham Islands, and A. b. exilis, which breeds in New Zealand's subantarctic Auckland Islands.",Wikipedia (https://en.wikipedia.org/wiki/Charadrius_bicinctus),,,,done,
307,haliaeetus-leucogaster,White-bellied Sea-Eagle,Haliaeetus leucogaster,bird,,,high,,,,,FALSE,,FALSE,,TRUE,https://www.dcceew.gov.au/sites/default/files/documents/national-risk-scores-h5-bird-flu-native-birds-mammals.pdf,in_progress,https://biodiversity.org.au/afd/taxa/f3423841-5fe6-4d43-bc41-0fb7251550bf,,,,,"The white-bellied sea eagle (Icthyophaga leucogaster), also known as the white-breasted sea eagle, is a large diurnal bird of prey in the family Accipitridae. Originally described by Johann Friedrich Gmelin in 1788, it is closely related to Sanford's sea eagle of the Solomon Islands, and the two are considered a superspecies. A distinctive bird, the adult white-bellied sea eagle has a white head, breast, under-wing coverts and tail. The upper parts are grey and the black under-wing flight feathers contrast with the white coverts. The tail is short and wedge-shaped as in all Haliaeetinae species. Like many raptors, the female is larger than the male, and can measure up to 90 cm (35 in) long with a wingspan of up to 2.2 m (7.2 ft), and weigh 4.5 kg (9.9 lb). Immature birds have brown plumage, which is gradually replaced by white until the age of five or six years. The call is a loud goose-like honking.
Resident from India and Sri Lanka through Southeast Asia to Australia on coasts and major waterways, the white-bellied sea eagle breeds and hunts near water, and fish form around half of its diet. Opportunistic, it consumes carrion and a wide variety of animals. Although rated as Least Concern globally, it has declined in parts of southeast Asia such as Thailand, and southeastern Australia. It is ranked as Threatened in Victoria and Vulnerable in South Australia and Tasmania. Human disturbance to its habitat is the main threat, both from direct human activity near nests which impacts on breeding success, and from removal of suitable trees for nesting. The white-bellied sea eagle is revered by indigenous people in many parts of Australia, and is the subject of various folk tales throughout its range.",Wikipedia (https://en.wikipedia.org/wiki/Haliaeetus_leucogaster),,,,done,
308,phaethon-rubricauda,Pacific Red-tailed Tropicbird,Phaethon rubricauda,bird,,,high,,,,,FALSE,,FALSE,,TRUE,https://www.dcceew.gov.au/sites/default/files/documents/national-risk-scores-h5-bird-flu-native-birds-mammals.pdf,in_progress,https://biodiversity.org.au/afd/taxa/876e067e-712e-4adf-828f-b6070ec0bd64,,,,,"The red-tailed tropicbird (Phaethon rubricauda) is a seabird native to tropical parts of the Indian and Pacific Oceans. One of three closely related species of tropicbird (Phaethontidae), it was described by Pieter Boddaert in 1783. Superficially resembling a tern in appearance, it has almost all-white plumage with a black mask and a red bill. The sexes have similar plumage. As referenced in the common name, adults have red tail streamers that are about twice their body length. Four subspecies are recognised, but there is evidence of clinal variation in body size—with smaller birds in the north and larger in the south—and hence no grounds for subspecies.
The red-tailed tropicbird eats fish—mainly flying fish and squid—after catching them by plunge-diving into the ocean. Nesting takes place in loose colonies on oceanic islands; the nest itself is a scrape found on a cliff face, in a crevice, or on a sandy beach. A single egg is laid, then is incubated by both sexes for about six weeks. The parents make long food-foraging trips of about 150 hours during incubation, but once the chick has hatched, the parents specialize their foraging: one forages for the chick for a few hours at a time, while the other makes much longer trips to feed themselves.
This bird is considered to be a least-concern species according to the International Union for Conservation of Nature (IUCN), though it is adversely affected by human contact. Rats and feral cats prey on eggs and young at nesting sites. The bird's tail streamers were once prized by some Hawaiian and Māori peoples.",Wikipedia (https://en.wikipedia.org/wiki/Phaethon_rubricauda),https://images.ala.org.au/store/0/6/a/5/06a58dfd-8cbd-495b-98cb-d4fe32968331/thumbnail_large,Atlas of Living Australia (ALA) via https://bie.ala.org.au/species/,,done,
309,pluvialis-fulva,Pacific Golden Plover,Pluvialis fulva,bird,,,high,,,,,FALSE,,FALSE,,TRUE,https://www.dcceew.gov.au/sites/default/files/documents/national-risk-scores-h5-bird-flu-native-birds-mammals.pdf,in_progress,https://biodiversity.org.au/afd/taxa/5526c312-451f-4c90-a69e-088b55be6956,,,,,"The Pacific golden plover (Pluvialis fulva) is a migratory shorebird that breeds during summer in Alaska and Siberia. During nonbreeding season, this medium-sized plover migrates widely across the Pacific.",Wikipedia (https://en.wikipedia.org/wiki/Pluvialis_fulva),https://images.ala.org.au/store/6/a/a/e/6aae4da3-09f8-4c4c-bff8-559afc82ca1d/thumbnail_large,Atlas of Living Australia (ALA) via https://bie.ala.org.au/species/,,done,
310,catharacta-skua,Great Skua,Catharacta skua,bird,,,high,,,,,FALSE,,FALSE,,TRUE,https://www.dcceew.gov.au/sites/default/files/documents/national-risk-scores-h5-bird-flu-native-birds-mammals.pdf,in_progress,ALA_DR32844_14,,,,,"The great skua (Stercorarius skua), sometimes known by the name bonxie in Britain, is a large seabird in the skua family Stercorariidae. It is roughly the size of a herring gull. It mainly eats fish caught at the sea surface or taken from other birds.",Wikipedia (https://en.wikipedia.org/wiki/Catharacta_skua),,,,done,
311,puffinus-carneipes,Flesh-footed Shearwater,Puffinus carneipes,bird,,,high,,,,,FALSE,,FALSE,,TRUE,https://www.dcceew.gov.au/sites/default/files/documents/national-risk-scores-h5-bird-flu-native-birds-mammals.pdf,in_progress,https://biodiversity.org.au/afd/taxa/a47165a0-8ade-492c-85a8-7bcb9e635852,,,,,"The flesh-footed shearwater (Ardenna carneipes) is a medium-large shearwater that mainly inhabits the Indo-Pacific. Its plumage is black with pale pinkish feet, and a pale bill with a distinct black tip. Together with the equally light-billed pink-footed shearwater, it forms the Hemipuffinus group, a superspecies which may or may not have an Atlantic relative in the great shearwater. These large shearwaters are among those that have been separated into the genus Ardenna. Recent genetic analysis indicates evidence of strong divergence between Pacific colonies relative to those in South and Western Australia, thought to be explained by philopatry and differences in foraging strategies during the breeding season.

A molecular phylogenetic study published in 2021 found very little genetic difference between the flesh-footed shearwater and the pink-footed shearwater (Ardenna creatopus). The authors of the study suggested that these two taxa might be better considered as conspecific.
The flesh-footed shearwater breeds in colonies, and has two main breeding areas; one in the southwest Pacific Ocean includes Lord Howe Island (22,654 pairs ), South Australia (about 1,800 pairs breeding on two islands) and northern New Zealand (13,000 pairs); the other population comprises no more than 36,000 pairs breeding on 42 islands along the coast of Western Australia from Cape Leeuwin to the Recherche Archipelago. Another 500 pairs breed on St Paul Island in the Indian Ocean.  A record of birds on Astola Island of Pakistan in the Arabian Sea is unconfirmed. Recent evidence suggests populations are declining across much of the species' range. The species was recently listed as near threatened in Australia  and nationally vulnerable in New Zealand, and has been recommended for listing under the Agreement on the Conservation of Albatrosses and Petrels.  At the state level, the species is listed as vulnerable in Western Australia and New South Wales and rare in South Australia.
The species occurs as a (boreal) summer visitor in the North Pacific Ocean, where potentially large numbers are taken as bycatch in fisheries. The species also suffers from climate related impacts  and significant heavy metal contamination, the cause of which is not fully understood, but is likely due to the ingestion of significant quantities of plastic, which the birds mistake for food floating on the ocean surface.


== References ==",Wikipedia (https://en.wikipedia.org/wiki/Puffinus_carneipes),,,,done,
312,macronectes-halli,Northern Giant-Petrel,Macronectes halli,bird,,,high,,,,,FALSE,,FALSE,,TRUE,https://www.dcceew.gov.au/sites/default/files/documents/national-risk-scores-h5-bird-flu-native-birds-mammals.pdf,in_progress,https://biodiversity.org.au/afd/taxa/b4971f23-99a4-419f-bf99-549741781cf9,,,,,"The northern giant petrel (Macronectes halli), also known as Hall's giant petrel, is a large, predatory seabird of the southern oceans. Its range overlaps broadly with the range of the related southern giant petrel (Macronectes giganteus), albeit slightly further to the north.",Wikipedia (https://en.wikipedia.org/wiki/Macronectes_halli),https://images.ala.org.au/store/0/c/2/3/0c23ee0f-11f3-4fc5-9a80-54c3c78e24a3/thumbnail_large,Atlas of Living Australia (ALA) via https://bie.ala.org.au/species/,,done,
313,macronectes-giganteus,"Southern Giant-Petrel, Southern Giant Petrel",Macronectes giganteus,bird,,,high,,,,,FALSE,,FALSE,,TRUE,https://www.dcceew.gov.au/sites/default/files/documents/national-risk-scores-h5-bird-flu-native-birds-mammals.pdf,in_progress,https://biodiversity.org.au/afd/taxa/4fbd4b05-2035-46d9-b4a3-2a177b1d4f44,,,,,"The southern giant petrel (Macronectes giganteus), also known as the Antarctic giant petrel, giant fulmar, stinker, and stinkpot, is a large seabird of the southern oceans. Its distribution overlaps broadly with the similar northern giant petrel, though it overall is centered slightly further south. Adults of the two species can be distinguished by the colour of their bill-tip: greenish in the southern and reddish in the northern.",Wikipedia (https://en.wikipedia.org/wiki/Macronectes_giganteus),https://images.ala.org.au/store/1/b/9/0/1b90d2e6-3ec9-45d4-884e-cd5c2b127018/thumbnail_large,Atlas of Living Australia (ALA) via https://bie.ala.org.au/species/,,done,
314,orcinus-orca,"Killer Whale, Orca",Orcinus orca,mammal,,,very_high,,,,,FALSE,,FALSE,,TRUE,https://www.dcceew.gov.au/sites/default/files/documents/national-risk-scores-h5-bird-flu-native-birds-mammals.pdf,in_progress,https://biodiversity.org.au/afd/taxa/7f11ef51-9180-45c9-b00b-dc4fb79aab7a,,,,,"The orca (Orcinus orca), or killer whale, is a toothed whale and the largest member of the oceanic dolphin family. The only extant species in the genus Orcinus, it is recognizable by its distinct pigmentation; being mostly black on top, white on the bottom and having recognizable white eye patches. A cosmopolitan species, it inhabits a wide range of marine environments, from Arctic to Antarctic regions to tropical seas, but is more commonly documented in temperate or cooler coastal waters. Scientists have proposed dividing the global population into races, subspecies, or possibly even species.
Orcas are apex predators with a diverse diet. Individual populations often specialize in particular types of prey, including bony fish, sharks, rays, and marine mammals such as seals, dolphins, and whales. They are highly social, with some populations forming stable matrilineal family groups (pods). Their sophisticated hunting techniques and vocal behaviors, often unique to specific groups and passed down from generation to generation, are considered to be manifestations of animal culture. The most studied populations are off the west coast of North America, which include fish-eating ""residents"", mammal-eating ""transients"", and offshores.
The International Union for Conservation of Nature (IUCN) lists the orca's conservation status as data deficient as multiple orca types may represent distinct species. Some local populations are threatened or endangered due to prey depletion, habitat loss, pollution (by PCBs), captures for marine parks, and conflicts with fisheries. In late 2005, the southern resident orcas were added to the U.S. Endangered Species list.
Orcas have been revered by indigenous peoples from regions including the Pacific Northwest, Australia and Peru, while Western cultures have historically feared them. They have been taken by whalers when stocks of larger species have declined. The orca's image took a positive turn in the 1960s, due to greater public and scientific awareness and their display in captivity. Since then, orcas have been trained to perform in marine parks, a practice that has been criticized as unethical. Orcas rarely pose a threat to humans, and no fatal attack has been recorded in the wild. However, captive orcas have injured or killed their handlers in marine theme parks.",Wikipedia (https://en.wikipedia.org/wiki/Orcinus_orca),https://images.ala.org.au/store/d/2/9/d/d29d1bf6-a845-4180-99f6-cf0d23d63fa6/thumbnail_large,Atlas of Living Australia (ALA) via https://bie.ala.org.au/species/,,done,
315,pterodroma-leucoptera-leucoptera,Australian Gould's Petrel,Pterodroma leucoptera leucoptera,bird,,,high,,,,,FALSE,,FALSE,,TRUE,https://www.dcceew.gov.au/sites/default/files/documents/national-risk-scores-h5-bird-flu-native-birds-mammals.pdf,in_progress,ALA_DR30474_1222,,,,,No summary available on Wikipedia for this species.,Wikipedia (https://en.wikipedia.org/wiki/Pterodroma_leucoptera_leucoptera),,,,done,
316,leucocarbo-atriceps,Imperial Shag,Leucocarbo atriceps,bird,,,very_high,,,,,FALSE,,FALSE,,TRUE,https://www.dcceew.gov.au/sites/default/files/documents/national-risk-scores-h5-bird-flu-native-birds-mammals.pdf,in_progress,https://biodiversity.org.au/afd/taxa/f1a3b374-1403-433e-afd5-8b2db3800df4,,,,,"The imperial shag or imperial cormorant (Leucocarbo atriceps) is a black-and-white cormorant native to southern South America, islands of the Subantarctic, and the Antarctic Peninsula, primarily in rocky coastal regions, but locally also at large inland lakes. Some taxonomic authorities, including the International Ornithologists' Union, place it in the genus Leucocarbo, others in the genus Phalacrocorax. It is also known as the blue-eyed shag, blue-eyed cormorant and by many other names, and is one of a larger group of cormorants called blue-eyed shags. The taxonomy is complex, and several types are treated as either subspecies or separate species.",Wikipedia (https://en.wikipedia.org/wiki/Leucocarbo_atriceps),https://images.ala.org.au/store/b/7/8/c/b78c4f13-5dac-4f6c-a181-9434feab8f2c/thumbnail_large,Atlas of Living Australia (ALA) via https://bie.ala.org.au/species/,,done,
317,leucocarbo-verrucosus,Imperial Shag,Leucocarbo verrucosus,bird,,,very_high,,,,,FALSE,,FALSE,,TRUE,https://www.dcceew.gov.au/sites/default/files/documents/national-risk-scores-h5-bird-flu-native-birds-mammals.pdf,in_progress,https://biodiversity.org.au/afd/taxa/254b2d1a-4be3-4bb6-8f29-ecc58c95fd79,,,,,"The Kerguelen shag (Leucocarbo verrucosus) is a species of cormorant endemic to the Kerguelen Islands in the southern Indian Ocean, one of the most isolated places on Earth. Many authorities consider it a subspecies of the imperial shag.",Wikipedia (https://en.wikipedia.org/wiki/Leucocarbo_verrucosus),,,,done,
318,antigone-antigone,Sarus Crane,Antigone antigone,bird,,,very_high,,,,,FALSE,,FALSE,,TRUE,https://www.dcceew.gov.au/sites/default/files/documents/national-risk-scores-h5-bird-flu-native-birds-mammals.pdf,in_progress,https://biodiversity.org.au/afd/taxa/901ab7f4-2f01-4d73-84b8-af5103f70a09,,,,,"The sarus crane (Antigone antigone) is a large nonmigratory crane found in parts of the Indian subcontinent, Southeast Asia, and northern Australia. The tallest of the flying birds, standing at a height of up to 1.8 m (5 ft 11 in), they are a conspicuous species of open wetlands in South Asia, seasonally flooded Dipterocarpus forests in Southeast Asia, and Eucalyptus-dominated woodlands and grasslands in Australia.
The sarus crane is easily distinguished from other cranes in the region by its overall grey colour and the contrasting red head and upper neck. They forage on marshes and shallow wetlands for roots, tubers, insects, crustaceans, and small vertebrate prey. Like other cranes, they form long-lasting pair bonds and maintain territories within which they perform territorial and courtship displays that include loud trumpeting, leaps, and dance-like movements. In India, they are considered symbols of marital fidelity, believed to mate for life and pine the loss of their mates, even to the point of starving to death.
The main breeding season is during the wet season, when the pair builds an enormous nest ""island,"" a circular platform of reeds and grasses nearly two meters in diameter and high enough to stay above the shallow water surrounding it. Increased agricultural intensity is often thought to have led to declines in sarus crane numbers, but the largest known population of Sarus cranes are in northern India's Uttar Pradesh where small-holder agriculture, favorable farmer attitudes, wet crops such as flooded paddy and the extensive network of canals has benefitted the species. The stronghold of the species is in India, where it is traditionally revered and lives in agricultural lands in close proximity to humans. Elsewhere, the species has been extirpated in many parts of its former range.",Wikipedia (https://en.wikipedia.org/wiki/Antigone_antigone),https://images.ala.org.au/store/5/f/9/3/5f9340b8-761c-45aa-bc7d-cf90358ac9de/thumbnail_large,Atlas of Living Australia (ALA) via https://bie.ala.org.au/species/,,done,
319,antigone-antigone-gillae,Australian Sarus Crane,Antigone antigone gillae,bird,,,very_high,,,,,FALSE,,FALSE,,TRUE,https://www.dcceew.gov.au/sites/default/files/documents/national-risk-scores-h5-bird-flu-native-birds-mammals.pdf,in_progress,https://biodiversity.org.au/afd/taxa/0488d262-2e91-4bfb-9444-5d97e6ef39d2,,,,,No summary available on Wikipedia for this species.,Wikipedia (https://en.wikipedia.org/wiki/Antigone_antigone_gillae),,,,done,
320,corvus-orru-orru,Papuan Torresian Crow,Corvus orru orru,bird,,,high,,,,,FALSE,,FALSE,,TRUE,https://www.dcceew.gov.au/sites/default/files/documents/national-risk-scores-h5-bird-flu-native-birds-mammals.pdf,in_progress,https://biodiversity.org.au/afd/taxa/b4f39a2b-cfaf-4c69-8ace-77f1664acd6b,,,,,No summary available on Wikipedia for this species.,Wikipedia (https://en.wikipedia.org/wiki/Corvus_orru_orru),,,,done,
321,accipiter-fasciatus-dogwa,Papuan Brown Goshawk,Accipiter fasciatus dogwa,bird,,,high,,,,,FALSE,,FALSE,,TRUE,https://www.dcceew.gov.au/sites/default/files/documents/national-risk-scores-h5-bird-flu-native-birds-mammals.pdf,not_started,,,,,,,,,,,done,
322,fregata-minor-minor,Great Frigatebird,Fregata minor minor,bird,,,very_high,,,,,FALSE,,FALSE,,TRUE,https://www.dcceew.gov.au/sites/default/files/documents/national-risk-scores-h5-bird-flu-native-birds-mammals.pdf,in_progress,https://biodiversity.org.au/afd/taxa/91950187-77b3-4cb0-98c0-75b4ef667c1d,,,,,No summary available on Wikipedia for this species.,Wikipedia (https://en.wikipedia.org/wiki/Fregata_minor_minor),,,,done,
323,fregata-minor-palmerstoni,Great Frigatebird,Fregata minor palmerstoni,bird,,,very_high,,,,,FALSE,,FALSE,,TRUE,https://www.dcceew.gov.au/sites/default/files/documents/national-risk-scores-h5-bird-flu-native-birds-mammals.pdf,in_progress,https://biodiversity.org.au/afd/taxa/2600f0d6-5e98-46f0-af9f-495951fadd5e,,,,,No summary available on Wikipedia for this species.,Wikipedia (https://en.wikipedia.org/wiki/Fregata_minor_palmerstoni),,,,done,
324,sula-leucogaster-plotus,Indo-Pacific Brown Booby,Sula leucogaster plotus,bird,,,very_high,,,,,FALSE,,FALSE,,TRUE,https://www.dcceew.gov.au/sites/default/files/documents/national-risk-scores-h5-bird-flu-native-birds-mammals.pdf,in_progress,https://biodiversity.org.au/afd/taxa/5bef98a5-14c3-41b1-a5fb-d07be0aac4b0,,,,,No summary available on Wikipedia for this species.,Wikipedia (https://en.wikipedia.org/wiki/Sula_leucogaster_plotus),,,,done,
325,sula-dactylatra-bedouti,Masked Booby,Sula dactylatra bedouti,bird,,,very_high,,,,,FALSE,,FALSE,,TRUE,https://www.dcceew.gov.au/sites/default/files/documents/national-risk-scores-h5-bird-flu-native-birds-mammals.pdf,in_progress,https://biodiversity.org.au/afd/taxa/54043cfc-cf37-4169-abc4-3366021edc57,,,,,No summary available on Wikipedia for this species.,Wikipedia (https://en.wikipedia.org/wiki/Sula_dactylatra_bedouti),,,,done,
326,anous-tenuirostris,Lesser Noddy,Anous tenuirostris,bird,,,very_high,,,,,FALSE,,FALSE,,TRUE,https://www.dcceew.gov.au/sites/default/files/documents/national-risk-scores-h5-bird-flu-native-birds-mammals.pdf,in_progress,https://biodiversity.org.au/afd/taxa/768fc522-cdb2-47fb-8d83-ba89ac62f77e,,,,,"The lesser noddy (Anous tenuirostris), also known as the sooty noddy, is a seabird in the family Laridae. It is found near the coastlines of Comoros, Kenya, India, Maldives, Mauritius, Seychelles, Somalia, Sri Lanka and United Arab Emirates.
The lesser noddy was at one time considered as a subspecies of the black noddy (Anous minutus). The close relationship between the two species was confirmed by a molecular phylogenetic study published in 2016.",Wikipedia (https://en.wikipedia.org/wiki/Anous_tenuirostris),https://images.ala.org.au/store/0/0/7/a/007a38ad-872d-436e-b083-f6e70146c0c2/thumbnail_large,Atlas of Living Australia (ALA) via https://bie.ala.org.au/species/,,done,
327,sternula-albifrons-placens,South east Little Tern,Sternula albifrons placens,bird,,,very_high,,,,,FALSE,,FALSE,,TRUE,https://www.dcceew.gov.au/sites/default/files/documents/national-risk-scores-h5-bird-flu-native-birds-mammals.pdf,in_progress,https://biodiversity.org.au/afd/taxa/42316670-e57d-4d6c-a984-6ba0f1490f7c,,,,,No summary available on Wikipedia for this species.,Wikipedia (https://en.wikipedia.org/wiki/Sternula_albifrons_placens),,,,done,
328,sternula-albifrons-sinensis,Western Pacific Little Tern,Sternula albifrons sinensis,bird,,,very_high,,,,,FALSE,,FALSE,,TRUE,https://www.dcceew.gov.au/sites/default/files/documents/national-risk-scores-h5-bird-flu-native-birds-mammals.pdf,in_progress,https://biodiversity.org.au/afd/taxa/1764e580-6131-4ec9-a7c9-5ffd96b84df8,,,,,"The little tern (Sternula albifrons) is a small seabird of the family Laridae. It is widely distributed breeding on the coasts and inland waterways of Europe, Asia, north and west Africa, and eastern Australia. It winters in the subtropical and tropical oceans as far south as South Africa and Australia.",Wikipedia (https://en.wikipedia.org/wiki/Sternula_albifrons_sinensis),,,,done,
329,larus-pacificus-pacificus,East Coast Pacific Gull,Larus pacificus pacificus,bird,,,very_high,,,,,FALSE,,FALSE,,TRUE,https://www.dcceew.gov.au/sites/default/files/documents/national-risk-scores-h5-bird-flu-native-birds-mammals.pdf,in_progress,https://biodiversity.org.au/afd/taxa/a5856160-0099-41b0-9fff-47648f70293d,,,,,No summary available on Wikipedia for this species.,Wikipedia (https://en.wikipedia.org/wiki/Larus_pacificus_pacificus),,,,done,
330,sterna-dougallii-bangsi,Asian Roseate Tern,Sterna dougallii bangsi,bird,,,very_high,,,,,FALSE,,FALSE,,TRUE,https://www.dcceew.gov.au/sites/default/files/documents/national-risk-scores-h5-bird-flu-native-birds-mammals.pdf,in_progress,https://biodiversity.org.au/afd/taxa/1fc98004-d863-40db-a087-dbc507da9ac5,,,,,No summary available on Wikipedia for this species.,Wikipedia (https://en.wikipedia.org/wiki/Sterna_dougallii_bangsi),,,,done,
331,sterna-dougallii-gracilis,Australasian Roseate Tern,Sterna dougallii gracilis,bird,,,very_high,,,,,FALSE,,FALSE,,TRUE,https://www.dcceew.gov.au/sites/default/files/documents/national-risk-scores-h5-bird-flu-native-birds-mammals.pdf,in_progress,https://biodiversity.org.au/afd/taxa/0c853b9e-b30e-4278-9468-b17428dddb44,,,,,No summary available on Wikipedia for this species.,Wikipedia (https://en.wikipedia.org/wiki/Sterna_dougallii_gracilis),,,,done,
332,onychoprion-fuscatus-nubilosa,Sooty Tern,Onychoprion fuscatus nubilosa,bird,,,very_high,,,,,FALSE,,FALSE,,TRUE,https://www.dcceew.gov.au/sites/default/files/documents/national-risk-scores-h5-bird-flu-native-birds-mammals.pdf,in_progress,https://biodiversity.org.au/afd/taxa/fc59ea1f-aee1-430b-9241-825236fdd2ed,,,,,No summary available on Wikipedia for this species.,Wikipedia (https://en.wikipedia.org/wiki/Onychoprion_fuscatus_nubilosa),,,,done,
333,onychoprion-fuscatus-serrata,Sooty Tern,Onychoprion fuscatus serrata,bird,,,very_high,,,,,FALSE,,FALSE,,TRUE,https://www.dcceew.gov.au/sites/default/files/documents/national-risk-scores-h5-bird-flu-native-birds-mammals.pdf,in_progress,https://biodiversity.org.au/afd/taxa/904e0722-95c7-4143-be05-d61b9bac1d6e,,,,,No summary available on Wikipedia for this species.,Wikipedia (https://en.wikipedia.org/wiki/Onychoprion_fuscatus_serrata),,,,done,
334,gygis-alba,White Tern,Gygis alba,bird,,,high,,,,,FALSE,,FALSE,,TRUE,https://www.dcceew.gov.au/sites/default/files/documents/national-risk-scores-h5-bird-flu-native-birds-mammals.pdf,in_progress,https://biodiversity.org.au/afd/taxa/7f6ff7d7-be3c-45c5-90bd-fd95b8815af3,,,,,"The Atlantic white tern (Gygis alba), also known as the common white tern, is a small seabird found in the Atlantic Ocean. It is sometimes known as the fairy tern, although this name is potentially confusing as it is also the common name of Sternula nereis. Other names for the species include angel tern and white noddy. The blue-billed white tern (Gygis candida) and the little white tern (Gygis microrhyncha) have sometimes been considered as subspecies of the Atlantic white tern.",Wikipedia (https://en.wikipedia.org/wiki/Gygis_alba),https://images.ala.org.au/store/a/a/4/9/aa49a77d-a2d1-42c6-a9c0-ede4894efe50/thumbnail_large,Atlas of Living Australia (ALA) via https://bie.ala.org.au/species/,,done,
335,gygis-alba-candida,Indo-Pacific White Tern,Gygis alba candida,bird,,,high,,,,,FALSE,,FALSE,,TRUE,https://www.dcceew.gov.au/sites/default/files/documents/national-risk-scores-h5-bird-flu-native-birds-mammals.pdf,in_progress,https://biodiversity.org.au/afd/taxa/296a22c5-b6bf-4b0f-bbe6-93fdcfa548c1,,,,,No summary available on Wikipedia for this species.,Wikipedia (https://en.wikipedia.org/wiki/Gygis_alba_candida),,,,done,
336,ardea-intermedia,Intermediate Egret,Ardea intermedia,bird,,,very_high,,,,,FALSE,,FALSE,,TRUE,https://www.dcceew.gov.au/sites/default/files/documents/national-risk-scores-h5-bird-flu-native-birds-mammals.pdf,in_progress,https://biodiversity.org.au/afd/taxa/82bed74a-c22a-4c65-8fe7-ac335f199708,,,,,"The medium egret (Ardea intermedia), median egret, smaller egret or intermediate egret, is a medium-sized heron.  Some taxonomists put the species in the genus Egretta or Mesophoyx.  It is a resident breeder in southern and eastern Asia.",Wikipedia (https://en.wikipedia.org/wiki/Ardea_intermedia),https://images.ala.org.au/store/9/4/e/c/94ec60ce-aa1c-4f2b-8660-ad9d1397792b/thumbnail_large,Atlas of Living Australia (ALA) via https://bie.ala.org.au/species/,,done,
337,ardea-intermedia-plumifera,Plumed Egret,Ardea intermedia plumifera,bird,,,very_high,,,,,FALSE,,FALSE,,TRUE,https://www.dcceew.gov.au/sites/default/files/documents/national-risk-scores-h5-bird-flu-native-birds-mammals.pdf,in_progress,https://biodiversity.org.au/afd/taxa/866cd259-3371-49b5-bff0-33afddf29eaa,,,,,The plumed egret (Ardea plumifera) is a species of heron native to Australia and Oceania. Previously this species was regarded as a subspecies of the intermediate egret (Ardea intermedia sensu lato) alongside the Asian intermediate egret (A. (i.) intermedia) and the African yellow-billed egret (A. (i.) brachyrhyncha).,Wikipedia (https://en.wikipedia.org/wiki/Ardea_intermedia_plumifera),,,,done,
338,megapodius-reinwardt-reinwardt,Papuan Orange-footed Scrubfowl,Megapodius reinwardt reinwardt,bird,,,high,,,,,FALSE,,FALSE,,TRUE,https://www.dcceew.gov.au/sites/default/files/documents/national-risk-scores-h5-bird-flu-native-birds-mammals.pdf,in_progress,https://biodiversity.org.au/afd/taxa/a793c163-f608-496d-acdf-15f4e4b30b57,,,,,No summary available on Wikipedia for this species.,Wikipedia (https://en.wikipedia.org/wiki/Megapodius_reinwardt_reinwardt),,,,done,
339,eudyptula-minor-novaehollandiae,Australian Little Penguin,Eudyptula minor novaehollandiae,bird,,,very_high,,,,,FALSE,,FALSE,,TRUE,https://www.dcceew.gov.au/sites/default/files/documents/national-risk-scores-h5-bird-flu-native-birds-mammals.pdf,in_progress,https://biodiversity.org.au/afd/taxa/9031a3d6-278e-4bde-aa46-1378a1db5724,,,,,No summary available on Wikipedia for this species.,Wikipedia (https://en.wikipedia.org/wiki/Eudyptula_minor_novaehollandiae),,,,done,
340,eudyptes-chrysolophus-chrysolophus,Macaroni Penguin,Eudyptes chrysolophus chrysolophus,bird,,,very_high,,,,,FALSE,,FALSE,,TRUE,https://www.dcceew.gov.au/sites/default/files/documents/national-risk-scores-h5-bird-flu-native-birds-mammals.pdf,in_progress,https://biodiversity.org.au/afd/taxa/cab62603-b61d-4302-bdf6-27bb416db869,,,,,No summary available on Wikipedia for this species.,Wikipedia (https://en.wikipedia.org/wiki/Eudyptes_chrysolophus_chrysolophus),,,,done,
341,chionis-minor,Black-faced Sheathbill,Chionis minor,bird,,,very_high,,,,,FALSE,,FALSE,,TRUE,https://www.dcceew.gov.au/sites/default/files/documents/national-risk-scores-h5-bird-flu-native-birds-mammals.pdf,in_progress,https://biodiversity.org.au/afd/taxa/084b24d0-4d3c-4a3a-a106-f6f21cf6f4ae,,,,,"The black-faced sheathbill (Chionis minor), also called  the lesser sheathbill or paddy bird, is one of only two species of sheathbills, aberrant shorebirds which are terrestrial (land) scavengers of subantarctic islands.",Wikipedia (https://en.wikipedia.org/wiki/Chionis_minor),https://images.ala.org.au/store/7/5/6/0/7560deef-8d0d-43bb-9bc2-2f5ab36e154f/thumbnail_large,Atlas of Living Australia (ALA) via https://bie.ala.org.au/species/,,done,
342,chionis-minor-nasicornis,Heard Island Black-faced Sheathbill,Chionis minor nasicornis,bird,,,very_high,,,,,FALSE,,FALSE,,TRUE,https://www.dcceew.gov.au/sites/default/files/documents/national-risk-scores-h5-bird-flu-native-birds-mammals.pdf,in_progress,https://biodiversity.org.au/afd/taxa/d9289c9a-cdb4-44ca-8b1e-090864d56748,,,,,"The black-faced sheathbill (Chionis minor), also called  the lesser sheathbill or paddy bird, is one of only two species of sheathbills, aberrant shorebirds which are terrestrial (land) scavengers of subantarctic islands.",Wikipedia (https://en.wikipedia.org/wiki/Chionis_minor_nasicornis),,,,done,
343,pelagodroma-marina-dulciae,Australian White-faced Storm-Petrel,Pelagodroma marina dulciae,bird,,,very_high,,,,,FALSE,,FALSE,,TRUE,https://www.dcceew.gov.au/sites/default/files/documents/national-risk-scores-h5-bird-flu-native-birds-mammals.pdf,in_progress,https://biodiversity.org.au/afd/taxa/89255d63-13f3-42cf-9768-974f4f5fa3c2,,,,,No summary available on Wikipedia for this species.,Wikipedia (https://en.wikipedia.org/wiki/Pelagodroma_marina_dulciae),,,,done,
344,hydrurga-leptonyx,Leopard Seal,Hydrurga leptonyx,seal_sea_lion,,,extreme,,,,,FALSE,,FALSE,,TRUE,https://www.dcceew.gov.au/sites/default/files/documents/national-risk-scores-h5-bird-flu-native-birds-mammals.pdf,in_progress,https://biodiversity.org.au/afd/taxa/cc86aa30-bc17-4f27-a1ab-45365f90a21d,,,,,"The leopard seal (Hydrurga leptonyx), also referred to as the sea leopard, is a long and muscular seal native to the Southern Ocean of Antarctica and southern Patagonia. It is the second largest species of seal in the Antarctic (after the southern elephant seal). It is the same length as, but half the weight of, a walrus. Its fur coat is countershaded, being silver on the bottom and dark gray on the top, and is distinctive for its leopard-like pattern of dark spots.
The leopard seal is an apex predator, with massive jaws, and teeth which are 2.5 cm (1 in) long. It feeds on a wide range of prey including its fellow pinnipeds, cephalopods, krill, fish, and birds, particularly penguins. Its only natural predator is the orca. It uses its hearing and whiskers to track prey underwater.
It is the only species in the genus Hydrurga. Its closest relatives are the Ross seal, the crabeater seal, and the Weddell seal, which are all Antarctic seals of the tribe Lobodontini.",Wikipedia (https://en.wikipedia.org/wiki/Hydrurga_leptonyx),https://images.ala.org.au/store/8/c/c/f/8ccf34b1-fdbe-43c2-b19a-fc4f62573944/thumbnail_large,Atlas of Living Australia (ALA) via https://bie.ala.org.au/species/,,done,
345,leptonychotes-weddellii,Weddell Seal,Leptonychotes weddellii,seal_sea_lion,,,very_high,,,,,FALSE,,FALSE,,TRUE,https://www.dcceew.gov.au/sites/default/files/documents/national-risk-scores-h5-bird-flu-native-birds-mammals.pdf,not_started,,,,,,,,,,,done,
346,ommatophoca-rossii,Ross Seal,Ommatophoca rossii,seal_sea_lion,,,very_high,,,,,FALSE,,FALSE,,TRUE,https://www.dcceew.gov.au/sites/default/files/documents/national-risk-scores-h5-bird-flu-native-birds-mammals.pdf,not_started,,,,,,,,,,,done,
347,arctocephalus-pusillus,Australian Fur Seal,Arctocephalus pusillus,seal_sea_lion,,,very_high,,,,,FALSE,,FALSE,,TRUE,https://www.dcceew.gov.au/sites/default/files/documents/national-risk-scores-h5-bird-flu-native-birds-mammals.pdf,in_progress,https://biodiversity.org.au/afd/taxa/eb2189c4-d241-4f4b-8a04-e33b9d257555,,,,,"Arctocephalus pusillus, commonly known as the Afro-Australian fur seal, or brown fur seal is a species of fur seal. The species is often referred to as the Cape fur seal, although this name is also used specifically for the nominate subspecies, A. p. pusillus, of southern Africa. The other subspecies, A. p. doriferus, is found in Australia and is known as the Australian fur seal.",Wikipedia (https://en.wikipedia.org/wiki/Arctocephalus_pusillus),https://images.ala.org.au/store/5/1/1/b/511baeb3-d5b9-421e-9bc1-135846be9d81/thumbnail_large,Atlas of Living Australia (ALA) via https://bie.ala.org.au/species/,,done,
348,mirounga-leonina,Southern Elephant Seal,Mirounga leonina,seal_sea_lion,,,very_high,,,,,FALSE,,FALSE,,TRUE,https://www.dcceew.gov.au/sites/default/files/documents/national-risk-scores-h5-bird-flu-native-birds-mammals.pdf,in_progress,https://biodiversity.org.au/afd/taxa/e6350847-226c-44ad-a5ca-0031443209c9,,,,,"The southern elephant seal (Mirounga leonina) is one of two species of elephant seals. It is the largest member of the clade Pinnipedia and the order Carnivora, as well as the largest extant marine mammal that is not a cetacean. It gets its name from its massive size and the large proboscis of the adult male, which is used to produce very loud roars, especially during the breeding season. A bull southern elephant seal is about more than twice the weight of a male northern elephant seal (Mirounga angustirostris) as large sub-adult southern elephant seals have weighed 3 tons, as well as more than twice the weight of a male pacific walrus (Odobenus rosmarus divergens).",Wikipedia (https://en.wikipedia.org/wiki/Mirounga_leonina),https://images.ala.org.au/store/6/1/9/c/619c0c1a-c5ea-41c6-b389-6d0b4fa0e664/thumbnail_large,Atlas of Living Australia (ALA) via https://bie.ala.org.au/species/,,done,
349,sterna-nereis,Fairy Tern,Sterna nereis,bird,,,very_high,,,,,FALSE,,FALSE,,TRUE,https://www.dcceew.gov.au/sites/default/files/documents/national-risk-scores-h5-bird-flu-native-birds-mammals.pdf,in_progress,https://biodiversity.org.au/afd/taxa/b1822c1a-5950-4496-9cf1-02fb0471074c,,,,,"The fairy tern (Sternula nereis) is a small tern which is native to the southwestern Pacific. It is listed as vulnerable by the IUCN and the New Zealand subspecies is critically endangered. Fairy terns live in colonies along the coastlines and estuaries of Australia, New Zealand, and New Caledonia, feeding largely on small, epipelagic schooling fishes, breeding in areas close to their feeding sites. They have a monogamous mating system, forming breeding pairs in which they mate, nest, and care for offspring.
There are three subspecies:

Australian fairy tern, Sternula nereis nereis (Gould, 1843) – breeds in Australia
New Caledonian fairy tern, Sternula nereis exsul (Mathews, 1912) – breeds in New Caledonia
New Zealand fairy tern / Tara iti, Sternula nereis davisae (Mathews & Iredale, 1913) – breeds in northern New Zealand
The three subspecies are distinguished by geographical range, and slight morphological differences. Gene flow between subspecies is little to none.",Wikipedia (https://en.wikipedia.org/wiki/Sterna_nereis),,,,done,
350,sterna-dougallii,Roseate Tern,Sterna dougallii,bird,,,very_high,,,,,FALSE,,FALSE,,TRUE,https://www.dcceew.gov.au/sites/default/files/documents/national-risk-scores-h5-bird-flu-native-birds-mammals.pdf,in_progress,https://biodiversity.org.au/afd/taxa/d3f0ff24-271b-4e08-92ef-7160c3cc59b1,,,,,"The roseate tern (Sterna dougallii) is a species of tern in the family Laridae. The genus name Sterna is derived from Old English ""stearn"", ""tern"", and the specific dougallii refers to Scottish physician and collector Dr Peter McDougall (1777–1814). ""Roseate"" refers to the bird's pink breast in breeding plumage.",Wikipedia (https://en.wikipedia.org/wiki/Sterna_dougallii),,,,done,
351,anous-minutus,Black Noddy,Anous minutus,bird,,,very_high,,,,,FALSE,,FALSE,,TRUE,https://www.dcceew.gov.au/sites/default/files/documents/national-risk-scores-h5-bird-flu-native-birds-mammals.pdf,in_progress,https://biodiversity.org.au/afd/taxa/e3360f2f-3829-4d79-bfc5-be965048c8b3,,,,,"The black noddy (Anous minutus), also known as white-capped noddy, is a species of tern in the family Laridae. It is a medium-sized seabird with black plumage and a white cap that closely resembles the lesser noddy with which it was at one time considered conspecific. The black noddy has slightly darker plumage and dark rather than pale lores.",Wikipedia (https://en.wikipedia.org/wiki/Anous_minutus),https://images.ala.org.au/store/1/a/5/3/1a53bdd1-26d0-4e7d-8c8e-fc981ab632ee/thumbnail_large,Atlas of Living Australia (ALA) via https://bie.ala.org.au/species/,,done,
352,anous-stolidus,Common Noddy,Anous stolidus,bird,,,very_high,,,,,FALSE,,FALSE,,TRUE,https://www.dcceew.gov.au/sites/default/files/documents/national-risk-scores-h5-bird-flu-native-birds-mammals.pdf,in_progress,https://biodiversity.org.au/afd/taxa/00cf9ec9-1cd2-4389-a1fc-a080ee3c81d6,,,,,"The brown noddy, common noddy or noddy tern  (Anous stolidus) is a seabird in the family Laridae. The largest of the noddies, it can be told from the closely related black noddy by its larger size and plumage, which is dark brown rather than black. The brown noddy is a tropical seabird with a worldwide distribution, ranging from Hawaii to the Tuamotu Archipelago and Australia in the Pacific Ocean, from the Red Sea to the Seychelles and Australia in the Indian Ocean and in the Caribbean to Tristan da Cunha in the Atlantic Ocean. The brown noddy is colonial, usually nesting on elevated situations on cliffs or in short trees or shrubs. It only occasionally nests on the ground. A single egg is laid by the female of a pair each breeding season. In India, the brown noddy is protected in the PM Sayeed Marine Birds Conservation Reserve.",Wikipedia (https://en.wikipedia.org/wiki/Anous_stolidus),https://images.ala.org.au/store/4/2/9/e/429e1459-971f-4a89-8184-4a5f18c7d704/thumbnail_large,Atlas of Living Australia (ALA) via https://bie.ala.org.au/species/,,done,
353,charadrius-mongolus,Lesser Sand Plover,Charadrius mongolus,bird,,,high,,,,,FALSE,,FALSE,,TRUE,https://www.dcceew.gov.au/sites/default/files/documents/national-risk-scores-h5-bird-flu-native-birds-mammals.pdf,in_progress,https://biodiversity.org.au/afd/taxa/8d071224-756c-4e19-8a74-00401e3a7a45,,,,,"The Siberian sand plover (Anarhynchus mongolus) is a small wader in the plover family of birds. The International Ornithologists' Union split the Tibetan sand plover from the lesser sand plover and changed its vernacular name to Siberian sand plover. The specific mongolus is  Latin and refers to Mongolia, which at the time of naming referred to a larger area than the present country.",Wikipedia (https://en.wikipedia.org/wiki/Charadrius_mongolus),,,,done,
354,phaethon-lepturus,White-tailed Tropicbird,Phaethon lepturus,bird,,,high,,,,,FALSE,,FALSE,,TRUE,https://www.dcceew.gov.au/sites/default/files/documents/national-risk-scores-h5-bird-flu-native-birds-mammals.pdf,in_progress,https://biodiversity.org.au/afd/taxa/9cc4adc1-2007-4319-bc7d-f75efdc44849,,,,,"The white-tailed tropicbird (Phaethon lepturus) or yellow-billed tropicbird is a tropicbird. It is the smallest of three closely related seabirds of the tropical oceans and smallest member of the order Phaethontiformes. It is found in the tropical Atlantic, western Pacific and Indian Oceans. It also breeds on some Caribbean islands, and a few pairs have started nesting recently on Little Tobago, joining the red-billed tropicbird colony. In addition to the tropical Atlantic, it nests as far north as Bermuda, where it is locally called a ""longtail"".",Wikipedia (https://en.wikipedia.org/wiki/Phaethon_lepturus),https://images.ala.org.au/store/b/6/1/1/b61112a8-d866-4705-9a5b-179a0a94d71e/thumbnail_large,Atlas of Living Australia (ALA) via https://bie.ala.org.au/species/,,done,
355,sula-dactylatra,Masked Booby,Sula dactylatra,bird,,,very_high,,,,,FALSE,,FALSE,,TRUE,https://www.dcceew.gov.au/sites/default/files/documents/national-risk-scores-h5-bird-flu-native-birds-mammals.pdf,in_progress,https://biodiversity.org.au/afd/taxa/4a3251d7-ba3a-4d76-a3e4-0da76548c0be,,,,,"The masked booby (Sula dactylatra), also called the masked gannet or the blue-faced booby, is a large seabird of the booby and gannet family, Sulidae. First described by the French naturalist René-Primevère Lesson in 1831, the masked booby is one of six species of booby in the genus Sula. It has a typical sulid body shape, with a long pointed yellowish bill, long neck, aerodynamic body, long slender wings and pointed tail. The adult is bright white with black wings, a black tail and a dark face mask; at 75–85 cm (30–33 in) long, it is the largest species of booby. The sexes have similar plumage. This species ranges across tropical oceans, except in the eastern Atlantic and eastern Pacific. In the latter, it is replaced by the Nazca booby (Sula granti), which was formerly regarded as a subspecies of masked booby.
Nesting takes place in colonies, generally on islands and atolls far from the mainland and close to deep water required for foraging. Territorial when breeding, the masked booby performs agonistic displays to defend its nest. Potential and mated pairs engage in courtship and greeting displays. The female lays two chalky white eggs in a shallow depression on flat ground away from vegetation. The chicks are born featherless, but are soon covered in white down. The second chick born generally does not survive and is killed by its elder sibling. These birds are spectacular plunge divers, plunging into the ocean at high speed in search of prey—mainly flying fish. The species faces few threats; although its population is declining, it is considered to be a least-concern species by the International Union for Conservation of Nature (IUCN). The masked booby primarily feeds on flying fish and squid, which it captures through high-speed plunge diving. Breeding Colonies are typically located on remote islands, where reduced predation allows for successful nesting.",Wikipedia (https://en.wikipedia.org/wiki/Sula_dactylatra),https://images.ala.org.au/store/c/1/1/5/c1153626-87c6-4f1b-8017-c3f2b3a77db2/thumbnail_large,Atlas of Living Australia (ALA) via https://bie.ala.org.au/species/,,done,
356,sula-leucogaster,Brown Booby,Sula leucogaster,bird,,,very_high,,,,,FALSE,,FALSE,,TRUE,https://www.dcceew.gov.au/sites/default/files/documents/national-risk-scores-h5-bird-flu-native-birds-mammals.pdf,in_progress,https://biodiversity.org.au/afd/taxa/31a2070b-78a5-4600-8956-eff338f14607,,,,,"The brown booby (Sula leucogaster) is a large seabird in the booby and gannet family Sulidae, of which it is one of the most common and widespread species. It has a pantropical range, which overlaps with that of other booby species. The gregarious brown booby commutes and forages at low height over inshore waters. Flocks plunge-dive to take small fish, especially when these are driven near the surface by their predators. They nest only on the ground, and roost on solid objects rather than the water surface.",Wikipedia (https://en.wikipedia.org/wiki/Sula_leucogaster),https://images.ala.org.au/store/b/7/7/9/b77958c2-f34c-4bc1-8db9-3a2339a20e79/thumbnail_large,Atlas of Living Australia (ALA) via https://bie.ala.org.au/species/,,done,
357,oceanites-oceanicus,Wilson's Storm-Petrel,Oceanites oceanicus,bird,,,very_high,,,,,FALSE,,FALSE,,TRUE,https://www.dcceew.gov.au/sites/default/files/documents/national-risk-scores-h5-bird-flu-native-birds-mammals.pdf,in_progress,https://biodiversity.org.au/afd/taxa/78aa4243-7c03-4d35-b5ed-7a54902c9077,,,,,"Wilson's storm petrel (Oceanites oceanicus), also known as Wilson's petrel, is a small seabird of the austral storm petrel family Oceanitidae. It is one of the most abundant bird species in the world and has a circumpolar distribution mainly in the seas of the southern hemisphere but extending northwards during the summer of the northern hemisphere. The world population was estimated in 2022 as stable at 8–20 million birds. In 2010 it had been estimated at 12–30 million. A 1998 book had estimated more than 50 million pairs. The name commemorates the Scottish-American ornithologist Alexander Wilson. The genus name Oceanites refers to the mythical Oceanids, the three thousand daughters of Tethys. The species name is from Latin oceanus, ""ocean"".",Wikipedia (https://en.wikipedia.org/wiki/Oceanites_oceanicus),https://images.ala.org.au/store/9/7/9/1/979104be-e064-4742-b2f1-a440feec2996/thumbnail_large,Atlas of Living Australia (ALA) via https://bie.ala.org.au/species/,,done,
358,pterodroma-solandri,Providence Petrel,Pterodroma solandri,bird,,,high,,,,,FALSE,,FALSE,,TRUE,https://www.dcceew.gov.au/sites/default/files/documents/national-risk-scores-h5-bird-flu-native-birds-mammals.pdf,in_progress,https://biodiversity.org.au/afd/taxa/5542043d-6127-4bdd-8c21-aea4ff545cee,,,,,"The providence petrel (Pterodroma solandri) is a large and heavy build gadfly petrel that nests in two locations in the Tasman Sea: Lord Howe Island (some 800 km from the Australian mainland) and Philip Island.
The scientific name of this species was given in honour of the Swedish botanist Daniel Solander, with Solander's petrel being an alternative common name.",Wikipedia (https://en.wikipedia.org/wiki/Pterodroma_solandri),https://images.ala.org.au/store/7/6/2/4/7624ef7a-c185-4f59-a574-49367159f638/thumbnail_large,Atlas of Living Australia (ALA) via https://bie.ala.org.au/species/,,done,
359,pachyptila-crassirostris,Fulmar Prion,Pachyptila crassirostris,bird,,,high,,,,,FALSE,,FALSE,,TRUE,https://www.dcceew.gov.au/sites/default/files/documents/national-risk-scores-h5-bird-flu-native-birds-mammals.pdf,in_progress,https://biodiversity.org.au/afd/taxa/03527955-5a6a-4b77-8f96-99531edced81,,,,,"The fulmar prion (Pachyptila crassirostris) is a species of seabird in the family Procellariidae, found in the southern oceans.",Wikipedia (https://en.wikipedia.org/wiki/Pachyptila_crassirostris),https://images.ala.org.au/store/9/3/c/7/93c75d05-aafe-49c7-98af-fd907a21b5b7/thumbnail_large,Atlas of Living Australia (ALA) via https://bie.ala.org.au/species/,,done,
360,eudyptes-chrysocome,Southern Rockhopper Penguin,Eudyptes chrysocome,bird,,,very_high,,,,,FALSE,,FALSE,,TRUE,https://www.dcceew.gov.au/sites/default/files/documents/national-risk-scores-h5-bird-flu-native-birds-mammals.pdf,in_progress,https://biodiversity.org.au/afd/taxa/62bef28f-4e16-4cd3-9109-10251331acff,,,,,"The western rockhopper penguin (Eudyptes chrysocome) is a species of rockhopper penguin. It occurs in subantarctic waters around the southern coast of South America and nearby islands.
The western rockhopper penguin was formerly considered to be conspecific with the eastern rockhopper penguin (Eudyptes filholi) of the western Pacific and Indian Oceans, with the combined species then known as southern rockhopper penguin. These two taxa together had previously also been considered conspecific with the northern rockhopper penguin (E. moseleyi).",Wikipedia (https://en.wikipedia.org/wiki/Eudyptes_chrysocome),https://images.ala.org.au/store/e/e/c/f/eecf2c3a-9a59-4fa3-b285-b0a4b4cb9cb7/thumbnail_large,Atlas of Living Australia (ALA) via https://bie.ala.org.au/species/,,done,
361,cereopsis-novaehollandiae-grisea,Recherche Cape Barren Goose,Cereopsis novaehollandiae grisea,bird,,,high,,,,,FALSE,,FALSE,,TRUE,https://www.dcceew.gov.au/sites/default/files/documents/national-risk-scores-h5-bird-flu-native-birds-mammals.pdf,in_progress,https://biodiversity.org.au/afd/taxa/7490e212-c6cf-4603-bb11-4010f8703696,,,,,"The Recherche Cape Barren goose (Cereopsis novaehollandiae grisea) is large grazing bird found along the southern coast of Western Australia.  It is a subspecies of the Cape Barren goose, the other subspecies of which inhabits islands and coastal regions of Bass Strait in south-eastern Australia.  It is distinguished by its larger size and variant colouring.",Wikipedia (https://en.wikipedia.org/wiki/Cereopsis_novaehollandiae_grisea),,,,done,
362,strepera-graculina-crissalis,Lord Howe Pied Currawong,Strepera graculina crissalis,bird,,,high,,,,,FALSE,,FALSE,,TRUE,https://www.dcceew.gov.au/sites/default/files/documents/national-risk-scores-h5-bird-flu-native-birds-mammals.pdf,in_progress,https://biodiversity.org.au/afd/taxa/b9c53be6-af57-4ee8-86f7-7078daac16d1,,,,,"The Lord Howe currawong (Strepera graculina crissalis), Lord Howe Island currawong or Lord Howe pied currawong, is a large and mainly black passerine bird in the family Artamidae.  It is endemic to Lord Howe Island in the Tasman Sea, part of New South Wales, Australia, and is a threatened subspecies of the pied currawong.",Wikipedia (https://en.wikipedia.org/wiki/Strepera_graculina_crissalis),,,,done,
363,phaethon-lepturus-fulvus,Christmas Island White-tailed Tropicbird,Phaethon lepturus fulvus,bird,,,high,,,,,FALSE,,FALSE,,TRUE,https://www.dcceew.gov.au/sites/default/files/documents/national-risk-scores-h5-bird-flu-native-birds-mammals.pdf,in_progress,https://biodiversity.org.au/afd/taxa/d8f05749-250c-4942-865e-323971c85c39,,,,,No summary available on Wikipedia for this species.,Wikipedia (https://en.wikipedia.org/wiki/Phaethon_lepturus_fulvus),,,,done,
364,tyto-novaehollandiae-melvillensis,Tiwi Islands Masked Owl,Tyto novaehollandiae melvillensis,bird,,,high,,,,,FALSE,,FALSE,,TRUE,https://www.dcceew.gov.au/sites/default/files/documents/national-risk-scores-h5-bird-flu-native-birds-mammals.pdf,in_progress,https://biodiversity.org.au/afd/taxa/b656fdb9-e0bc-4acb-ad99-5c6a57ae76a9,,,,,No summary available on Wikipedia for this species.,Wikipedia (https://en.wikipedia.org/wiki/Tyto_novaehollandiae_melvillensis),,,,done,
365,sterna-vittata-bethunei,New Zealand Antarctic Tern,Sterna vittata bethunei,bird,,,high,,,,,FALSE,,FALSE,,TRUE,https://www.dcceew.gov.au/sites/default/files/documents/national-risk-scores-h5-bird-flu-native-birds-mammals.pdf,in_progress,https://biodiversity.org.au/afd/taxa/91271b6f-e398-49f9-a742-c4f568981d6e,,,,,No summary available on Wikipedia for this species.,Wikipedia (https://en.wikipedia.org/wiki/Sterna_vittata_bethunei),,,,done,
366,sterna-vittata-vittata,Indian Ocean Antarctic Tern,Sterna vittata vittata,bird,,,high,,,,,FALSE,,FALSE,,TRUE,https://www.dcceew.gov.au/sites/default/files/documents/national-risk-scores-h5-bird-flu-native-birds-mammals.pdf,in_progress,https://biodiversity.org.au/afd/taxa/54f47b9a-6e0c-46af-9d19-31ee9166b50d,,,,,No summary available on Wikipedia for this species.,Wikipedia (https://en.wikipedia.org/wiki/Sterna_vittata_vittata),,,,done,
367,accipiter-hiogaster-natalis,Christmas Island Goshawk,Accipiter hiogaster natalis,bird,,,high,,,,,FALSE,,FALSE,,TRUE,https://www.dcceew.gov.au/sites/default/files/documents/national-risk-scores-h5-bird-flu-native-birds-mammals.pdf,not_started,,,,,,,,,,,done,
368,turnix-varius-scintillans,Houtman Abrolhos Painted Button-quail,Turnix varius scintillans,bird,,,high,,,,,FALSE,,FALSE,,TRUE,https://www.dcceew.gov.au/sites/default/files/documents/national-risk-scores-h5-bird-flu-native-birds-mammals.pdf,not_started,,,,,,,,,,,done,
369,sterna-anaethetus,Bridled Tern,Sterna anaethetus,bird,,,very_high,,,,,FALSE,,FALSE,,TRUE,https://www.dcceew.gov.au/sites/default/files/documents/national-risk-scores-h5-bird-flu-native-birds-mammals.pdf,in_progress,https://biodiversity.org.au/afd/taxa/0c39c52d-8143-4e42-a91f-0b4239543288,,,,,"The bridled tern (Onychoprion anaethetus) is a seabird of the family Laridae. It is a bird of the tropical oceans. The scientific name is from Ancient Greek. The genus comes from onux meaning ""claw"" or ""nail"", and prion, meaning ""saw"". The specific anaethetus means ""senseless, stupid"", in reference to its tameness around humans.",Wikipedia (https://en.wikipedia.org/wiki/Sterna_anaethetus),,,,done,
370,sterna-fuscata,Sooty Tern,Sterna fuscata,bird,,,very_high,,,,,FALSE,,FALSE,,TRUE,https://www.dcceew.gov.au/sites/default/files/documents/national-risk-scores-h5-bird-flu-native-birds-mammals.pdf,in_progress,https://biodiversity.org.au/afd/taxa/2c553c5f-7be1-41e6-9e98-48cee391402d,,,,,"The sooty tern (Onychoprion fuscatus) is a tern in the family Laridae. It is a seabird of the tropical oceans and can fly for years at a time, skimming the sea surface for food, and returning to land only to breed, on islands throughout the equatorial zone.",Wikipedia (https://en.wikipedia.org/wiki/Sterna_fuscata),,,,done,
371,sterna-albifrons,Little Tern,Sterna albifrons,bird,,,very_high,,,,,FALSE,,FALSE,,TRUE,https://www.dcceew.gov.au/sites/default/files/documents/national-risk-scores-h5-bird-flu-native-birds-mammals.pdf,in_progress,https://biodiversity.org.au/afd/taxa/927d2d2a-3468-4211-b529-70be26eeca90,,,,,"The little tern (Sternula albifrons) is a small seabird of the family Laridae. It is widely distributed breeding on the coasts and inland waterways of Europe, Asia, north and west Africa, and eastern Australia. It winters in the subtropical and tropical oceans as far south as South Africa and Australia.",Wikipedia (https://en.wikipedia.org/wiki/Sterna_albifrons),,,,done,
372,sternula-nereis-nereis,Australian Fairy Tern,Sternula nereis nereis,bird,,,very_high,,,,,FALSE,,FALSE,,TRUE,https://www.dcceew.gov.au/sites/default/files/documents/national-risk-scores-h5-bird-flu-native-birds-mammals.pdf,in_progress,https://biodiversity.org.au/afd/taxa/5603b0c9-01b3-4e76-97ec-ab9761794b42,,,,,No summary available on Wikipedia for this species.,Wikipedia (https://en.wikipedia.org/wiki/Sternula_nereis_nereis),,,,done,
373,rostratula-benghalensis-sensu-lato,Australian Painted-Snipe,Rostratula benghalensis (sensu lato),bird,,,high,,,,,FALSE,,FALSE,,TRUE,https://www.dcceew.gov.au/sites/default/files/documents/national-risk-scores-h5-bird-flu-native-birds-mammals.pdf,in_progress,https://biodiversity.org.au/afd/taxa/718be3ba-4468-4591-b079-23326ac20d37,,,,,No summary available on Wikipedia for this species.,Wikipedia (https://en.wikipedia.org/wiki/Rostratula_benghalensis_%28sensu_lato%29),,,,done,
374,tursiops-aduncus,Long-beaked Bottle-nosed Dolphin,Tursiops aduncus,mammal,,,high,,,,,FALSE,,FALSE,,TRUE,https://www.dcceew.gov.au/sites/default/files/documents/national-risk-scores-h5-bird-flu-native-birds-mammals.pdf,in_progress,https://biodiversity.org.au/afd/taxa/46b0789b-9609-4424-8e7f-96b6b39f3b86,,,,,"The Indo-Pacific bottlenose dolphin (Tursiops aduncus) is a species of bottlenose dolphin.  This dolphin grows to 2.6 m (8.5 ft) long, and weighs up to 230 kg (510 lb). It lives in the waters around India, northern Australia, South China, the Red Sea, and the eastern coast of Africa. Its back is dark grey and its belly is lighter grey or nearly white with grey spots.
The Indo-Pacific bottlenose dolphin is generally smaller than the common bottlenose dolphin, has a proportionately longer rostrum, and has spots on its belly and lower sides. It also has more teeth than the common bottlenose dolphin — 23 to 29 teeth on each side of each jaw compared to 21 to 24 for the common bottlenose dolphin.
Much of the old scientific data in the field combine data about the Indo-Pacific bottlenose dolphin and the common bottlenose dolphin into a single group, making it effectively useless in determining the structural differences between the two species. The IUCN lists the Indo-Pacific bottlenose dolphin as ""near threatened"" in their Red List of endangered species.",Wikipedia (https://en.wikipedia.org/wiki/Tursiops_aduncus),https://images.ala.org.au/store/1/b/f/a/1bfabfec-c81a-45ce-b1ef-0153aadb0ece/thumbnail_large,Atlas of Living Australia (ALA) via https://bie.ala.org.au/species/,,done,
